-- MySQL dump 10.13  Distrib 8.0.19, for Linux (x86_64)
--
-- Host: localhost    Database: vk
-- ------------------------------------------------------
-- Server version	8.0.19

/*!40101 SET @OLD_CHARACTER_SET_CLIENT=@@CHARACTER_SET_CLIENT */;
/*!40101 SET @OLD_CHARACTER_SET_RESULTS=@@CHARACTER_SET_RESULTS */;
/*!40101 SET @OLD_COLLATION_CONNECTION=@@COLLATION_CONNECTION */;
/*!50503 SET NAMES utf8mb4 */;
/*!40103 SET @OLD_TIME_ZONE=@@TIME_ZONE */;
/*!40103 SET TIME_ZONE='+00:00' */;
/*!40014 SET @OLD_UNIQUE_CHECKS=@@UNIQUE_CHECKS, UNIQUE_CHECKS=0 */;
/*!40014 SET @OLD_FOREIGN_KEY_CHECKS=@@FOREIGN_KEY_CHECKS, FOREIGN_KEY_CHECKS=0 */;
/*!40101 SET @OLD_SQL_MODE=@@SQL_MODE, SQL_MODE='NO_AUTO_VALUE_ON_ZERO' */;
/*!40111 SET @OLD_SQL_NOTES=@@SQL_NOTES, SQL_NOTES=0 */;

--
-- Table structure for table `communities`
--

DROP TABLE IF EXISTS `communities`;
/*!40101 SET @saved_cs_client     = @@character_set_client */;
/*!50503 SET character_set_client = utf8mb4 */;
CREATE TABLE `communities` (
  `id` int unsigned NOT NULL AUTO_INCREMENT,
  `name` varchar(150) CHARACTER SET utf8 COLLATE utf8_unicode_ci NOT NULL,
  `created_at` datetime DEFAULT NULL,
  PRIMARY KEY (`id`),
  UNIQUE KEY `name` (`name`)
) ENGINE=InnoDB AUTO_INCREMENT=101 DEFAULT CHARSET=utf8 COLLATE=utf8_unicode_ci;
/*!40101 SET character_set_client = @saved_cs_client */;

--
-- Dumping data for table `communities`
--

LOCK TABLES `communities` WRITE;
/*!40000 ALTER TABLE `communities` DISABLE KEYS */;
INSERT INTO `communities` VALUES (1,'qui','2011-09-22 05:38:24'),(2,'quis','2011-02-18 17:06:55'),(3,'deleniti','2011-06-29 00:39:24'),(4,'suscipit','2011-01-21 18:56:15'),(5,'praesentium','2011-10-23 00:43:03'),(6,'modi','2011-11-17 13:46:30'),(7,'eos','2011-12-20 21:43:22'),(8,'expedita','2011-03-21 19:17:23'),(9,'molestias','2011-03-07 07:16:50'),(10,'sunt','2011-03-29 03:32:03'),(11,'quam','2011-08-28 15:49:45'),(12,'cum','2011-07-28 19:32:36'),(13,'facilis','2011-11-22 00:13:46'),(14,'harum','2011-09-28 18:31:05'),(15,'debitis','2011-01-15 14:54:05'),(16,'itaque','2011-12-19 21:57:12'),(17,'et','2011-09-22 18:03:48'),(18,'voluptatem','2011-09-22 20:27:24'),(19,'sed','2011-06-15 23:05:37'),(20,'nihil','2011-02-05 04:05:55');
/*!40000 ALTER TABLE `communities` ENABLE KEYS */;
UNLOCK TABLES;

--
-- Table structure for table `communities_users`
--

DROP TABLE IF EXISTS `communities_users`;
/*!40101 SET @saved_cs_client     = @@character_set_client */;
/*!50503 SET character_set_client = utf8mb4 */;
CREATE TABLE `communities_users` (
  `community_id` int unsigned NOT NULL,
  `user_id` int unsigned NOT NULL,
  PRIMARY KEY (`community_id`,`user_id`)
) ENGINE=InnoDB DEFAULT CHARSET=utf8 COLLATE=utf8_unicode_ci;
/*!40101 SET character_set_client = @saved_cs_client */;

--
-- Dumping data for table `communities_users`
--

LOCK TABLES `communities_users` WRITE;
/*!40000 ALTER TABLE `communities_users` DISABLE KEYS */;
INSERT INTO `communities_users` VALUES (2,14),(2,15),(2,17),(2,71),(2,73),(2,91),(2,131),(2,133),(3,43),(3,45),(3,115),(3,139),(4,16),(4,17),(4,38),(4,40),(4,81),(4,103),(4,137),(4,141),(5,2),(5,5),(5,16),(5,31),(5,97),(5,111),(6,3),(6,11),(6,31),(6,45),(6,47),(6,94),(6,129),(6,149),(7,81),(8,23),(8,65),(8,107),(8,117),(8,139),(9,20),(9,31),(9,61),(9,70),(9,87),(9,106),(9,119),(9,120),(9,134),(10,12),(10,16),(10,50),(10,66),(10,115),(10,127),(11,40),(11,46),(11,91),(11,120),(11,124),(11,143),(12,60),(13,1),(13,63),(13,126),(14,45),(14,60),(14,110),(14,118),(14,145),(14,146),(15,48),(15,58),(15,60),(15,101),(15,113),(15,117),(15,140),(16,13),(16,18),(16,95),(17,11),(17,26),(17,31),(17,36),(17,44),(17,90),(18,5),(18,55),(18,62),(18,100),(19,43),(19,48),(19,69),(20,5),(20,12),(20,68),(20,82),(20,95),(20,119);
/*!40000 ALTER TABLE `communities_users` ENABLE KEYS */;
UNLOCK TABLES;

--
-- Table structure for table `friendship`
--

DROP TABLE IF EXISTS `friendship`;
/*!40101 SET @saved_cs_client     = @@character_set_client */;
/*!50503 SET character_set_client = utf8mb4 */;
CREATE TABLE `friendship` (
  `user_id` int unsigned NOT NULL,
  `friend_id` int unsigned NOT NULL,
  `status_id` int unsigned NOT NULL,
  `requested_at` datetime DEFAULT CURRENT_TIMESTAMP,
  `confirmed_at` datetime DEFAULT NULL,
  PRIMARY KEY (`user_id`,`friend_id`)
) ENGINE=InnoDB DEFAULT CHARSET=utf8 COLLATE=utf8_unicode_ci;
/*!40101 SET character_set_client = @saved_cs_client */;

--
-- Dumping data for table `friendship`
--

LOCK TABLES `friendship` WRITE;
/*!40000 ALTER TABLE `friendship` DISABLE KEYS */;
INSERT INTO `friendship` VALUES (1,59,2,'2020-01-21 03:49:41','2020-03-18 00:50:59'),(2,133,3,'2019-06-02 08:10:55','2020-04-03 12:06:24'),(3,142,1,'2020-03-31 07:57:07','2020-04-03 12:06:24'),(4,36,1,'2019-08-13 23:17:39','2020-03-13 17:30:45'),(5,63,1,'2020-02-13 00:26:33','2020-04-03 12:06:24'),(6,14,3,'2019-10-07 14:17:15','2020-04-03 12:06:24'),(7,48,1,'2019-03-31 16:43:56','2019-11-25 11:08:13'),(8,74,1,'2019-10-05 00:51:47','2020-04-03 12:06:24'),(9,30,3,'2019-09-09 12:44:57','2020-04-03 12:06:24'),(10,107,2,'2019-09-29 15:59:04','2020-04-03 12:06:24'),(11,51,1,'2019-09-28 14:19:30','2020-04-03 12:06:24'),(12,70,1,'2019-08-05 14:53:50','2020-04-03 12:06:24'),(13,3,2,'2019-07-19 11:44:43','2019-08-05 02:22:33'),(14,73,2,'2020-02-18 13:12:24','2020-04-03 12:06:24'),(15,32,2,'2019-06-07 01:20:42','2019-11-22 07:23:53'),(16,113,1,'2019-08-22 11:29:30','2019-10-27 07:43:54'),(17,111,1,'2019-06-23 11:35:23','2019-10-20 11:46:02'),(18,57,3,'2019-06-27 14:33:27','2019-08-14 19:17:51'),(19,1,1,'2019-10-19 04:34:16','2019-11-09 23:27:27'),(20,118,3,'2019-07-22 17:42:29','2020-04-03 12:06:24'),(21,77,3,'2019-11-11 23:34:48','2020-04-03 12:06:24'),(22,139,2,'2019-05-03 04:08:48','2019-11-07 12:36:54'),(23,10,3,'2019-08-22 21:18:23','2019-11-27 05:25:09'),(24,49,3,'2019-05-23 09:58:20','2019-12-16 21:29:09'),(25,34,2,'2019-10-24 15:23:05','2019-11-07 05:11:31'),(26,91,3,'2019-08-14 11:38:21','2020-04-03 12:06:24'),(27,4,1,'2019-11-26 05:29:38','2020-01-29 10:48:43'),(28,26,2,'2019-12-01 23:10:26','2020-04-03 12:06:24'),(29,116,3,'2019-07-04 19:16:06','2019-11-05 17:47:04'),(30,145,2,'2019-10-04 12:59:19','2020-04-03 12:06:24'),(31,32,3,'2019-11-19 04:45:59','2019-12-12 06:16:36'),(32,68,3,'2019-11-17 11:21:50','2020-04-03 12:06:24'),(33,39,1,'2020-02-12 05:52:54','2020-04-03 12:06:24'),(34,72,1,'2020-02-19 01:35:38','2020-04-03 12:06:24'),(35,143,2,'2020-01-08 13:07:38','2020-04-03 12:06:24'),(36,112,3,'2019-10-10 22:11:41','2019-12-17 07:42:14'),(37,127,1,'2019-08-27 20:05:17','2020-04-03 12:06:24'),(38,103,3,'2019-05-24 12:37:37','2019-11-21 22:37:46'),(39,135,3,'2019-10-19 11:29:52','2020-02-16 22:56:34'),(40,83,1,'2020-02-26 22:18:31','2020-04-03 12:06:24'),(41,8,3,'2019-05-28 19:27:51','2019-11-24 06:02:57'),(42,79,1,'2019-12-14 10:10:32','2020-04-03 12:06:24'),(43,16,2,'2019-04-23 20:15:08','2020-01-06 07:34:19'),(44,144,3,'2019-11-03 15:17:56','2020-03-21 02:59:40'),(45,75,3,'2019-06-07 20:52:43','2020-04-03 12:06:24'),(46,102,3,'2019-08-22 22:39:36','2019-08-27 08:32:02'),(47,17,2,'2019-08-15 01:37:53','2020-04-03 12:06:24'),(48,115,2,'2019-12-25 12:01:38','2020-04-03 12:06:24'),(49,88,2,'2020-01-16 11:44:30','2020-02-08 08:16:27'),(50,19,1,'2019-09-18 20:50:25','2019-09-25 05:56:37'),(51,131,2,'2019-10-04 01:29:34','2020-04-03 12:06:24'),(52,7,3,'2019-09-24 13:40:24','2020-02-27 22:29:34'),(53,124,2,'2019-05-12 02:05:40','2020-01-19 18:06:23'),(54,6,1,'2019-04-17 05:25:47','2019-11-25 01:55:56'),(55,101,2,'2019-10-11 17:55:10','2020-04-03 12:06:24'),(56,25,1,'2020-02-23 17:59:01','2020-04-03 12:06:24'),(57,85,2,'2020-03-13 00:51:44','2020-04-03 12:06:24'),(58,121,3,'2019-05-26 22:13:51','2019-09-09 05:27:13'),(59,47,3,'2019-05-01 06:13:13','2019-10-28 00:36:08'),(60,93,3,'2019-10-17 20:17:15','2020-04-03 12:06:24'),(61,126,2,'2019-08-29 17:53:58','2019-09-19 04:17:18'),(62,106,2,'2019-12-03 07:10:00','2020-04-03 12:06:24'),(63,149,1,'2019-09-19 15:52:11','2020-03-28 11:11:18'),(64,20,3,'2019-06-28 03:28:20','2020-01-21 02:52:18'),(65,150,1,'2019-06-29 13:28:38','2020-04-03 12:06:24'),(66,37,1,'2019-05-17 01:25:12','2019-10-20 00:12:34'),(67,11,3,'2019-04-05 15:19:48','2020-03-06 16:15:49'),(68,134,1,'2019-05-24 11:06:32','2020-02-18 22:40:26'),(69,96,3,'2019-04-05 22:18:33','2019-10-29 13:16:36'),(70,99,3,'2019-10-05 18:36:06','2020-04-03 12:06:24'),(71,24,3,'2020-03-11 11:28:33','2020-04-03 12:06:24'),(72,81,3,'2019-12-23 05:07:42','2020-04-03 12:06:24'),(73,58,3,'2020-03-09 15:52:37','2020-04-03 12:06:24'),(74,12,3,'2020-02-02 03:25:54','2020-04-03 12:06:24'),(75,105,3,'2019-12-04 10:41:34','2020-04-03 12:06:24'),(76,22,1,'2019-07-26 17:05:57','2019-10-28 05:33:55'),(77,60,3,'2019-07-16 21:01:20','2020-02-07 15:57:55'),(78,136,1,'2019-06-07 04:21:45','2020-04-03 12:06:24'),(79,104,3,'2019-08-03 07:36:33','2020-02-19 17:08:39'),(80,20,2,'2019-09-11 22:50:04','2020-02-27 21:30:06'),(81,56,2,'2020-02-11 11:23:56','2020-04-03 12:06:24'),(82,52,2,'2019-12-14 03:00:15','2020-04-03 12:06:24'),(83,148,2,'2019-09-22 01:30:50','2019-11-25 03:46:58'),(84,100,3,'2019-12-30 14:34:54','2020-04-03 12:06:24'),(85,82,1,'2020-02-19 20:31:52','2020-04-03 12:06:24'),(86,141,3,'2019-12-11 18:46:55','2020-04-03 12:06:24'),(87,123,2,'2019-09-28 08:52:06','2020-04-03 12:06:24'),(88,97,1,'2019-07-28 03:22:43','2020-03-10 04:17:13'),(89,55,1,'2019-10-16 09:50:01','2019-12-09 07:40:03'),(90,54,1,'2019-07-23 09:42:29','2020-04-03 12:06:24'),(91,87,3,'2019-11-30 17:39:56','2020-04-03 12:06:24'),(92,5,3,'2019-10-08 12:40:41','2020-04-03 12:06:24'),(93,21,2,'2019-06-27 17:27:33','2020-03-22 18:22:50'),(94,71,2,'2019-10-23 19:07:09','2019-11-18 07:11:43'),(95,92,2,'2019-12-16 15:12:36','2020-03-31 05:05:06'),(96,117,3,'2019-07-23 15:07:03','2019-08-27 12:26:52'),(97,147,1,'2020-01-16 16:41:30','2020-04-03 12:06:24'),(98,23,1,'2020-02-05 02:56:44','2020-04-03 12:06:24'),(99,140,1,'2019-09-01 00:45:01','2020-03-11 18:05:50'),(100,46,2,'2019-06-03 10:55:00','2020-03-05 18:56:29'),(101,15,3,'2019-07-28 01:42:04','2020-03-02 19:43:15'),(102,86,1,'2019-08-29 21:08:53','2019-09-18 10:17:49'),(103,108,3,'2019-04-27 09:25:12','2019-07-14 12:08:55'),(104,43,1,'2019-10-03 19:59:04','2020-03-31 01:13:53'),(105,9,3,'2019-10-25 11:18:44','2019-12-23 08:41:27'),(106,65,1,'2020-02-21 15:32:30','2020-04-03 12:06:24'),(107,27,3,'2019-08-16 08:55:00','2020-02-22 10:05:11'),(108,62,1,'2020-02-22 02:23:44','2020-04-03 12:06:24'),(109,33,2,'2019-10-10 09:19:40','2020-04-03 12:06:24'),(110,18,1,'2020-02-25 17:48:12','2020-04-03 12:06:24'),(111,84,1,'2019-06-15 22:41:03','2019-11-26 20:32:27'),(112,114,3,'2019-08-02 12:20:12','2020-04-03 12:06:24'),(113,146,1,'2019-08-24 13:40:34','2020-04-03 12:06:24'),(114,13,2,'2019-07-18 14:43:34','2020-04-03 12:06:24'),(115,38,3,'2020-03-02 17:17:02','2020-04-03 12:06:24'),(116,90,1,'2019-06-26 02:45:29','2019-07-20 10:46:09'),(117,130,2,'2019-06-25 20:37:34','2019-09-04 10:37:48'),(118,80,3,'2019-09-04 12:55:01','2020-03-20 18:21:00'),(119,89,3,'2019-07-02 10:48:59','2019-08-20 19:58:16'),(120,53,3,'2019-08-24 23:42:51','2020-04-03 12:06:24');
/*!40000 ALTER TABLE `friendship` ENABLE KEYS */;
UNLOCK TABLES;

--
-- Table structure for table `friendship_statuses`
--

DROP TABLE IF EXISTS `friendship_statuses`;
/*!40101 SET @saved_cs_client     = @@character_set_client */;
/*!50503 SET character_set_client = utf8mb4 */;
CREATE TABLE `friendship_statuses` (
  `id` int unsigned NOT NULL AUTO_INCREMENT,
  `name` varchar(150) CHARACTER SET utf8 COLLATE utf8_unicode_ci NOT NULL,
  PRIMARY KEY (`id`),
  UNIQUE KEY `name` (`name`)
) ENGINE=InnoDB AUTO_INCREMENT=4 DEFAULT CHARSET=utf8 COLLATE=utf8_unicode_ci;
/*!40101 SET character_set_client = @saved_cs_client */;

--
-- Dumping data for table `friendship_statuses`
--

LOCK TABLES `friendship_statuses` WRITE;
/*!40000 ALTER TABLE `friendship_statuses` DISABLE KEYS */;
INSERT INTO `friendship_statuses` VALUES (1,'Accepted'),(3,'Rejected'),(2,'Requested');
/*!40000 ALTER TABLE `friendship_statuses` ENABLE KEYS */;
UNLOCK TABLES;

--
-- Table structure for table `media`
--

DROP TABLE IF EXISTS `media`;
/*!40101 SET @saved_cs_client     = @@character_set_client */;
/*!50503 SET character_set_client = utf8mb4 */;
CREATE TABLE `media` (
  `id` int unsigned NOT NULL AUTO_INCREMENT,
  `media_type_id` int unsigned NOT NULL,
  `user_id` int unsigned NOT NULL,
  `file_path` varchar(255) CHARACTER SET utf8 COLLATE utf8_unicode_ci NOT NULL,
  `size` int NOT NULL,
  `metadata` json DEFAULT NULL,
  `created_at` datetime DEFAULT CURRENT_TIMESTAMP,
  `updated_at` datetime DEFAULT CURRENT_TIMESTAMP ON UPDATE CURRENT_TIMESTAMP,
  PRIMARY KEY (`id`)
) ENGINE=InnoDB AUTO_INCREMENT=501 DEFAULT CHARSET=utf8 COLLATE=utf8_unicode_ci;
/*!40101 SET character_set_client = @saved_cs_client */;

--
-- Dumping data for table `media`
--

LOCK TABLES `media` WRITE;
/*!40000 ALTER TABLE `media` DISABLE KEYS */;
INSERT INTO `media` VALUES (1,1,1,'http://onedrive/vk/file_2848',7278,'{\"owner\": \"Gerardo Flatley\"}','2019-11-22 20:52:37','2020-04-03 11:52:05'),(2,1,3,'http://onedrive/vk/file_7385',5764091,'{\"owner\": \"Garret Rohan\"}','2019-11-02 08:14:19','2020-04-03 11:52:05'),(3,1,3,'http://onedrive/vk/file_9384',44489037,'{\"owner\": \"Cierra Koss\"}','2019-10-18 01:38:21','2020-04-03 11:52:05'),(4,2,1,'http://onedrive/vk/file_5769',3132872,'{\"owner\": \"Hettie Stanton\"}','2019-09-17 23:31:12','2020-04-03 11:52:05'),(5,1,2,'http://onedrive/vk/file_8689',506417,'{\"owner\": \"Larue Bergstrom\"}','2019-05-18 10:07:49','2020-04-03 11:52:05'),(6,2,1,'http://onedrive/vk/file_7142',51594350,'{\"owner\": \"Danielle Hansen\"}','2019-12-25 02:26:25','2020-04-03 11:52:05'),(7,1,1,'http://onedrive/vk/file_8645',593261,'{\"owner\": \"Eusebio Walter\"}','2020-03-30 06:10:35','2020-04-03 11:52:05'),(8,2,3,'http://onedrive/vk/file_2798',9965,'{\"owner\": \"Larue Bergstrom\"}','2019-08-19 02:43:45','2020-04-03 11:52:05'),(9,1,2,'http://onedrive/vk/file_5057',537057,'{\"owner\": \"Issac Kreiger\"}','2019-04-24 13:57:01','2020-04-03 11:52:05'),(10,2,3,'http://onedrive/vk/file_6892',895502,'{\"owner\": \"Berneice Hoppe\"}','2020-01-13 09:25:46','2020-04-03 11:52:05'),(11,2,1,'http://onedrive/vk/file_9288',66308265,'{\"owner\": \"Lori Purdy\"}','2019-04-22 13:46:28','2020-04-03 11:52:05'),(12,1,3,'http://onedrive/vk/file_6768',156343,'{\"owner\": \"Meghan Cole\"}','2019-05-05 08:26:20','2020-04-03 11:52:05'),(13,1,1,'http://onedrive/vk/file_4977',5972863,'{\"owner\": \"Milan Casper\"}','2020-03-24 00:25:26','2020-04-03 11:52:05'),(14,1,2,'http://onedrive/vk/file_3582',785208,'{\"owner\": \"Zola Moen\"}','2019-06-22 20:42:29','2020-04-03 11:52:05'),(15,1,1,'http://onedrive/vk/file_1978',747018,'{\"owner\": \"Velma Hessel\"}','2020-01-26 02:35:23','2020-04-03 11:52:05'),(16,1,1,'http://onedrive/vk/file_7142',469466,'{\"owner\": \"Celine Cummerata\"}','2019-03-31 22:19:30','2020-04-03 11:52:05'),(17,2,3,'http://onedrive/vk/file_1781',8124,'{\"owner\": \"Garry Maggio\"}','2019-04-26 12:29:39','2020-04-03 11:52:05'),(18,1,3,'http://onedrive/vk/file_4479',77518986,'{\"owner\": \"Zola Moen\"}','2019-05-13 21:55:49','2020-04-03 11:52:05'),(19,1,2,'http://onedrive/vk/file_7051',96277,'{\"owner\": \"Laurianne Fahey\"}','2019-09-02 19:17:54','2020-04-03 11:52:05'),(20,1,3,'http://onedrive/vk/file_2821',862986,'{\"owner\": \"Moriah Schuppe\"}','2019-07-13 14:17:27','2020-04-03 11:52:05'),(21,2,2,'http://onedrive/vk/file_9952',6749330,'{\"owner\": \"Giles Cruickshank\"}','2020-01-29 23:34:18','2020-04-03 11:52:05'),(22,1,1,'http://onedrive/vk/file_4299',296368836,'{\"owner\": \"Moriah Schuppe\"}','2019-10-06 06:35:06','2020-04-03 11:52:05'),(23,1,2,'http://onedrive/vk/file_8641',2389580,'{\"owner\": \"Dayton Schamberger\"}','2020-01-07 01:01:27','2020-04-03 11:52:05'),(24,1,3,'http://onedrive/vk/file_2308',62509,'{\"owner\": \"Holly Zboncak\"}','2020-03-23 12:08:04','2020-04-03 11:52:05'),(25,2,1,'http://onedrive/vk/file_2616',618107125,'{\"owner\": \"Justus Luettgen\"}','2019-06-04 01:30:05','2020-04-03 11:52:05'),(26,2,3,'http://onedrive/vk/file_5158',416105,'{\"owner\": \"Fabian Quitzon\"}','2020-02-09 07:39:08','2020-04-03 11:52:05'),(27,1,1,'http://onedrive/vk/file_7942',381566,'{\"owner\": \"Kole Satterfield\"}','2019-10-30 19:49:51','2020-04-03 11:52:05'),(28,1,3,'http://onedrive/vk/file_5237',649517,'{\"owner\": \"Missouri King\"}','2020-02-20 11:37:28','2020-04-03 11:52:05'),(29,1,1,'http://onedrive/vk/file_1361',3403780,'{\"owner\": \"Kim Raynor\"}','2019-08-14 18:39:02','2020-04-03 11:52:05'),(30,1,2,'http://onedrive/vk/file_8094',43172429,'{\"owner\": \"Jessie Maggio\"}','2020-02-20 21:04:43','2020-04-03 11:52:05'),(31,2,3,'http://onedrive/vk/file_8389',37522,'{\"owner\": \"Fleta Kunde\"}','2020-03-09 18:47:05','2020-04-03 11:52:05'),(32,1,1,'http://onedrive/vk/file_7667',292893,'{\"owner\": \"Zena Runte\"}','2019-11-11 14:42:44','2020-04-03 11:52:05'),(33,2,1,'http://onedrive/vk/file_3166',405913,'{\"owner\": \"Morris Swift\"}','2019-05-13 18:22:03','2020-04-03 11:52:05'),(34,2,3,'http://onedrive/vk/file_9829',669842,'{\"owner\": \"Celine Cummerata\"}','2019-04-13 13:53:12','2020-04-03 11:52:05'),(35,1,2,'http://onedrive/vk/file_2653',9668864,'{\"owner\": \"Kristopher Mills\"}','2019-11-04 13:57:54','2020-04-03 11:52:05'),(36,2,2,'http://onedrive/vk/file_9775',5491,'{\"owner\": \"Diana Predovic\"}','2019-10-23 07:55:17','2020-04-03 11:52:05'),(37,1,2,'http://onedrive/vk/file_3921',32174138,'{\"owner\": \"Mina Wolf\"}','2019-09-18 21:13:51','2020-04-03 11:52:05'),(38,2,2,'http://onedrive/vk/file_7279',28677,'{\"owner\": \"Martine Klein\"}','2019-11-10 15:23:41','2020-04-03 11:52:05'),(39,1,2,'http://onedrive/vk/file_5632',4525750,'{\"owner\": \"Jayce Wolf\"}','2019-04-15 08:27:01','2020-04-03 11:52:05'),(40,2,2,'http://onedrive/vk/file_5325',240890,'{\"owner\": \"Jan Ritchie\"}','2019-11-11 01:56:42','2020-04-03 11:52:05'),(41,1,3,'http://onedrive/vk/file_8728',7658605,'{\"owner\": \"Ellis Konopelski\"}','2019-11-08 22:00:04','2020-04-03 11:52:05'),(42,2,3,'http://onedrive/vk/file_8667',876711,'{\"owner\": \"Issac Kreiger\"}','2019-09-02 23:23:35','2020-04-03 11:52:05'),(43,2,3,'http://onedrive/vk/file_7154',7240,'{\"owner\": \"Janiya Yundt\"}','2019-07-24 14:25:25','2020-04-03 11:52:05'),(44,2,1,'http://onedrive/vk/file_8770',309789,'{\"owner\": \"Declan Gerhold\"}','2019-04-26 12:16:15','2020-04-03 11:52:05'),(45,1,1,'http://onedrive/vk/file_3390',50889,'{\"owner\": \"Jacklyn Kuhlman\"}','2019-06-21 23:07:12','2020-04-03 11:52:05'),(46,1,1,'http://onedrive/vk/file_7640',314312,'{\"owner\": \"Tad Langosh\"}','2019-12-24 02:50:56','2020-04-03 11:52:05'),(47,1,3,'http://onedrive/vk/file_9033',277516,'{\"owner\": \"Berneice Hoppe\"}','2019-05-26 01:09:56','2020-04-03 11:52:05'),(48,2,1,'http://onedrive/vk/file_3248',29005875,'{\"owner\": \"Missouri King\"}','2020-02-16 02:59:39','2020-04-03 11:52:05'),(49,1,3,'http://onedrive/vk/file_6140',324783180,'{\"owner\": \"Kaleb Sanford\"}','2020-02-22 15:00:18','2020-04-03 11:52:05'),(50,1,1,'http://onedrive/vk/file_1956',734786323,'{\"owner\": \"Roslyn Bahringer\"}','2019-04-27 01:00:20','2020-04-03 11:52:05'),(51,1,2,'http://onedrive/vk/file_8361',508897,'{\"owner\": \"Issac Kreiger\"}','2019-07-15 02:42:19','2020-04-03 11:52:05'),(52,2,1,'http://onedrive/vk/file_7940',691548,'{\"owner\": \"Leo Prosacco\"}','2020-02-26 22:33:13','2020-04-03 11:52:05'),(53,1,2,'http://onedrive/vk/file_4616',46989,'{\"owner\": \"Braulio Barton\"}','2019-04-01 21:31:42','2020-04-03 11:52:05'),(54,1,3,'http://onedrive/vk/file_7263',353901,'{\"owner\": \"Laurianne Fahey\"}','2019-10-09 02:36:51','2020-04-03 11:52:05'),(55,2,3,'http://onedrive/vk/file_3467',555064853,'{\"owner\": \"Jessie Maggio\"}','2019-05-17 14:38:28','2020-04-03 11:52:05'),(56,1,3,'http://onedrive/vk/file_3546',26502158,'{\"owner\": \"Vanessa Bruen\"}','2020-03-16 19:29:51','2020-04-03 11:52:05'),(57,1,1,'http://onedrive/vk/file_6329',35897,'{\"owner\": \"Gerardo Flatley\"}','2019-12-12 01:14:33','2020-04-03 11:52:05'),(58,1,3,'http://onedrive/vk/file_2009',121055,'{\"owner\": \"Giles Cruickshank\"}','2020-03-23 02:26:13','2020-04-03 11:52:05'),(59,2,1,'http://onedrive/vk/file_8057',5549780,'{\"owner\": \"Laurine Tillman\"}','2019-07-14 22:01:33','2020-04-03 11:52:05'),(60,1,1,'http://onedrive/vk/file_6260',298712355,'{\"owner\": \"Beaulah McDermott\"}','2019-11-25 03:50:43','2020-04-03 11:52:05'),(61,2,3,'http://onedrive/vk/file_6130',671280360,'{\"owner\": \"Lelah Sipes\"}','2019-09-04 04:09:23','2020-04-03 11:52:05'),(62,1,3,'http://onedrive/vk/file_1872',320632,'{\"owner\": \"Martine Klein\"}','2019-11-19 21:51:46','2020-04-03 11:52:05'),(63,1,2,'http://onedrive/vk/file_7969',329995,'{\"owner\": \"Moriah Deckow\"}','2019-09-04 18:50:40','2020-04-03 11:52:05'),(64,1,2,'http://onedrive/vk/file_6230',3145062,'{\"owner\": \"Mercedes Purdy\"}','2019-07-27 22:05:27','2020-04-03 11:52:05'),(65,2,2,'http://onedrive/vk/file_6247',678080,'{\"owner\": \"Wendell Keebler\"}','2020-01-28 18:05:27','2020-04-03 11:52:05'),(66,1,1,'http://onedrive/vk/file_2543',44612975,'{\"owner\": \"Braulio Barton\"}','2019-07-03 07:29:11','2020-04-03 11:52:05'),(67,2,3,'http://onedrive/vk/file_1975',9644085,'{\"owner\": \"Ilene Tromp\"}','2019-08-27 15:02:57','2020-04-03 11:52:05'),(68,2,1,'http://onedrive/vk/file_1247',680419,'{\"owner\": \"Milan Casper\"}','2020-01-09 13:23:46','2020-04-03 11:52:05'),(69,1,3,'http://onedrive/vk/file_8310',590420,'{\"owner\": \"Bernadette Spinka\"}','2019-10-22 03:06:07','2020-04-03 11:52:05'),(70,1,1,'http://onedrive/vk/file_9812',907862,'{\"owner\": \"Maud Boyle\"}','2019-11-11 00:08:28','2020-04-03 11:52:05'),(71,1,3,'http://onedrive/vk/file_5133',58053,'{\"owner\": \"Lonnie Botsford\"}','2020-03-10 22:06:21','2020-04-03 11:52:05'),(72,1,3,'http://onedrive/vk/file_4230',76256,'{\"owner\": \"Lori Purdy\"}','2019-08-27 21:25:34','2020-04-03 11:52:05'),(73,2,1,'http://onedrive/vk/file_4751',37605,'{\"owner\": \"Stan Padberg\"}','2019-04-25 05:42:05','2020-04-03 11:52:05'),(74,1,1,'http://onedrive/vk/file_1067',256679,'{\"owner\": \"Rachel Hagenes\"}','2019-08-08 06:55:35','2020-04-03 11:52:05'),(75,1,3,'http://onedrive/vk/file_8079',199238,'{\"owner\": \"Leo Prosacco\"}','2019-10-08 03:21:48','2020-04-03 11:52:05'),(76,2,1,'http://onedrive/vk/file_9196',55862415,'{\"owner\": \"Ericka Flatley\"}','2019-07-12 23:40:27','2020-04-03 11:52:05'),(77,2,3,'http://onedrive/vk/file_2747',802456195,'{\"owner\": \"Lesley Barton\"}','2019-11-28 05:13:48','2020-04-03 11:52:05'),(78,1,3,'http://onedrive/vk/file_3147',3839480,'{\"owner\": \"Edna Kirlin\"}','2020-03-22 06:23:21','2020-04-03 11:52:05'),(79,1,3,'http://onedrive/vk/file_6492',44805931,'{\"owner\": \"Celine Cummerata\"}','2019-09-01 04:38:13','2020-04-03 11:52:05'),(80,2,2,'http://onedrive/vk/file_4024',4971258,'{\"owner\": \"Barney Prosacco\"}','2019-11-09 19:25:13','2020-04-03 11:52:05'),(81,2,3,'http://onedrive/vk/file_8643',216153,'{\"owner\": \"Hailee Ullrich\"}','2020-02-27 04:36:07','2020-04-03 11:52:05'),(82,2,1,'http://onedrive/vk/file_3148',363415,'{\"owner\": \"Eusebio Walter\"}','2019-11-02 00:37:27','2020-04-03 11:52:05'),(83,2,2,'http://onedrive/vk/file_6807',1793366,'{\"owner\": \"Mina Wolf\"}','2019-07-22 01:20:38','2020-04-03 11:52:05'),(84,2,3,'http://onedrive/vk/file_5594',473054,'{\"owner\": \"Eusebio Walter\"}','2019-05-16 10:32:03','2020-04-03 11:52:05'),(85,1,1,'http://onedrive/vk/file_6550',806811,'{\"owner\": \"Golden Howe\"}','2020-02-27 00:50:33','2020-04-03 11:52:05'),(86,1,3,'http://onedrive/vk/file_5968',804899,'{\"owner\": \"Kenneth Gusikowski\"}','2019-11-25 15:51:43','2020-04-03 11:52:05'),(87,2,1,'http://onedrive/vk/file_9192',206567,'{\"owner\": \"Era Mertz\"}','2019-12-21 06:52:49','2020-04-03 11:52:05'),(88,2,1,'http://onedrive/vk/file_9056',694063,'{\"owner\": \"Carolyne Marvin\"}','2019-04-12 20:15:44','2020-04-03 11:52:05'),(89,2,1,'http://onedrive/vk/file_7709',145621,'{\"owner\": \"Cecelia Nolan\"}','2019-04-19 08:16:42','2020-04-03 11:52:05'),(90,1,3,'http://onedrive/vk/file_1376',435918,'{\"owner\": \"Bette Daugherty\"}','2019-08-05 16:22:01','2020-04-03 11:52:05'),(91,1,1,'http://onedrive/vk/file_9752',93854,'{\"owner\": \"Jayce Wolf\"}','2020-03-09 08:12:56','2020-04-03 11:52:05'),(92,1,2,'http://onedrive/vk/file_7637',832726,'{\"owner\": \"Diana Predovic\"}','2020-02-06 06:11:11','2020-04-03 11:52:05'),(93,1,2,'http://onedrive/vk/file_7928',145884,'{\"owner\": \"Era Mertz\"}','2020-01-10 01:22:26','2020-04-03 11:52:05'),(94,2,2,'http://onedrive/vk/file_6730',21239,'{\"owner\": \"Ocie Smitham\"}','2020-03-28 16:11:40','2020-04-03 11:52:05'),(95,1,1,'http://onedrive/vk/file_8866',558544,'{\"owner\": \"Aliza Fahey\"}','2019-12-28 07:34:32','2020-04-03 11:52:05'),(96,2,2,'http://onedrive/vk/file_5142',88766268,'{\"owner\": \"Hector Feil\"}','2019-12-07 09:18:22','2020-04-03 11:52:05'),(97,2,2,'http://onedrive/vk/file_7114',19007,'{\"owner\": \"Nedra Kutch\"}','2019-09-23 18:58:06','2020-04-03 11:52:05'),(98,1,1,'http://onedrive/vk/file_1145',622098,'{\"owner\": \"Mariam Herzog\"}','2019-06-30 17:05:34','2020-04-03 11:52:05'),(99,1,1,'http://onedrive/vk/file_1381',98942195,'{\"owner\": \"Lori Purdy\"}','2019-08-18 11:54:22','2020-04-03 11:52:05'),(100,1,1,'http://onedrive/vk/file_2472',209404,'{\"owner\": \"Lonnie Botsford\"}','2019-05-29 14:46:20','2020-04-03 11:52:05'),(101,1,2,'http://onedrive/vk/file_7217',28605820,'{\"owner\": \"Roslyn Bahringer\"}','2020-02-21 00:06:02','2020-04-03 11:52:05'),(102,2,2,'http://onedrive/vk/file_9671',324253263,'{\"owner\": \"Fleta Kunde\"}','2019-12-20 15:33:49','2020-04-03 11:52:05'),(103,1,2,'http://onedrive/vk/file_7706',54596433,'{\"owner\": \"Bette Daugherty\"}','2020-03-27 12:09:01','2020-04-03 11:52:05'),(104,1,1,'http://onedrive/vk/file_8520',139656,'{\"owner\": \"Raoul Johnson\"}','2019-05-16 09:19:43','2020-04-03 11:52:05'),(105,2,2,'http://onedrive/vk/file_9483',80001,'{\"owner\": \"Fabian Quitzon\"}','2019-10-15 02:18:55','2020-04-03 11:52:05'),(106,1,1,'http://onedrive/vk/file_2857',6651870,'{\"owner\": \"Alessandra Runolfsdottir\"}','2019-06-07 20:31:38','2020-04-03 11:52:05'),(107,2,3,'http://onedrive/vk/file_2833',9367,'{\"owner\": \"Jacklyn Kuhlman\"}','2019-06-08 14:44:57','2020-04-03 11:52:05'),(108,1,1,'http://onedrive/vk/file_4594',8042015,'{\"owner\": \"Era Mertz\"}','2019-07-12 11:34:43','2020-04-03 11:52:05'),(109,1,3,'http://onedrive/vk/file_4472',316992137,'{\"owner\": \"Jaden McKenzie\"}','2019-10-15 05:05:04','2020-04-03 11:52:05'),(110,1,3,'http://onedrive/vk/file_7578',6827,'{\"owner\": \"Elva Bednar\"}','2019-08-22 19:22:11','2020-04-03 11:52:05'),(111,2,3,'http://onedrive/vk/file_5477',661794,'{\"owner\": \"Krista Harber\"}','2020-03-04 22:05:27','2020-04-03 11:52:05'),(112,1,2,'http://onedrive/vk/file_3653',358970,'{\"owner\": \"Garret Rohan\"}','2020-03-20 12:08:48','2020-04-03 11:52:05'),(113,2,2,'http://onedrive/vk/file_9833',57291,'{\"owner\": \"Lori Purdy\"}','2019-12-28 06:55:47','2020-04-03 11:52:05'),(114,1,1,'http://onedrive/vk/file_1212',699471,'{\"owner\": \"Diana Predovic\"}','2020-03-07 04:56:08','2020-04-03 11:52:05'),(115,1,3,'http://onedrive/vk/file_2557',9795,'{\"owner\": \"Wendell Keebler\"}','2019-12-30 00:40:12','2020-04-03 11:52:05'),(116,1,1,'http://onedrive/vk/file_8151',14997617,'{\"owner\": \"Laurine Tillman\"}','2019-05-31 11:27:47','2020-04-03 11:52:05'),(117,2,2,'http://onedrive/vk/file_5088',256602,'{\"owner\": \"Ivah Beatty\"}','2020-01-30 05:39:41','2020-04-03 11:52:05'),(118,2,3,'http://onedrive/vk/file_8986',60265,'{\"owner\": \"Mario Koss\"}','2020-02-12 11:11:28','2020-04-03 11:52:05'),(119,1,1,'http://onedrive/vk/file_1667',859626,'{\"owner\": \"Ruthie Lynch\"}','2020-01-12 09:38:56','2020-04-03 11:52:05'),(120,2,3,'http://onedrive/vk/file_7377',31365,'{\"owner\": \"Leo Prosacco\"}','2019-09-08 13:43:22','2020-04-03 11:52:05'),(121,2,2,'http://onedrive/vk/file_3887',991173,'{\"owner\": \"Vanessa Bruen\"}','2019-08-01 02:04:32','2020-04-03 11:52:05'),(122,1,2,'http://onedrive/vk/file_5304',610447,'{\"owner\": \"Beaulah McDermott\"}','2019-08-23 02:08:34','2020-04-03 11:52:05'),(123,1,3,'http://onedrive/vk/file_4859',43827,'{\"owner\": \"Stan Padberg\"}','2020-01-16 02:02:32','2020-04-03 11:52:05'),(124,2,3,'http://onedrive/vk/file_7386',177790,'{\"owner\": \"Edna Kirlin\"}','2019-09-18 09:26:43','2020-04-03 11:52:05'),(125,2,1,'http://onedrive/vk/file_3355',6974802,'{\"owner\": \"Roslyn Bahringer\"}','2019-04-16 09:48:18','2020-04-03 11:52:05'),(126,2,1,'http://onedrive/vk/file_2614',95755571,'{\"owner\": \"Danielle Hansen\"}','2019-04-09 17:28:02','2020-04-03 11:52:05'),(127,2,3,'http://onedrive/vk/file_2009',117334536,'{\"owner\": \"Hettie Stanton\"}','2019-12-10 16:32:30','2020-04-03 11:52:05'),(128,2,1,'http://onedrive/vk/file_1201',10870478,'{\"owner\": \"Maybelle Keebler\"}','2019-05-06 10:49:56','2020-04-03 11:52:05'),(129,1,3,'http://onedrive/vk/file_7977',894486,'{\"owner\": \"Louie Feest\"}','2019-10-14 13:19:14','2020-04-03 11:52:05'),(130,1,1,'http://onedrive/vk/file_8288',747472,'{\"owner\": \"Ilene Tromp\"}','2019-07-22 17:12:52','2020-04-03 11:52:05'),(131,2,1,'http://onedrive/vk/file_7508',930729949,'{\"owner\": \"Cierra Koss\"}','2019-05-01 23:12:50','2020-04-03 11:52:05'),(132,2,1,'http://onedrive/vk/file_2676',63774,'{\"owner\": \"Sonya Fritsch\"}','2019-05-19 11:59:18','2020-04-03 11:52:05'),(133,2,1,'http://onedrive/vk/file_7858',14640,'{\"owner\": \"Mina Wolf\"}','2019-09-30 17:33:48','2020-04-03 11:52:05'),(134,1,2,'http://onedrive/vk/file_3264',449628,'{\"owner\": \"Athena Terry\"}','2019-12-20 12:58:36','2020-04-03 11:52:05'),(135,2,1,'http://onedrive/vk/file_9747',493994,'{\"owner\": \"Edna Kirlin\"}','2019-04-11 22:04:40','2020-04-03 11:52:05'),(136,2,3,'http://onedrive/vk/file_1944',217557,'{\"owner\": \"Monserrate Cruickshank\"}','2019-09-11 12:58:09','2020-04-03 11:52:05'),(137,2,1,'http://onedrive/vk/file_6478',61170,'{\"owner\": \"Holden Deckow\"}','2019-09-02 09:50:04','2020-04-03 11:52:05'),(138,1,1,'http://onedrive/vk/file_7559',16771,'{\"owner\": \"Alexander Crooks\"}','2019-12-17 13:15:10','2020-04-03 11:52:05'),(139,2,1,'http://onedrive/vk/file_8365',2256153,'{\"owner\": \"Ellis Konopelski\"}','2019-04-28 03:49:23','2020-04-03 11:49:22'),(140,1,3,'http://onedrive/vk/file_9150',495802,'{\"owner\": \"Holly Bergstrom\"}','2020-02-29 08:48:47','2020-04-03 11:52:05'),(141,2,2,'http://onedrive/vk/file_1658',16343,'{\"owner\": \"Mina Wolf\"}','2020-02-10 08:58:20','2020-04-03 11:52:05'),(142,1,2,'http://onedrive/vk/file_6838',384308,'{\"owner\": \"Edna Kirlin\"}','2019-04-04 07:03:10','2020-04-03 11:52:05'),(143,2,1,'http://onedrive/vk/file_1218',801303885,'{\"owner\": \"Fleta Kunde\"}','2019-08-19 14:58:37','2020-04-03 11:52:05'),(144,2,2,'http://onedrive/vk/file_2575',53370,'{\"owner\": \"Leonor Hills\"}','2019-07-09 04:38:01','2020-04-03 11:52:05'),(145,1,3,'http://onedrive/vk/file_8222',62517,'{\"owner\": \"Nedra Kutch\"}','2019-06-12 21:23:53','2020-04-03 11:52:05'),(146,1,1,'http://onedrive/vk/file_5386',97605,'{\"owner\": \"Roslyn Jast\"}','2019-10-18 01:07:45','2020-04-03 11:52:05'),(147,1,1,'http://onedrive/vk/file_1268',76259173,'{\"owner\": \"Barney Prosacco\"}','2020-03-07 09:16:38','2020-04-03 11:52:05'),(148,2,2,'http://onedrive/vk/file_7177',49659,'{\"owner\": \"Cheyanne Leuschke\"}','2019-08-18 23:34:19','2020-04-03 11:52:05'),(149,2,1,'http://onedrive/vk/file_4087',10262035,'{\"owner\": \"Moriah Schuppe\"}','2020-02-27 22:18:29','2020-04-03 11:52:05'),(150,2,3,'http://onedrive/vk/file_6904',71211896,'{\"owner\": \"Ericka Flatley\"}','2019-09-27 09:10:19','2020-04-03 11:52:05'),(151,2,3,'http://onedrive/vk/file_3261',730563195,'{\"owner\": \"Jaden McKenzie\"}','2019-10-29 13:15:13','2020-04-03 11:52:05'),(152,1,3,'http://onedrive/vk/file_3594',50747,'{\"owner\": \"Zola Moen\"}','2019-09-04 20:05:07','2020-04-03 11:52:05'),(153,2,1,'http://onedrive/vk/file_7187',94758,'{\"owner\": \"Laurine Tillman\"}','2020-03-03 11:03:11','2020-04-03 11:52:05'),(154,1,1,'http://onedrive/vk/file_6156',311550,'{\"owner\": \"Princess Welch\"}','2019-06-01 13:02:12','2020-04-03 11:52:05'),(155,1,1,'http://onedrive/vk/file_8217',363479,'{\"owner\": \"Nyah Lynch\"}','2019-06-22 03:28:01','2020-04-03 11:52:05'),(156,1,2,'http://onedrive/vk/file_3620',687276,'{\"owner\": \"Maud Boyle\"}','2019-07-14 05:13:31','2020-04-03 11:52:05'),(157,2,3,'http://onedrive/vk/file_1450',6614,'{\"owner\": \"Jaden McKenzie\"}','2019-11-18 16:36:00','2020-04-03 11:52:05'),(158,2,3,'http://onedrive/vk/file_4388',82723,'{\"owner\": \"Jessie Maggio\"}','2019-03-31 18:08:34','2020-04-03 11:52:05'),(159,2,1,'http://onedrive/vk/file_7592',872745,'{\"owner\": \"Mae Sawayn\"}','2020-01-03 13:01:12','2020-04-03 11:52:05'),(160,2,2,'http://onedrive/vk/file_5800',662924,'{\"owner\": \"Morris Swift\"}','2019-09-01 16:08:49','2020-04-03 11:52:05'),(161,2,3,'http://onedrive/vk/file_5222',563294,'{\"owner\": \"Declan Gerhold\"}','2020-01-13 11:22:56','2020-04-03 11:52:05'),(162,2,1,'http://onedrive/vk/file_7712',32115209,'{\"owner\": \"Hailee Ullrich\"}','2020-02-29 17:58:25','2020-04-03 11:52:05'),(163,1,2,'http://onedrive/vk/file_3897',20198320,'{\"owner\": \"Janiya Yundt\"}','2020-03-10 16:58:13','2020-04-03 11:52:05'),(164,2,2,'http://onedrive/vk/file_4347',188237,'{\"owner\": \"Samantha Cummerata\"}','2019-04-23 14:31:54','2020-04-03 11:52:05'),(165,2,3,'http://onedrive/vk/file_9046',141304,'{\"owner\": \"Jessie Maggio\"}','2019-09-16 13:58:29','2020-04-03 11:52:05'),(166,2,1,'http://onedrive/vk/file_4193',63527,'{\"owner\": \"John Mitchell\"}','2019-08-13 20:48:43','2020-04-03 11:52:05'),(167,2,3,'http://onedrive/vk/file_1824',2377051,'{\"owner\": \"Ahmad Hettinger\"}','2019-10-06 07:15:39','2020-04-03 11:52:05'),(168,2,3,'http://onedrive/vk/file_4542',131812,'{\"owner\": \"Holden Deckow\"}','2019-09-08 05:30:13','2020-04-03 11:52:05'),(169,2,1,'http://onedrive/vk/file_7239',68986,'{\"owner\": \"Ocie Smitham\"}','2019-08-23 21:55:53','2020-04-03 11:52:05'),(170,1,1,'http://onedrive/vk/file_3573',225148,'{\"owner\": \"Princess Welch\"}','2019-11-24 01:13:09','2020-04-03 11:52:05'),(171,1,2,'http://onedrive/vk/file_4148',182658237,'{\"owner\": \"Zena Runte\"}','2019-07-31 09:48:55','2020-04-03 11:52:05'),(172,1,3,'http://onedrive/vk/file_9022',720305,'{\"owner\": \"Clementina Bailey\"}','2020-02-22 19:11:54','2020-04-03 11:52:05'),(173,2,3,'http://onedrive/vk/file_4670',216088,'{\"owner\": \"Meggie Lindgren\"}','2019-07-24 23:53:19','2020-04-03 11:52:05'),(174,2,3,'http://onedrive/vk/file_4281',709521,'{\"owner\": \"Lesley Barton\"}','2019-06-30 01:07:00','2020-04-03 11:52:05'),(175,1,3,'http://onedrive/vk/file_6395',23269374,'{\"owner\": \"Elva Bednar\"}','2019-09-01 06:42:01','2020-04-03 11:52:05'),(176,2,1,'http://onedrive/vk/file_9134',189347,'{\"owner\": \"Lori Purdy\"}','2019-09-02 16:13:58','2020-04-03 11:52:05'),(177,1,1,'http://onedrive/vk/file_7489',608171,'{\"owner\": \"David McClure\"}','2020-01-06 08:02:23','2020-04-03 11:52:05'),(178,1,2,'http://onedrive/vk/file_9041',662818,'{\"owner\": \"Ahmad Hettinger\"}','2019-08-30 15:30:27','2020-04-03 11:52:05'),(179,1,3,'http://onedrive/vk/file_3741',185911,'{\"owner\": \"Bettie Cremin\"}','2019-07-08 05:35:02','2020-04-03 11:52:05'),(180,1,1,'http://onedrive/vk/file_8583',75265,'{\"owner\": \"Cecelia Nolan\"}','2019-11-18 04:03:14','2020-04-03 11:52:05'),(181,1,3,'http://onedrive/vk/file_3694',34836,'{\"owner\": \"Golden Howe\"}','2019-07-17 19:16:03','2020-04-03 11:52:05'),(182,2,1,'http://onedrive/vk/file_9717',63964,'{\"owner\": \"Carolyne Marvin\"}','2019-09-02 13:51:04','2020-04-03 11:52:05'),(183,2,1,'http://onedrive/vk/file_9510',579580,'{\"owner\": \"Fabian Quitzon\"}','2019-11-26 16:24:00','2020-04-03 11:52:05'),(184,2,3,'http://onedrive/vk/file_8401',899446,'{\"owner\": \"Ahmad Hettinger\"}','2019-09-30 20:50:50','2020-04-03 11:52:05'),(185,1,2,'http://onedrive/vk/file_3475',146845296,'{\"owner\": \"Danielle Hansen\"}','2019-05-19 01:00:20','2020-04-03 11:52:05'),(186,1,2,'http://onedrive/vk/file_9171',665530,'{\"owner\": \"Carolyne Marvin\"}','2020-01-09 04:56:18','2020-04-03 11:52:05'),(187,1,3,'http://onedrive/vk/file_7433',903931,'{\"owner\": \"Hettie Stanton\"}','2019-08-06 19:43:08','2020-04-03 11:52:05'),(188,1,1,'http://onedrive/vk/file_8652',48494,'{\"owner\": \"Laurianne Fahey\"}','2019-05-30 04:45:28','2020-04-03 11:52:05'),(189,2,3,'http://onedrive/vk/file_1963',9697,'{\"owner\": \"Clement Kutch\"}','2020-01-13 11:42:45','2020-04-03 11:52:05'),(190,2,3,'http://onedrive/vk/file_9859',234131,'{\"owner\": \"Hailee Ullrich\"}','2019-12-26 02:06:58','2020-04-03 11:52:05'),(191,2,1,'http://onedrive/vk/file_6408',8522,'{\"owner\": \"Velma Hessel\"}','2019-11-20 19:57:42','2020-04-03 11:52:05'),(192,1,1,'http://onedrive/vk/file_1466',504116,'{\"owner\": \"Cynthia Mohr\"}','2019-12-04 20:38:32','2020-04-03 11:52:05'),(193,1,1,'http://onedrive/vk/file_5104',115176,'{\"owner\": \"Zena Runte\"}','2019-06-19 05:49:37','2020-04-03 11:52:05'),(194,1,3,'http://onedrive/vk/file_2123',763489,'{\"owner\": \"Princess Welch\"}','2019-11-27 09:00:35','2020-04-03 11:52:05'),(195,2,1,'http://onedrive/vk/file_3304',761921,'{\"owner\": \"Zola Moen\"}','2020-03-08 09:08:29','2020-04-03 11:52:05'),(196,1,3,'http://onedrive/vk/file_9150',609139,'{\"owner\": \"Alda Stamm\"}','2019-11-14 02:51:13','2020-04-03 11:52:05'),(197,1,2,'http://onedrive/vk/file_7841',8435,'{\"owner\": \"Jaden McKenzie\"}','2019-05-28 10:46:07','2020-04-03 11:52:05'),(198,1,2,'http://onedrive/vk/file_1756',749932,'{\"owner\": \"Morris Swift\"}','2020-01-13 10:16:06','2020-04-03 11:52:05'),(199,2,2,'http://onedrive/vk/file_2255',33468827,'{\"owner\": \"Morris Swift\"}','2019-05-29 22:39:06','2020-04-03 11:52:05'),(200,1,3,'http://onedrive/vk/file_5009',112250,'{\"owner\": \"Karson Heathcote\"}','2019-07-21 10:34:52','2020-04-03 11:52:05'),(201,1,1,'http://onedrive/vk/file_8279',366261,'{\"owner\": \"Mario Koss\"}','2019-05-30 07:29:42','2020-04-03 11:52:05'),(202,1,1,'http://onedrive/vk/file_7373',101452,'{\"owner\": \"Berneice Hoppe\"}','2019-06-25 10:10:03','2020-04-03 11:52:05'),(203,2,1,'http://onedrive/vk/file_2030',93865434,'{\"owner\": \"Shanna Wiegand\"}','2019-11-02 17:04:09','2020-04-03 11:52:05'),(204,1,1,'http://onedrive/vk/file_5027',601214,'{\"owner\": \"Athena Terry\"}','2019-05-18 16:18:38','2020-04-03 11:52:05'),(205,2,3,'http://onedrive/vk/file_9048',5553,'{\"owner\": \"Kole Satterfield\"}','2019-09-08 11:09:35','2020-04-03 11:52:05'),(206,1,3,'http://onedrive/vk/file_2160',89187416,'{\"owner\": \"Garret Rohan\"}','2019-10-25 16:23:31','2020-04-03 11:52:05'),(207,2,1,'http://onedrive/vk/file_9657',160513,'{\"owner\": \"Cynthia Mohr\"}','2019-07-17 09:48:28','2020-04-03 11:52:05'),(208,2,3,'http://onedrive/vk/file_4807',488210,'{\"owner\": \"Ashly Franecki\"}','2019-12-20 02:03:47','2020-04-03 11:49:22'),(209,2,1,'http://onedrive/vk/file_3064',5888,'{\"owner\": \"Hettie Stanton\"}','2019-06-21 10:01:38','2020-04-03 11:52:05'),(210,2,1,'http://onedrive/vk/file_8897',86509,'{\"owner\": \"Jaden McKenzie\"}','2019-07-20 20:27:21','2020-04-03 11:52:05'),(211,2,3,'http://onedrive/vk/file_7298',3328644,'{\"owner\": \"Ericka Flatley\"}','2020-02-23 22:32:01','2020-04-03 11:52:05'),(212,2,2,'http://onedrive/vk/file_8797',102825469,'{\"owner\": \"Holden Deckow\"}','2019-12-01 21:21:19','2020-04-03 11:52:05'),(213,1,2,'http://onedrive/vk/file_3097',81727,'{\"owner\": \"Wilburn Abbott\"}','2019-06-11 10:50:37','2020-04-03 11:52:05'),(214,1,1,'http://onedrive/vk/file_6091',149516,'{\"owner\": \"Rachel Hagenes\"}','2020-03-12 20:12:24','2020-04-03 11:52:05'),(215,1,1,'http://onedrive/vk/file_2168',172948,'{\"owner\": \"Nedra Kutch\"}','2019-08-05 12:25:44','2020-04-03 11:52:05'),(216,1,3,'http://onedrive/vk/file_9565',406195,'{\"owner\": \"Audie Huel\"}','2019-11-26 03:17:54','2020-04-03 11:52:05'),(217,2,3,'http://onedrive/vk/file_4326',602133,'{\"owner\": \"Coy Harber\"}','2019-10-07 09:40:51','2020-04-03 11:52:05'),(218,2,2,'http://onedrive/vk/file_9934',489932500,'{\"owner\": \"Ilene Tromp\"}','2019-09-30 18:44:32','2020-04-03 11:52:05'),(219,2,2,'http://onedrive/vk/file_8694',882082,'{\"owner\": \"Jayce Wolf\"}','2019-10-01 09:59:04','2020-04-03 11:52:05'),(220,1,2,'http://onedrive/vk/file_3669',794017,'{\"owner\": \"Ahmad Hettinger\"}','2019-05-10 11:13:17','2020-04-03 11:52:05'),(221,1,2,'http://onedrive/vk/file_9263',6580812,'{\"owner\": \"Meggie Lindgren\"}','2019-11-23 11:39:01','2020-04-03 11:52:05'),(222,1,2,'http://onedrive/vk/file_7311',413840,'{\"owner\": \"Demarco Gutmann\"}','2019-08-24 12:11:12','2020-04-03 11:52:05'),(223,2,1,'http://onedrive/vk/file_7767',577151,'{\"owner\": \"Krista Harber\"}','2019-07-02 21:16:28','2020-04-03 11:52:05'),(224,2,2,'http://onedrive/vk/file_6905',734235,'{\"owner\": \"Kole Satterfield\"}','2019-09-15 03:41:56','2020-04-03 11:52:05'),(225,2,3,'http://onedrive/vk/file_1224',129727,'{\"owner\": \"Kiera Gorczany\"}','2019-07-12 07:35:45','2020-04-03 11:52:05'),(226,2,2,'http://onedrive/vk/file_2404',235930,'{\"owner\": \"Vergie Doyle\"}','2019-08-17 21:43:50','2020-04-03 11:52:05'),(227,2,2,'http://onedrive/vk/file_7350',756631,'{\"owner\": \"Lesley Barton\"}','2020-02-07 11:59:08','2020-04-03 11:52:05'),(228,1,3,'http://onedrive/vk/file_1540',144838,'{\"owner\": \"Edna Kirlin\"}','2020-01-07 08:55:41','2020-04-03 11:52:05'),(229,1,3,'http://onedrive/vk/file_2650',86319913,'{\"owner\": \"Athena Terry\"}','2019-09-20 10:24:59','2020-04-03 11:52:05'),(230,2,2,'http://onedrive/vk/file_7628',780470,'{\"owner\": \"Lori Purdy\"}','2019-09-16 07:19:05','2020-04-03 11:52:05'),(231,2,1,'http://onedrive/vk/file_2194',484564,'{\"owner\": \"Herbert Schultz\"}','2019-06-08 04:33:49','2020-04-03 11:52:05'),(232,2,1,'http://onedrive/vk/file_5085',758268488,'{\"owner\": \"Mina Wolf\"}','2020-02-28 01:29:08','2020-04-03 11:52:05'),(233,1,3,'http://onedrive/vk/file_8843',51703,'{\"owner\": \"Wendell Keebler\"}','2019-05-20 18:43:57','2020-04-03 11:52:05'),(234,2,1,'http://onedrive/vk/file_9963',71412,'{\"owner\": \"Leonor Hills\"}','2019-07-29 02:59:31','2020-04-03 11:52:05'),(235,1,3,'http://onedrive/vk/file_4289',69034,'{\"owner\": \"Maybelle Keebler\"}','2020-01-16 10:10:35','2020-04-03 11:52:05'),(236,1,3,'http://onedrive/vk/file_8554',693369,'{\"owner\": \"Barney Prosacco\"}','2020-01-06 21:13:39','2020-04-03 11:52:05'),(237,1,2,'http://onedrive/vk/file_1909',542611,'{\"owner\": \"Alda Stamm\"}','2019-07-23 05:25:39','2020-04-03 11:52:05'),(238,1,2,'http://onedrive/vk/file_9878',650081,'{\"owner\": \"Beaulah McDermott\"}','2019-07-23 15:00:42','2020-04-03 11:52:05'),(239,2,2,'http://onedrive/vk/file_6666',622952,'{\"owner\": \"Shanna Wiegand\"}','2020-03-12 20:19:54','2020-04-03 11:52:05'),(240,2,2,'http://onedrive/vk/file_2700',55384,'{\"owner\": \"Noah Greenholt\"}','2019-08-18 14:22:11','2020-04-03 11:52:05'),(241,2,1,'http://onedrive/vk/file_1499',5668295,'{\"owner\": \"Hallie Flatley\"}','2020-01-17 07:26:30','2020-04-03 11:52:05'),(242,2,1,'http://onedrive/vk/file_7396',576927,'{\"owner\": \"Vergie Doyle\"}','2019-05-16 22:40:24','2020-04-03 11:52:05'),(243,2,2,'http://onedrive/vk/file_4484',9883,'{\"owner\": \"Clementina Bailey\"}','2019-12-08 07:07:05','2020-04-03 11:52:05'),(244,2,3,'http://onedrive/vk/file_8233',49099,'{\"owner\": \"John Mitchell\"}','2019-04-13 12:46:08','2020-04-03 11:52:05'),(245,1,3,'http://onedrive/vk/file_8713',105783,'{\"owner\": \"Lula Thompson\"}','2019-07-23 14:14:23','2020-04-03 11:52:05'),(246,2,1,'http://onedrive/vk/file_8871',588135,'{\"owner\": \"Giles Cruickshank\"}','2019-10-17 02:46:15','2020-04-03 11:52:05'),(247,2,3,'http://onedrive/vk/file_8215',337828,'{\"owner\": \"Hector Feil\"}','2019-11-29 17:05:28','2020-04-03 11:52:05'),(248,2,2,'http://onedrive/vk/file_4462',813327,'{\"owner\": \"Fleta Kunde\"}','2019-10-24 11:51:22','2020-04-03 11:52:05'),(249,1,2,'http://onedrive/vk/file_5668',492235,'{\"owner\": \"Shanna Wiegand\"}','2020-02-01 18:08:41','2020-04-03 11:52:05'),(250,1,3,'http://onedrive/vk/file_4955',11197,'{\"owner\": \"Coy Harber\"}','2019-08-23 18:42:30','2020-04-03 11:52:05'),(251,2,3,'http://onedrive/vk/file_6770',39298771,'{\"owner\": \"Evelyn Heaney\"}','2020-01-18 11:20:39','2020-04-03 11:52:05'),(252,1,2,'http://onedrive/vk/file_8987',712887,'{\"owner\": \"Krista Harber\"}','2019-10-09 18:46:46','2020-04-03 11:52:05'),(253,1,1,'http://onedrive/vk/file_5629',369277,'{\"owner\": \"Sierra Bergnaum\"}','2020-02-20 08:27:45','2020-04-03 11:52:05'),(254,2,3,'http://onedrive/vk/file_9183',902795,'{\"owner\": \"Janiya Yundt\"}','2019-12-25 02:43:57','2020-04-03 11:52:05'),(255,1,1,'http://onedrive/vk/file_1030',696152,'{\"owner\": \"David McClure\"}','2019-11-08 01:15:56','2020-04-03 11:52:05'),(256,1,2,'http://onedrive/vk/file_3598',2779893,'{\"owner\": \"Elva Bednar\"}','2020-02-07 16:08:55','2020-04-03 11:52:05'),(257,2,1,'http://onedrive/vk/file_4903',6558326,'{\"owner\": \"Karson Heathcote\"}','2020-01-18 20:58:11','2020-04-03 11:52:05'),(258,1,3,'http://onedrive/vk/file_3722',762376,'{\"owner\": \"Ilene Tromp\"}','2019-10-22 01:46:05','2020-04-03 11:52:05'),(259,2,1,'http://onedrive/vk/file_2904',691150,'{\"owner\": \"Hallie Flatley\"}','2019-05-27 02:48:28','2020-04-03 11:52:05'),(260,1,2,'http://onedrive/vk/file_2351',97456539,'{\"owner\": \"Lelah Sipes\"}','2019-04-10 11:43:30','2020-04-03 11:52:05'),(261,1,3,'http://onedrive/vk/file_2044',54614145,'{\"owner\": \"Mercedes Purdy\"}','2019-09-26 18:53:28','2020-04-03 11:52:05'),(262,1,2,'http://onedrive/vk/file_2170',102203,'{\"owner\": \"Coy Harber\"}','2019-05-20 02:23:33','2020-04-03 11:52:05'),(263,1,2,'http://onedrive/vk/file_3716',813428,'{\"owner\": \"Carolyne Marvin\"}','2019-10-09 05:07:40','2020-04-03 11:52:05'),(264,2,2,'http://onedrive/vk/file_2071',143973677,'{\"owner\": \"Meggie Lindgren\"}','2019-07-11 02:27:28','2020-04-03 11:52:05'),(265,2,3,'http://onedrive/vk/file_7207',558363,'{\"owner\": \"Leo Prosacco\"}','2020-02-22 15:57:32','2020-04-03 11:52:05'),(266,1,2,'http://onedrive/vk/file_1824',870014,'{\"owner\": \"Ivah Beatty\"}','2020-03-16 23:33:40','2020-04-03 11:52:05'),(267,2,2,'http://onedrive/vk/file_4498',99787,'{\"owner\": \"Meghan Cole\"}','2020-03-22 03:20:13','2020-04-03 11:52:05'),(268,1,3,'http://onedrive/vk/file_7020',6389,'{\"owner\": \"Carolanne Treutel\"}','2020-03-30 10:31:40','2020-04-03 11:52:05'),(269,2,2,'http://onedrive/vk/file_2607',8570,'{\"owner\": \"Kaya Lubowitz\"}','2020-03-06 18:20:12','2020-04-03 11:52:05'),(270,1,2,'http://onedrive/vk/file_8976',5280994,'{\"owner\": \"Laurianne Fahey\"}','2020-03-23 00:08:37','2020-04-03 11:52:05'),(271,2,3,'http://onedrive/vk/file_9062',578892,'{\"owner\": \"Bernadette Spinka\"}','2019-08-09 23:56:17','2020-04-03 11:52:05'),(272,1,1,'http://onedrive/vk/file_8383',785104,'{\"owner\": \"Vergie Doyle\"}','2019-08-13 23:09:52','2020-04-03 11:52:05'),(273,2,3,'http://onedrive/vk/file_4731',378846,'{\"owner\": \"Keira Robel\"}','2019-07-01 22:30:47','2020-04-03 11:52:05'),(274,1,1,'http://onedrive/vk/file_6507',16180,'{\"owner\": \"Jayce Wolf\"}','2019-08-18 19:13:47','2020-04-03 11:52:05'),(275,1,2,'http://onedrive/vk/file_8344',428918,'{\"owner\": \"Dudley Bergnaum\"}','2019-12-30 12:45:58','2020-04-03 11:52:05'),(276,2,3,'http://onedrive/vk/file_3198',98057,'{\"owner\": \"Stan Padberg\"}','2019-06-07 02:26:22','2020-04-03 11:52:05'),(277,1,3,'http://onedrive/vk/file_7960',93532,'{\"owner\": \"Raoul Johnson\"}','2020-02-16 04:50:16','2020-04-03 11:52:05'),(278,1,2,'http://onedrive/vk/file_2209',163488,'{\"owner\": \"Elva Bednar\"}','2020-02-27 09:40:06','2020-04-03 11:52:05'),(279,2,1,'http://onedrive/vk/file_4164',526846,'{\"owner\": \"Bettie Cremin\"}','2019-11-05 08:24:16','2020-04-03 11:52:05'),(280,2,2,'http://onedrive/vk/file_4193',57639,'{\"owner\": \"Herbert Schultz\"}','2019-10-11 19:16:59','2020-04-03 11:52:05'),(281,1,3,'http://onedrive/vk/file_7474',859123561,'{\"owner\": \"Princess Welch\"}','2019-12-24 01:18:57','2020-04-03 11:52:05'),(282,1,1,'http://onedrive/vk/file_5792',333769,'{\"owner\": \"Mariam Herzog\"}','2019-11-21 11:08:55','2020-04-03 11:52:05'),(283,1,1,'http://onedrive/vk/file_5539',78308,'{\"owner\": \"Kaya Lubowitz\"}','2019-06-17 04:14:19','2020-04-03 11:52:05'),(284,2,1,'http://onedrive/vk/file_9319',557525,'{\"owner\": \"Wilburn Abbott\"}','2019-05-01 14:53:11','2020-04-03 11:52:05'),(285,1,1,'http://onedrive/vk/file_1983',280235,'{\"owner\": \"Moriah Schuppe\"}','2019-06-28 16:35:54','2020-04-03 11:52:05'),(286,1,1,'http://onedrive/vk/file_7957',256254,'{\"owner\": \"Fleta Kunde\"}','2019-05-30 02:02:20','2020-04-03 11:52:05'),(287,1,1,'http://onedrive/vk/file_5836',430567,'{\"owner\": \"Fabian Quitzon\"}','2020-03-30 16:12:07','2020-04-03 11:52:05'),(288,2,3,'http://onedrive/vk/file_4311',74282689,'{\"owner\": \"Krista Harber\"}','2019-05-08 22:36:30','2020-04-03 11:52:05'),(289,2,2,'http://onedrive/vk/file_3049',507205,'{\"owner\": \"Karson Heathcote\"}','2019-04-27 09:33:08','2020-04-03 11:52:05'),(290,1,1,'http://onedrive/vk/file_1310',474077,'{\"owner\": \"Maud Boyle\"}','2019-06-11 13:54:49','2020-04-03 11:52:05'),(291,2,2,'http://onedrive/vk/file_5401',213090,'{\"owner\": \"Dudley Bergnaum\"}','2019-10-17 05:30:13','2020-04-03 11:52:05'),(292,1,3,'http://onedrive/vk/file_4081',168683,'{\"owner\": \"Vergie Doyle\"}','2019-09-17 02:59:02','2020-04-03 11:52:05'),(293,1,1,'http://onedrive/vk/file_3200',311187,'{\"owner\": \"Keira Robel\"}','2019-04-17 23:59:50','2020-04-03 11:52:05'),(294,2,2,'http://onedrive/vk/file_2760',139890,'{\"owner\": \"Evert Grimes\"}','2019-05-13 03:57:34','2020-04-03 11:52:05'),(295,1,1,'http://onedrive/vk/file_3201',655886,'{\"owner\": \"Evert Grimes\"}','2020-01-17 19:43:02','2020-04-03 11:52:05'),(296,1,2,'http://onedrive/vk/file_6723',149766,'{\"owner\": \"Holden Deckow\"}','2019-06-27 00:28:41','2020-04-03 11:52:05'),(297,2,2,'http://onedrive/vk/file_5017',571171,'{\"owner\": \"Rosina Gorczany\"}','2019-06-24 21:51:33','2020-04-03 11:52:05'),(298,1,3,'http://onedrive/vk/file_3915',596562,'{\"owner\": \"Kristopher Mills\"}','2019-06-18 01:19:26','2020-04-03 11:52:05'),(299,1,1,'http://onedrive/vk/file_3525',19242,'{\"owner\": \"Hailee Ullrich\"}','2019-04-07 04:42:19','2020-04-03 11:52:05'),(300,2,3,'http://onedrive/vk/file_4881',359300,'{\"owner\": \"Hailee Ullrich\"}','2020-03-24 16:12:36','2020-04-03 11:52:05'),(301,2,1,'http://onedrive/vk/file_3831',25647,'{\"owner\": \"Bettie Cremin\"}','2020-03-25 06:07:20','2020-04-03 11:52:05'),(302,2,3,'http://onedrive/vk/file_3513',896813,'{\"owner\": \"Gilbert Braun\"}','2019-07-22 01:49:03','2020-04-03 11:52:05'),(303,2,3,'http://onedrive/vk/file_5071',696168,'{\"owner\": \"Dayton Schamberger\"}','2019-12-01 12:57:10','2020-04-03 11:52:05'),(304,2,2,'http://onedrive/vk/file_4817',780406,'{\"owner\": \"Kaleb Sanford\"}','2019-06-26 20:29:54','2020-04-03 11:52:05'),(305,2,1,'http://onedrive/vk/file_7874',694829,'{\"owner\": \"Wendell Keebler\"}','2019-12-02 06:59:53','2020-04-03 11:52:05'),(306,1,3,'http://onedrive/vk/file_5920',903526,'{\"owner\": \"Golden Howe\"}','2019-07-30 10:21:53','2020-04-03 11:52:05'),(307,1,2,'http://onedrive/vk/file_4981',38303,'{\"owner\": \"Maud Boyle\"}','2019-08-27 11:28:51','2020-04-03 11:52:05'),(308,1,2,'http://onedrive/vk/file_6146',366417,'{\"owner\": \"Lonnie Botsford\"}','2019-10-03 20:22:24','2020-04-03 11:52:05'),(309,2,1,'http://onedrive/vk/file_5786',12613250,'{\"owner\": \"Laurine Tillman\"}','2019-09-21 00:22:07','2020-04-03 11:52:05'),(310,2,3,'http://onedrive/vk/file_9492',9238921,'{\"owner\": \"Carolyne Marvin\"}','2020-02-01 05:56:07','2020-04-03 11:52:05'),(311,1,2,'http://onedrive/vk/file_2105',716275520,'{\"owner\": \"Missouri King\"}','2020-02-09 13:30:08','2020-04-03 11:52:05'),(312,1,3,'http://onedrive/vk/file_8045',935421906,'{\"owner\": \"Ruthie Lynch\"}','2019-11-02 22:09:35','2020-04-03 11:52:05'),(313,2,3,'http://onedrive/vk/file_5917',11505,'{\"owner\": \"Rachel Hagenes\"}','2019-08-04 06:38:06','2020-04-03 11:52:05'),(314,1,3,'http://onedrive/vk/file_4450',748276,'{\"owner\": \"Aileen Lebsack\"}','2019-04-25 10:27:30','2020-04-03 11:52:05'),(315,2,2,'http://onedrive/vk/file_3499',92773430,'{\"owner\": \"Mitchel Pfannerstill\"}','2020-03-29 18:04:33','2020-04-03 11:52:05'),(316,2,3,'http://onedrive/vk/file_3144',834662,'{\"owner\": \"Beaulah McDermott\"}','2019-08-15 19:23:54','2020-04-03 11:52:05'),(317,1,1,'http://onedrive/vk/file_4226',66161323,'{\"owner\": \"Kaleb Sanford\"}','2019-04-11 17:52:00','2020-04-03 11:52:05'),(318,1,3,'http://onedrive/vk/file_1699',9057,'{\"owner\": \"Demarco Gutmann\"}','2019-12-02 09:55:20','2020-04-03 11:52:05'),(319,1,1,'http://onedrive/vk/file_3814',62971,'{\"owner\": \"Rachel Hagenes\"}','2019-11-23 17:46:32','2020-04-03 11:52:05'),(320,2,3,'http://onedrive/vk/file_3977',96869,'{\"owner\": \"Dudley Bergnaum\"}','2019-09-14 09:43:02','2020-04-03 11:52:05'),(321,2,2,'http://onedrive/vk/file_7441',7194084,'{\"owner\": \"Bette Daugherty\"}','2019-09-20 03:38:50','2020-04-03 11:52:05'),(322,1,2,'http://onedrive/vk/file_6279',29516,'{\"owner\": \"Kristopher Mills\"}','2019-11-21 19:58:43','2020-04-03 11:52:05'),(323,2,1,'http://onedrive/vk/file_8072',746975,'{\"owner\": \"Rosina Gorczany\"}','2019-04-12 11:24:32','2020-04-03 11:52:05'),(324,1,2,'http://onedrive/vk/file_2525',40820,'{\"owner\": \"Roslyn Jast\"}','2019-07-30 16:36:47','2020-04-03 11:52:05'),(325,1,2,'http://onedrive/vk/file_5409',1491533,'{\"owner\": \"Holden Deckow\"}','2019-05-22 05:20:08','2020-04-03 11:52:05'),(326,1,3,'http://onedrive/vk/file_9469',36334,'{\"owner\": \"Garret Rohan\"}','2019-07-04 08:50:34','2020-04-03 11:52:05'),(327,2,2,'http://onedrive/vk/file_3125',4979433,'{\"owner\": \"Stanton Fay\"}','2019-04-04 14:28:21','2020-04-03 11:52:05'),(328,1,1,'http://onedrive/vk/file_4213',82181,'{\"owner\": \"Hallie Flatley\"}','2019-04-21 03:55:28','2020-04-03 11:52:05'),(329,2,1,'http://onedrive/vk/file_1694',630741,'{\"owner\": \"Kenneth Gusikowski\"}','2019-06-22 04:09:12','2020-04-03 11:52:05'),(330,1,3,'http://onedrive/vk/file_3830',14635889,'{\"owner\": \"Nedra Kutch\"}','2019-12-08 08:39:23','2020-04-03 11:52:05'),(331,2,2,'http://onedrive/vk/file_4070',334710,'{\"owner\": \"Dayton Schamberger\"}','2019-12-31 14:21:21','2020-04-03 11:52:05'),(332,1,2,'http://onedrive/vk/file_7861',671327,'{\"owner\": \"Mitchell Considine\"}','2020-03-11 02:01:04','2020-04-03 11:52:05'),(333,1,3,'http://onedrive/vk/file_8097',291146,'{\"owner\": \"Leo Prosacco\"}','2019-10-08 06:52:13','2020-04-03 11:52:05'),(334,1,1,'http://onedrive/vk/file_6904',542507,'{\"owner\": \"Mitchel Pfannerstill\"}','2020-03-06 06:25:57','2020-04-03 11:52:05'),(335,1,2,'http://onedrive/vk/file_9231',67564269,'{\"owner\": \"Kole Satterfield\"}','2019-05-05 07:49:21','2020-04-03 11:52:05'),(336,2,1,'http://onedrive/vk/file_6443',688556,'{\"owner\": \"Moriah Deckow\"}','2020-01-27 14:55:48','2020-04-03 11:52:05'),(337,2,2,'http://onedrive/vk/file_3523',905264,'{\"owner\": \"Wilburn Abbott\"}','2019-12-02 19:48:36','2020-04-03 11:52:05'),(338,2,2,'http://onedrive/vk/file_6287',3436374,'{\"owner\": \"Meggie Lindgren\"}','2020-01-19 09:06:30','2020-04-03 11:52:05'),(339,2,2,'http://onedrive/vk/file_1868',86065,'{\"owner\": \"Justus Luettgen\"}','2019-12-21 23:05:33','2020-04-03 11:52:05'),(340,1,3,'http://onedrive/vk/file_7477',650653,'{\"owner\": \"Angeline Toy\"}','2020-02-21 19:31:04','2020-04-03 11:52:05'),(341,1,2,'http://onedrive/vk/file_3786',527475,'{\"owner\": \"Leo Prosacco\"}','2019-07-07 00:35:36','2020-04-03 11:52:05'),(342,1,3,'http://onedrive/vk/file_4497',675417,'{\"owner\": \"Barney Prosacco\"}','2019-09-12 17:11:07','2020-04-03 11:52:05'),(343,2,1,'http://onedrive/vk/file_1129',884663,'{\"owner\": \"Mitchell Considine\"}','2019-11-18 01:18:28','2020-04-03 11:52:05'),(344,1,2,'http://onedrive/vk/file_9154',587069,'{\"owner\": \"Alessandra Runolfsdottir\"}','2019-07-30 17:13:02','2020-04-03 11:52:05'),(345,2,1,'http://onedrive/vk/file_5387',63684983,'{\"owner\": \"Kristopher Mills\"}','2020-01-28 02:01:49','2020-04-03 11:52:05'),(346,2,3,'http://onedrive/vk/file_7474',271358,'{\"owner\": \"Maud Boyle\"}','2020-01-24 12:38:28','2020-04-03 11:52:05'),(347,2,2,'http://onedrive/vk/file_2210',93084764,'{\"owner\": \"Meggie Lindgren\"}','2019-12-11 16:02:21','2020-04-03 11:52:05'),(348,1,1,'http://onedrive/vk/file_5628',485581,'{\"owner\": \"Audie Huel\"}','2019-07-17 22:46:23','2020-04-03 11:52:05'),(349,1,2,'http://onedrive/vk/file_2512',703835,'{\"owner\": \"Alessandra Runolfsdottir\"}','2019-07-16 01:00:07','2020-04-03 11:52:05'),(350,2,3,'http://onedrive/vk/file_3674',406320,'{\"owner\": \"Monserrate Cruickshank\"}','2019-08-01 18:58:59','2020-04-03 11:52:05'),(351,1,1,'http://onedrive/vk/file_9835',59013717,'{\"owner\": \"Dudley Bergnaum\"}','2019-10-07 14:08:05','2020-04-03 11:52:05'),(352,1,2,'http://onedrive/vk/file_1156',252435,'{\"owner\": \"Princess Welch\"}','2019-09-02 19:04:53','2020-04-03 11:52:05'),(353,1,1,'http://onedrive/vk/file_2273',40670,'{\"owner\": \"Ocie Smitham\"}','2020-01-19 01:43:17','2020-04-03 11:52:05'),(354,1,1,'http://onedrive/vk/file_6897',6136984,'{\"owner\": \"Alexander Crooks\"}','2020-02-04 08:07:32','2020-04-03 11:52:05'),(355,1,1,'http://onedrive/vk/file_8670',475995,'{\"owner\": \"Mario Koss\"}','2019-05-04 03:26:40','2020-04-03 11:52:05'),(356,2,3,'http://onedrive/vk/file_3660',82829765,'{\"owner\": \"Garret Rohan\"}','2019-10-20 03:58:05','2020-04-03 11:52:05'),(357,1,2,'http://onedrive/vk/file_9290',484219671,'{\"owner\": \"Clementina Bailey\"}','2019-05-15 01:47:37','2020-04-03 11:52:05'),(358,2,1,'http://onedrive/vk/file_7473',336048,'{\"owner\": \"Raoul Johnson\"}','2019-12-31 05:38:36','2020-04-03 11:52:05'),(359,1,2,'http://onedrive/vk/file_8495',2147132,'{\"owner\": \"Raoul Johnson\"}','2019-08-15 18:32:07','2020-04-03 11:52:05'),(360,1,3,'http://onedrive/vk/file_1058',648231,'{\"owner\": \"Bernadette Spinka\"}','2019-05-05 15:29:12','2020-04-03 11:52:05'),(361,1,2,'http://onedrive/vk/file_5804',587746075,'{\"owner\": \"Vanessa Bruen\"}','2020-02-25 14:32:25','2020-04-03 11:52:05'),(362,2,3,'http://onedrive/vk/file_6849',225315427,'{\"owner\": \"Hailee Ullrich\"}','2020-01-11 14:03:48','2020-04-03 11:52:05'),(363,2,3,'http://onedrive/vk/file_6836',423013,'{\"owner\": \"Mariam Herzog\"}','2020-01-23 11:38:58','2020-04-03 11:52:05'),(364,1,2,'http://onedrive/vk/file_3631',160373,'{\"owner\": \"Audie Huel\"}','2019-11-09 01:24:22','2020-04-03 11:52:05'),(365,1,3,'http://onedrive/vk/file_5649',422828,'{\"owner\": \"Mitchel Pfannerstill\"}','2019-07-12 15:30:24','2020-04-03 11:52:05'),(366,1,3,'http://onedrive/vk/file_7352',4407720,'{\"owner\": \"Kaleb Sanford\"}','2019-09-21 05:06:04','2020-04-03 11:52:05'),(367,1,2,'http://onedrive/vk/file_9815',5102660,'{\"owner\": \"Garry Maggio\"}','2019-10-02 08:13:44','2020-04-03 11:52:05'),(368,2,3,'http://onedrive/vk/file_8024',94917,'{\"owner\": \"Leo Prosacco\"}','2019-11-25 18:46:56','2020-04-03 11:52:05'),(369,2,1,'http://onedrive/vk/file_9672',201952,'{\"owner\": \"Maud Boyle\"}','2019-11-07 22:20:07','2020-04-03 11:52:05'),(370,2,3,'http://onedrive/vk/file_5291',733311664,'{\"owner\": \"Ruthie Lynch\"}','2019-12-07 23:37:32','2020-04-03 11:52:05'),(371,1,2,'http://onedrive/vk/file_5439',723024,'{\"owner\": \"Avery Crooks\"}','2019-11-10 06:19:38','2020-04-03 11:52:05'),(372,1,3,'http://onedrive/vk/file_1323',172243652,'{\"owner\": \"Hettie Stanton\"}','2019-08-05 06:04:12','2020-04-03 11:52:05'),(373,2,3,'http://onedrive/vk/file_7298',536638,'{\"owner\": \"Holly Zboncak\"}','2020-03-20 13:32:34','2020-04-03 11:52:05'),(374,2,2,'http://onedrive/vk/file_4525',7887,'{\"owner\": \"Moriah Deckow\"}','2019-06-18 15:13:42','2020-04-03 11:52:05'),(375,2,1,'http://onedrive/vk/file_8729',504120,'{\"owner\": \"Rachel Hagenes\"}','2020-01-27 03:36:52','2020-04-03 11:52:05'),(376,2,1,'http://onedrive/vk/file_2076',900688,'{\"owner\": \"Garry Maggio\"}','2019-10-31 04:15:09','2020-04-03 11:52:05'),(377,1,3,'http://onedrive/vk/file_1188',281086,'{\"owner\": \"Edna Kirlin\"}','2019-10-19 05:34:45','2020-04-03 11:52:05'),(378,2,3,'http://onedrive/vk/file_7714',493363,'{\"owner\": \"Lori Purdy\"}','2019-07-19 09:42:14','2020-04-03 11:52:05'),(379,1,2,'http://onedrive/vk/file_7009',2290490,'{\"owner\": \"Missouri King\"}','2019-11-08 16:03:40','2020-04-03 11:52:05'),(380,1,1,'http://onedrive/vk/file_1903',254246,'{\"owner\": \"Alda Stamm\"}','2020-03-13 09:35:03','2020-04-03 11:52:05'),(381,2,1,'http://onedrive/vk/file_5488',713561,'{\"owner\": \"Braulio Barton\"}','2019-10-24 16:56:24','2020-04-03 11:52:05'),(382,1,1,'http://onedrive/vk/file_2732',277717,'{\"owner\": \"Larue Bergstrom\"}','2019-08-13 10:12:31','2020-04-03 11:52:05'),(383,1,3,'http://onedrive/vk/file_5198',137906,'{\"owner\": \"Noah Greenholt\"}','2019-05-11 06:23:25','2020-04-03 11:52:05'),(384,2,2,'http://onedrive/vk/file_7796',6248,'{\"owner\": \"Declan Gerhold\"}','2019-07-23 16:04:26','2020-04-03 11:52:05'),(385,2,3,'http://onedrive/vk/file_4386',746378,'{\"owner\": \"Avery Crooks\"}','2019-12-29 19:06:26','2020-04-03 11:52:05'),(386,2,1,'http://onedrive/vk/file_6542',608177,'{\"owner\": \"Garry Maggio\"}','2019-06-19 00:00:01','2020-04-03 11:52:05'),(387,2,2,'http://onedrive/vk/file_9553',63675483,'{\"owner\": \"Larue Bergstrom\"}','2019-05-08 16:24:24','2020-04-03 11:52:05'),(388,1,2,'http://onedrive/vk/file_9144',106021041,'{\"owner\": \"Myrtice Jaskolski\"}','2019-11-15 20:32:02','2020-04-03 11:52:05'),(389,2,3,'http://onedrive/vk/file_7060',579589363,'{\"owner\": \"Louie Feest\"}','2020-02-05 01:18:18','2020-04-03 11:52:05'),(390,1,2,'http://onedrive/vk/file_6871',796769247,'{\"owner\": \"Angeline Toy\"}','2019-10-19 17:59:50','2020-04-03 11:52:05'),(391,1,3,'http://onedrive/vk/file_3174',8361239,'{\"owner\": \"Cheyanne Leuschke\"}','2019-05-07 17:25:30','2020-04-03 11:52:05'),(392,2,3,'http://onedrive/vk/file_3259',969981348,'{\"owner\": \"Mitchel Pfannerstill\"}','2019-06-19 07:02:29','2020-04-03 11:52:05'),(393,1,3,'http://onedrive/vk/file_5773',791754,'{\"owner\": \"Mitchel Pfannerstill\"}','2020-03-23 13:05:39','2020-04-03 11:52:05'),(394,2,2,'http://onedrive/vk/file_9087',324239,'{\"owner\": \"Maybelle Keebler\"}','2019-04-21 13:22:21','2020-04-03 11:52:05'),(395,2,2,'http://onedrive/vk/file_9122',372813,'{\"owner\": \"Jakayla Gerlach\"}','2019-03-31 18:03:47','2020-04-03 11:52:05'),(396,2,3,'http://onedrive/vk/file_8349',135937,'{\"owner\": \"Mitchell Considine\"}','2019-06-08 08:18:16','2020-04-03 11:52:05'),(397,1,1,'http://onedrive/vk/file_4379',596968,'{\"owner\": \"Declan Gerhold\"}','2019-09-23 01:16:11','2020-04-03 11:52:05'),(398,1,2,'http://onedrive/vk/file_4849',767031,'{\"owner\": \"Danielle Hansen\"}','2019-11-20 04:23:40','2020-04-03 11:52:05'),(399,2,2,'http://onedrive/vk/file_1108',17933168,'{\"owner\": \"Dayton Schamberger\"}','2019-12-28 17:10:01','2020-04-03 11:52:05'),(400,2,3,'http://onedrive/vk/file_7991',234256,'{\"owner\": \"Hector Feil\"}','2019-07-14 20:49:13','2020-04-03 11:52:05'),(401,1,3,'http://onedrive/vk/file_8637',6768843,'{\"owner\": \"Zena Runte\"}','2019-08-01 06:07:17','2020-04-03 11:52:05'),(402,2,3,'http://onedrive/vk/file_9214',660185,'{\"owner\": \"Kiera Gorczany\"}','2020-02-24 05:17:57','2020-04-03 11:52:05'),(403,2,3,'http://onedrive/vk/file_1162',712036832,'{\"owner\": \"Eusebio Walter\"}','2019-04-02 03:50:38','2020-04-03 11:52:05'),(404,2,3,'http://onedrive/vk/file_4164',2996771,'{\"owner\": \"Tad Langosh\"}','2019-05-25 15:54:08','2020-04-03 11:52:05'),(405,2,3,'http://onedrive/vk/file_7336',788159,'{\"owner\": \"Era Mertz\"}','2020-03-09 21:58:48','2020-04-03 11:52:05'),(406,2,1,'http://onedrive/vk/file_5190',341321,'{\"owner\": \"Reuben Swift\"}','2019-08-30 17:28:53','2020-04-03 11:52:05'),(407,1,3,'http://onedrive/vk/file_2943',150247,'{\"owner\": \"Noah Greenholt\"}','2019-06-18 23:24:45','2020-04-03 11:52:05'),(408,2,2,'http://onedrive/vk/file_7144',176755,'{\"owner\": \"Justus Luettgen\"}','2020-01-28 07:43:31','2020-04-03 11:52:05'),(409,1,3,'http://onedrive/vk/file_7895',423035,'{\"owner\": \"Mina Wolf\"}','2019-12-17 13:17:35','2020-04-03 11:52:05'),(410,2,1,'http://onedrive/vk/file_8045',34714356,'{\"owner\": \"Stanton Fay\"}','2019-07-18 16:52:36','2020-04-03 11:52:05'),(411,2,2,'http://onedrive/vk/file_6539',674914,'{\"owner\": \"Stanton Fay\"}','2019-04-11 12:21:44','2020-04-03 11:52:05'),(412,1,3,'http://onedrive/vk/file_7562',569143157,'{\"owner\": \"Vanessa Bruen\"}','2020-01-15 17:00:30','2020-04-03 11:52:05'),(413,2,1,'http://onedrive/vk/file_8195',295469,'{\"owner\": \"Garret Rohan\"}','2019-06-14 07:37:13','2020-04-03 11:52:05'),(414,1,3,'http://onedrive/vk/file_8292',63868,'{\"owner\": \"Meggie Lindgren\"}','2019-11-26 14:36:30','2020-04-03 11:52:05'),(415,1,2,'http://onedrive/vk/file_6874',894151,'{\"owner\": \"Janiya Yundt\"}','2019-06-17 03:15:09','2020-04-03 11:52:05'),(416,2,3,'http://onedrive/vk/file_8496',342604,'{\"owner\": \"Zola Moen\"}','2019-07-31 20:19:08','2020-04-03 11:52:05'),(417,1,3,'http://onedrive/vk/file_2859',822132,'{\"owner\": \"Meggie Lindgren\"}','2019-07-11 00:06:30','2020-04-03 11:52:05'),(418,1,1,'http://onedrive/vk/file_5807',816612,'{\"owner\": \"Martine Klein\"}','2020-03-27 18:10:00','2020-04-03 11:52:05'),(419,2,1,'http://onedrive/vk/file_1461',345256,'{\"owner\": \"Mercedes Purdy\"}','2020-02-25 03:58:58','2020-04-03 11:52:05'),(420,2,2,'http://onedrive/vk/file_6881',166442,'{\"owner\": \"Ericka Flatley\"}','2019-06-19 05:21:06','2020-04-03 11:52:05'),(421,1,2,'http://onedrive/vk/file_2024',6654,'{\"owner\": \"Berneice Hoppe\"}','2019-05-24 16:06:51','2020-04-03 11:52:05'),(422,1,2,'http://onedrive/vk/file_6476',686442,'{\"owner\": \"Barney Prosacco\"}','2019-07-01 14:16:46','2020-04-03 11:52:05'),(423,2,2,'http://onedrive/vk/file_7313',225659342,'{\"owner\": \"Justus Luettgen\"}','2019-12-03 16:39:41','2020-04-03 11:52:05'),(424,2,1,'http://onedrive/vk/file_7138',222889,'{\"owner\": \"Mariam Herzog\"}','2019-08-22 17:56:32','2020-04-03 11:52:05'),(425,2,3,'http://onedrive/vk/file_3754',845120,'{\"owner\": \"Dayton Schamberger\"}','2019-04-24 23:51:32','2020-04-03 11:52:05'),(426,1,3,'http://onedrive/vk/file_5352',157829257,'{\"owner\": \"Holly Zboncak\"}','2019-11-06 14:44:25','2020-04-03 11:52:05'),(427,2,1,'http://onedrive/vk/file_5503',846939,'{\"owner\": \"Mercedes Purdy\"}','2019-07-04 15:00:45','2020-04-03 11:52:05'),(428,2,3,'http://onedrive/vk/file_1458',334177,'{\"owner\": \"Mitchell Considine\"}','2019-12-29 20:55:16','2020-04-03 11:52:05'),(429,1,3,'http://onedrive/vk/file_7778',849697,'{\"owner\": \"Louie Feest\"}','2019-05-10 07:43:31','2020-04-03 11:52:05'),(430,2,1,'http://onedrive/vk/file_6523',789335,'{\"owner\": \"Ahmad Hettinger\"}','2020-02-16 21:35:08','2020-04-03 11:52:05'),(431,2,2,'http://onedrive/vk/file_8279',495859,'{\"owner\": \"Mae Sawayn\"}','2019-09-18 18:56:58','2020-04-03 11:52:05'),(432,1,1,'http://onedrive/vk/file_2829',312910,'{\"owner\": \"Cierra Koss\"}','2019-08-15 04:33:28','2020-04-03 11:52:05'),(433,1,3,'http://onedrive/vk/file_6305',29536999,'{\"owner\": \"Avery Crooks\"}','2020-01-30 00:16:19','2020-04-03 11:52:05'),(434,2,2,'http://onedrive/vk/file_4043',101293,'{\"owner\": \"Ramona Bartell\"}','2020-01-03 11:39:02','2020-04-03 11:52:05'),(435,1,1,'http://onedrive/vk/file_9299',72265041,'{\"owner\": \"Herbert Schultz\"}','2019-05-12 06:07:48','2020-04-03 11:52:05'),(436,2,3,'http://onedrive/vk/file_6370',768151683,'{\"owner\": \"Diana Predovic\"}','2020-01-30 01:37:39','2020-04-03 11:52:05'),(437,2,2,'http://onedrive/vk/file_2953',808890,'{\"owner\": \"Krista Harber\"}','2020-03-31 05:21:51','2020-04-03 11:52:05'),(438,2,3,'http://onedrive/vk/file_3654',413403065,'{\"owner\": \"Audie Huel\"}','2019-12-14 23:28:56','2020-04-03 11:52:05'),(439,1,2,'http://onedrive/vk/file_8411',130573,'{\"owner\": \"Antonia Bechtelar\"}','2020-01-16 08:01:00','2020-04-03 11:52:05'),(440,1,3,'http://onedrive/vk/file_3095',96409635,'{\"owner\": \"Myrtice Jaskolski\"}','2019-05-31 04:14:47','2020-04-03 11:52:05'),(441,1,2,'http://onedrive/vk/file_7242',370428,'{\"owner\": \"Damion Barrows\"}','2019-10-06 15:50:23','2020-04-03 11:52:05'),(442,1,2,'http://onedrive/vk/file_7926',1153712,'{\"owner\": \"Stanton Fay\"}','2019-11-19 16:33:19','2020-04-03 11:52:05'),(443,1,1,'http://onedrive/vk/file_7906',16195,'{\"owner\": \"Noah Greenholt\"}','2019-11-23 11:00:35','2020-04-03 11:52:05'),(444,1,2,'http://onedrive/vk/file_5755',52783,'{\"owner\": \"Mae Sawayn\"}','2019-08-04 03:25:33','2020-04-03 11:52:05'),(445,2,3,'http://onedrive/vk/file_4057',579257,'{\"owner\": \"Elva Bednar\"}','2019-11-19 06:05:39','2020-04-03 11:52:05'),(446,1,1,'http://onedrive/vk/file_2020',137703,'{\"owner\": \"Missouri King\"}','2020-02-03 22:49:38','2020-04-03 11:52:05'),(447,2,2,'http://onedrive/vk/file_5927',593896654,'{\"owner\": \"Mariam Herzog\"}','2019-12-21 07:42:31','2020-04-03 11:52:05'),(448,2,1,'http://onedrive/vk/file_4580',740746,'{\"owner\": \"Keira Robel\"}','2019-09-05 16:04:04','2020-04-03 11:52:05'),(449,1,2,'http://onedrive/vk/file_4119',580625,'{\"owner\": \"Velma Hessel\"}','2020-01-05 13:15:21','2020-04-03 11:52:05'),(450,2,2,'http://onedrive/vk/file_5856',670887,'{\"owner\": \"Jacklyn Kuhlman\"}','2019-12-12 11:03:21','2020-04-03 11:52:05'),(451,1,2,'http://onedrive/vk/file_6924',702562,'{\"owner\": \"Stan Padberg\"}','2019-12-05 05:16:37','2020-04-03 11:52:05'),(452,2,2,'http://onedrive/vk/file_7054',590153,'{\"owner\": \"Lesley Barton\"}','2019-07-21 21:25:59','2020-04-03 11:52:05'),(453,1,1,'http://onedrive/vk/file_4500',833082,'{\"owner\": \"Eusebio Walter\"}','2019-10-12 13:14:34','2020-04-03 11:52:05'),(454,2,3,'http://onedrive/vk/file_9337',584953,'{\"owner\": \"Evert Grimes\"}','2019-10-20 19:42:22','2020-04-03 11:52:05'),(455,2,2,'http://onedrive/vk/file_5190',70449640,'{\"owner\": \"Alda Stamm\"}','2019-12-09 09:25:03','2020-04-03 11:52:05'),(456,1,2,'http://onedrive/vk/file_5936',415521,'{\"owner\": \"Leonor Hills\"}','2019-12-17 18:39:01','2020-04-03 11:52:05'),(457,2,1,'http://onedrive/vk/file_4112',11039835,'{\"owner\": \"Jakayla Gerlach\"}','2019-11-29 13:33:44','2020-04-03 11:52:05'),(458,2,1,'http://onedrive/vk/file_1752',312747,'{\"owner\": \"Marcelina Graham\"}','2019-05-07 14:06:34','2020-04-03 11:52:05'),(459,1,2,'http://onedrive/vk/file_4425',576339,'{\"owner\": \"Meghan Cole\"}','2020-02-10 10:48:23','2020-04-03 11:52:05'),(460,1,2,'http://onedrive/vk/file_6872',979967807,'{\"owner\": \"Jaden McKenzie\"}','2019-04-14 20:22:33','2020-04-03 11:52:05'),(461,2,2,'http://onedrive/vk/file_2086',307175,'{\"owner\": \"Bernadette Spinka\"}','2019-10-27 09:43:18','2020-04-03 11:52:05'),(462,2,1,'http://onedrive/vk/file_6812',9625876,'{\"owner\": \"Jayce Wolf\"}','2020-02-21 03:54:12','2020-04-03 11:52:05'),(463,2,3,'http://onedrive/vk/file_8806',587633,'{\"owner\": \"Jakayla Gerlach\"}','2020-03-06 03:17:35','2020-04-03 11:52:05'),(464,1,3,'http://onedrive/vk/file_4594',206646,'{\"owner\": \"Coy Harber\"}','2019-04-02 16:48:56','2020-04-03 11:52:05'),(465,1,2,'http://onedrive/vk/file_4552',160333,'{\"owner\": \"Issac Kreiger\"}','2019-04-23 06:09:38','2020-04-03 11:52:05'),(466,1,2,'http://onedrive/vk/file_7979',171725,'{\"owner\": \"Ruthie Lynch\"}','2020-02-01 16:15:45','2020-04-03 11:52:05'),(467,2,1,'http://onedrive/vk/file_7240',367628,'{\"owner\": \"Reuben Swift\"}','2019-08-01 23:51:59','2020-04-03 11:52:05'),(468,2,3,'http://onedrive/vk/file_2266',412968,'{\"owner\": \"Morris Swift\"}','2019-07-03 01:27:39','2020-04-03 11:52:05'),(469,1,3,'http://onedrive/vk/file_6609',51958,'{\"owner\": \"Kaya Lubowitz\"}','2019-10-14 21:15:29','2020-04-03 11:52:05'),(470,1,3,'http://onedrive/vk/file_7247',247022,'{\"owner\": \"Rachel Hagenes\"}','2019-08-30 06:24:54','2020-04-03 11:52:05'),(471,2,1,'http://onedrive/vk/file_6412',31478017,'{\"owner\": \"Rachel Hagenes\"}','2019-07-13 02:01:11','2020-04-03 11:52:05'),(472,2,2,'http://onedrive/vk/file_9318',810886,'{\"owner\": \"Evelyn Heaney\"}','2020-03-16 05:34:24','2020-04-03 11:52:05'),(473,2,3,'http://onedrive/vk/file_8358',79053761,'{\"owner\": \"Cynthia Mohr\"}','2019-08-07 18:44:36','2020-04-03 11:52:05'),(474,2,3,'http://onedrive/vk/file_3837',679518,'{\"owner\": \"Noah Greenholt\"}','2020-02-13 23:35:38','2020-04-03 11:52:05'),(475,1,3,'http://onedrive/vk/file_2109',589477,'{\"owner\": \"Zoey Lubowitz\"}','2019-06-13 17:22:09','2020-04-03 11:52:05'),(476,2,3,'http://onedrive/vk/file_7035',166859025,'{\"owner\": \"Bette Daugherty\"}','2019-05-09 18:58:53','2020-04-03 11:52:05'),(477,2,1,'http://onedrive/vk/file_9851',4873014,'{\"owner\": \"Ashly Franecki\"}','2020-02-26 05:57:46','2020-04-03 11:52:05'),(478,1,2,'http://onedrive/vk/file_9152',288561,'{\"owner\": \"Kole Satterfield\"}','2019-12-20 23:01:07','2020-04-03 11:52:05'),(479,2,3,'http://onedrive/vk/file_6207',800149,'{\"owner\": \"Jakayla Gerlach\"}','2019-10-10 21:47:26','2020-04-03 11:52:05'),(480,1,1,'http://onedrive/vk/file_2582',425064,'{\"owner\": \"Aileen Lebsack\"}','2019-05-01 06:31:03','2020-04-03 11:52:05'),(481,1,2,'http://onedrive/vk/file_2289',614873,'{\"owner\": \"Bernadette Spinka\"}','2019-12-30 22:58:11','2020-04-03 11:52:05'),(482,1,3,'http://onedrive/vk/file_2698',202279,'{\"owner\": \"Holly Bergstrom\"}','2019-06-03 20:09:57','2020-04-03 11:52:05'),(483,2,1,'http://onedrive/vk/file_5623',889178,'{\"owner\": \"Mercedes Purdy\"}','2019-07-10 02:59:34','2020-04-03 11:52:05'),(484,1,2,'http://onedrive/vk/file_1024',860212409,'{\"owner\": \"Garry Maggio\"}','2020-01-25 16:48:05','2020-04-03 11:52:05'),(485,2,2,'http://onedrive/vk/file_5249',95696,'{\"owner\": \"Mariam Herzog\"}','2019-04-15 01:12:23','2020-04-03 11:52:05'),(486,2,1,'http://onedrive/vk/file_4177',791272,'{\"owner\": \"Ellis Konopelski\"}','2020-01-08 06:03:59','2020-04-03 11:52:05'),(487,2,1,'http://onedrive/vk/file_4136',307981,'{\"owner\": \"Meggie Lindgren\"}','2019-10-20 11:08:20','2020-04-03 11:52:05'),(488,1,2,'http://onedrive/vk/file_7151',497187,'{\"owner\": \"Missouri King\"}','2020-01-14 18:23:24','2020-04-03 11:49:22'),(489,2,1,'http://onedrive/vk/file_4348',37896135,'{\"owner\": \"Ramona Bartell\"}','2019-10-05 07:34:02','2020-04-03 11:52:05'),(490,2,3,'http://onedrive/vk/file_8288',77053,'{\"owner\": \"Ahmad Hettinger\"}','2020-02-12 16:27:15','2020-04-03 11:52:05'),(491,2,2,'http://onedrive/vk/file_9396',378830,'{\"owner\": \"Rosina Gorczany\"}','2019-12-25 15:10:30','2020-04-03 11:52:05'),(492,2,2,'http://onedrive/vk/file_3120',35357,'{\"owner\": \"Wilburn Abbott\"}','2019-05-17 19:52:54','2020-04-03 11:52:05'),(493,2,1,'http://onedrive/vk/file_4410',70261,'{\"owner\": \"Maybelle Keebler\"}','2019-06-21 01:57:55','2020-04-03 11:52:05'),(494,2,2,'http://onedrive/vk/file_2690',667839,'{\"owner\": \"Stanton Fay\"}','2019-07-19 02:23:51','2020-04-03 11:52:05'),(495,2,1,'http://onedrive/vk/file_8221',41170462,'{\"owner\": \"Declan Gerhold\"}','2019-12-17 01:30:40','2020-04-03 11:52:05'),(496,1,1,'http://onedrive/vk/file_5038',704397,'{\"owner\": \"Audie Huel\"}','2020-03-29 15:13:41','2020-04-03 11:52:05'),(497,1,2,'http://onedrive/vk/file_8527',410335,'{\"owner\": \"Kaleb Sanford\"}','2019-09-24 18:34:02','2020-04-03 11:52:05'),(498,2,3,'http://onedrive/vk/file_8525',905185,'{\"owner\": \"Avery Crooks\"}','2019-06-21 04:33:09','2020-04-03 11:52:05'),(499,2,2,'http://onedrive/vk/file_7044',584924,'{\"owner\": \"Stan Padberg\"}','2020-02-01 13:20:10','2020-04-03 11:52:05'),(500,2,1,'http://onedrive/vk/file_8648',9090,'{\"owner\": \"Leonor Hills\"}','2019-07-25 05:41:29','2020-04-03 11:52:05');
/*!40000 ALTER TABLE `media` ENABLE KEYS */;
UNLOCK TABLES;

--
-- Table structure for table `media_types`
--

DROP TABLE IF EXISTS `media_types`;
/*!40101 SET @saved_cs_client     = @@character_set_client */;
/*!50503 SET character_set_client = utf8mb4 */;
CREATE TABLE `media_types` (
  `id` int unsigned NOT NULL AUTO_INCREMENT,
  `name` varchar(255) CHARACTER SET utf8 COLLATE utf8_unicode_ci NOT NULL,
  PRIMARY KEY (`id`),
  UNIQUE KEY `name` (`name`)
) ENGINE=InnoDB AUTO_INCREMENT=4 DEFAULT CHARSET=utf8 COLLATE=utf8_unicode_ci;
/*!40101 SET character_set_client = @saved_cs_client */;

--
-- Dumping data for table `media_types`
--

LOCK TABLES `media_types` WRITE;
/*!40000 ALTER TABLE `media_types` DISABLE KEYS */;
INSERT INTO `media_types` VALUES (2,'music'),(1,'photo'),(3,'video');
/*!40000 ALTER TABLE `media_types` ENABLE KEYS */;
UNLOCK TABLES;

--
-- Table structure for table `messages`
--

DROP TABLE IF EXISTS `messages`;
/*!40101 SET @saved_cs_client     = @@character_set_client */;
/*!50503 SET character_set_client = utf8mb4 */;
CREATE TABLE `messages` (
  `id` int unsigned NOT NULL AUTO_INCREMENT,
  `from_user_id` int unsigned NOT NULL,
  `to_user_id` int unsigned NOT NULL,
  `body` text CHARACTER SET utf8 COLLATE utf8_unicode_ci NOT NULL,
  `is_important` tinyint(1) DEFAULT NULL,
  `is_delivered` tinyint(1) DEFAULT NULL,
  `created_at` datetime DEFAULT CURRENT_TIMESTAMP,
  PRIMARY KEY (`id`)
) ENGINE=InnoDB AUTO_INCREMENT=301 DEFAULT CHARSET=utf8 COLLATE=utf8_unicode_ci;
/*!40101 SET character_set_client = @saved_cs_client */;

--
-- Dumping data for table `messages`
--

LOCK TABLES `messages` WRITE;
/*!40000 ALTER TABLE `messages` DISABLE KEYS */;
INSERT INTO `messages` VALUES (1,18,120,'Ut architecto impedit et rerum voluptatem repudiandae. Delectus exercitationem quam aut aut. Tenetur voluptatem ex dolorum saepe ratione ipsum. Ipsa iste laboriosam explicabo omnis illum provident consequatur.',0,0,'2019-07-26 18:39:37'),(2,64,121,'Quae ut ea error eveniet. Ut vel consectetur molestias voluptatibus libero ut ea. Consequuntur commodi hic facilis eos. Dignissimos atque voluptatem ea corporis.',1,1,'2019-11-04 17:41:26'),(3,116,136,'Possimus optio cupiditate eos et molestiae et ipsam. Est esse assumenda quidem. Iure esse quam veniam officia beatae dolorem autem. Exercitationem esse cumque numquam itaque sit.',1,1,'2019-05-30 15:16:31'),(4,90,108,'Est sunt officia iste unde tempora dolore. Enim voluptatem aut rerum ut aut qui ducimus. Odit velit et itaque fugiat quam. Qui enim cum error est ut autem.',1,0,'2020-02-24 09:09:40'),(5,103,59,'Occaecati quos sed dicta tenetur sunt laudantium facilis. Alias dolor sapiente ab est quia qui vitae. Distinctio voluptas molestias porro amet itaque. Quo culpa est minus maiores voluptates.',1,1,'2020-02-06 22:16:14'),(6,94,16,'In quibusdam sed rerum atque cumque. Voluptas quos perspiciatis maxime facere voluptas distinctio soluta. Non vel eos minus eos voluptates veniam.',1,1,'2019-05-09 00:56:03'),(7,11,32,'Atque repudiandae fugiat quaerat sit. Impedit nesciunt ea dolores eius. Non praesentium dolor voluptatem.',0,1,'2019-09-06 22:37:37'),(8,69,137,'Quidem quos ut deserunt ipsa. Consequatur recusandae itaque reiciendis ut asperiores nobis. Ut atque esse assumenda ullam dolores alias. Inventore exercitationem vel recusandae omnis earum.',1,0,'2019-07-19 02:44:37'),(9,15,114,'Ab dolores magnam magnam aliquam nisi et. Aut amet voluptas sed est sunt. Quae explicabo dolor asperiores recusandae. Non saepe fugit quasi.',0,1,'2019-08-11 23:15:43'),(10,15,57,'Et consequatur ad sit non ratione dolorem. Dolorem velit error est quasi praesentium nesciunt. Veniam perferendis sequi totam esse. Eum est sit recusandae quibusdam voluptatem ex.',0,0,'2020-02-23 00:46:26'),(11,33,81,'Vero quia architecto doloribus ad. Ipsum aut et ut quod porro nemo. Aut optio veniam eum temporibus provident facere minus.',1,1,'2020-03-14 02:46:28'),(12,116,26,'Quidem fugiat hic fugiat. Rerum rerum voluptatibus amet quibusdam fugit quis tempora qui.',1,0,'2020-02-15 21:11:14'),(13,34,53,'Minima voluptatum optio rerum repudiandae asperiores et consequatur. Sint sapiente mollitia ut repellat quis quam. Cumque tenetur debitis fuga est ut eveniet rerum.',1,0,'2020-01-13 03:31:10'),(14,119,95,'Dolorem et eveniet voluptatem dolorem deleniti quasi at. Rerum est aliquam architecto rerum. Voluptatem quia et assumenda aut veniam sit.',1,0,'2020-03-15 05:04:09'),(15,45,145,'Omnis aspernatur et vel tempora. Cum voluptatem laborum aperiam. Voluptatem non eum quidem cumque et minus. Facere totam aperiam vero molestiae est est eos voluptatem.',0,0,'2019-05-02 23:09:18'),(16,18,149,'Enim ea voluptates et ea mollitia unde repudiandae. Nulla id dolorem cumque magni id quia placeat. Est et nesciunt minima culpa tempore et quia. Nihil et omnis at error illum quo.',0,0,'2019-12-18 23:30:20'),(17,104,99,'Quaerat nemo ut deserunt quisquam vitae sed id. Quas fugit non ut qui. Eos voluptatem voluptas in tenetur. Dolores odio vero dicta sed consectetur.',1,1,'2019-10-06 08:10:42'),(18,19,110,'Ut ut minus autem harum rerum. Cupiditate perspiciatis ad omnis aspernatur eaque ut. Deserunt alias doloremque laboriosam placeat praesentium dolores reprehenderit sint. Dolores incidunt iusto et eos ea.',1,1,'2019-04-29 12:42:21'),(19,80,96,'Tempora aspernatur quia modi. Praesentium in optio explicabo.',1,1,'2020-03-05 13:39:25'),(20,45,68,'Sit ipsam sapiente ad saepe sed architecto ex. Quisquam et provident et quia voluptates eius. Consequatur occaecati odit ut eos. Asperiores iusto et est eum consequatur omnis.',0,0,'2019-12-02 13:48:19'),(21,132,149,'Voluptas earum asperiores facere temporibus dolores et itaque voluptate. Facilis modi eius iure et fugit dolor a quis. Officiis labore ipsam natus quo.',0,0,'2019-08-24 00:33:17'),(22,79,76,'Quas libero quis aut iste aut aspernatur dolorum laudantium. Modi delectus voluptate eius sapiente cupiditate velit odit. Dolores quaerat eveniet voluptas et architecto.',0,1,'2020-02-02 21:13:30'),(23,147,125,'Illum unde voluptas id natus exercitationem aut et. Eum voluptas quia ut non.',0,0,'2019-04-21 16:39:45'),(24,51,81,'Nisi inventore magni quibusdam quisquam molestiae. Saepe esse eos illo eveniet et voluptatem. Labore sit odio quia aut. Eligendi quaerat consequatur et sit minima ratione.',0,1,'2019-12-14 05:29:14'),(25,113,70,'Ipsa tempore tenetur dolore. Ut ut aut molestias autem doloribus qui est. Omnis rem nesciunt eveniet autem debitis. Et quidem laborum voluptatum voluptas.',0,1,'2019-11-07 15:30:06'),(26,113,80,'Nulla blanditiis velit alias. Eos qui omnis qui.',0,0,'2019-10-30 09:41:25'),(27,76,10,'Eligendi nobis sed molestiae omnis expedita et earum. Sed maxime quo id quo debitis cumque voluptates. Quis praesentium dolorum quia dolorem quaerat. Enim explicabo culpa maxime eos ipsum ab libero. Nesciunt nihil aut laudantium veritatis.',1,1,'2019-12-27 19:54:22'),(28,39,92,'Ea dignissimos alias qui omnis quo. Est deleniti at nisi aut. Perferendis porro et nisi amet esse porro. Optio perferendis autem labore non id aut accusamus.',0,0,'2020-03-19 22:18:52'),(29,116,48,'Nam enim aut beatae voluptatem optio et nisi. Et vero blanditiis delectus dolore sit. Eum repellendus rerum eligendi odit delectus. Asperiores dolorem neque esse dolores quibusdam blanditiis.',0,1,'2019-04-03 23:25:21'),(30,14,66,'Voluptatem sed minima est. Possimus omnis modi neque magnam. Et quod dolores reprehenderit hic qui voluptate. Velit quasi ad id vel aut nisi in et. Ea ea quisquam ut.',1,0,'2019-09-21 10:27:30'),(31,22,43,'Autem repellat nemo quia repellendus sit rerum ea. Dicta eos distinctio sint vel est eveniet at. Tempore enim quidem sint temporibus illo nihil assumenda.',0,1,'2019-12-07 02:24:43'),(32,65,74,'Distinctio veritatis et sit in occaecati necessitatibus incidunt sed. Itaque blanditiis id voluptas pariatur quis necessitatibus. Vero expedita quidem voluptatem quia.',1,0,'2020-03-09 12:47:05'),(33,109,35,'In est velit aut ut ut quae. Expedita aut voluptatem laborum velit cumque earum.',1,1,'2019-04-28 16:37:44'),(34,51,122,'Libero iste et ab a animi dolore. Quia velit quo quam autem non et voluptatem. Dignissimos voluptas laborum deserunt.',1,0,'2019-05-05 12:34:00'),(35,80,139,'Omnis ipsa sed consequatur non ipsa excepturi non. Neque officia reprehenderit quia voluptatibus quasi quibusdam voluptatum. Voluptas aut facilis sint aliquid itaque non voluptas et.',0,0,'2019-05-07 21:36:37'),(36,94,39,'Delectus qui cumque deserunt omnis dolorum nihil qui dolore. Exercitationem et velit minus consectetur voluptates fuga provident. Error ut beatae aspernatur.',0,0,'2020-01-14 10:12:55'),(37,83,57,'Minus aperiam excepturi velit temporibus et quisquam perferendis optio. Impedit impedit et est quasi facere modi et adipisci. Ullam illo sit cumque repellat aut. Nihil dolores sapiente autem voluptatem.',0,1,'2019-12-20 23:29:58'),(38,134,120,'Voluptates sunt assumenda sit reiciendis aut tempore. Quasi eveniet iusto occaecati repellat quia assumenda accusantium facilis. Dolor sint eos laboriosam sapiente. Eos sit quia deleniti aliquam corrupti.',0,0,'2019-06-15 18:19:14'),(39,119,88,'Eum repudiandae ratione quis vitae. Qui sit placeat quo accusantium alias. Ipsam eius qui quam aspernatur.',1,0,'2019-06-02 15:22:02'),(40,46,103,'Sed hic ut rem adipisci voluptas qui nam. Veniam beatae id error nemo autem aut. Autem deserunt quis sed.',0,1,'2019-12-05 02:35:58'),(41,20,87,'Necessitatibus non nisi voluptas rerum quasi. Aut et architecto optio pariatur sed. Qui repellat odit voluptatum animi ducimus. Numquam consequatur est eum perferendis.',0,0,'2019-12-10 01:42:04'),(42,112,94,'Dolore vero at culpa est cupiditate. Voluptas cupiditate beatae voluptatem dolorem at voluptates possimus. Accusamus soluta ducimus sint vitae fuga. Nostrum tenetur nostrum non voluptas eveniet exercitationem.',1,0,'2019-04-10 19:16:44'),(43,51,25,'Repellat similique aperiam quisquam voluptates non numquam velit. Numquam ratione rerum minus eum voluptatum a. Inventore in suscipit voluptatibus eos.',1,1,'2019-09-21 23:11:46'),(44,69,93,'Temporibus fugit debitis earum quis labore eligendi. Exercitationem minima quos atque et asperiores error. Quod expedita impedit dolore eum est. Molestias recusandae saepe exercitationem sed nam.',0,0,'2019-07-14 16:34:40'),(45,41,71,'Velit numquam non possimus officiis earum eius sed. Iure quas sequi excepturi porro quisquam. Consequatur vel excepturi omnis qui.',0,1,'2019-04-22 00:15:37'),(46,146,98,'Perspiciatis voluptatem qui dolorum ea similique suscipit. Debitis non maiores recusandae est non. Id repellendus aut laboriosam vitae laudantium.',0,0,'2019-07-25 00:38:29'),(47,9,95,'Perferendis iusto assumenda at ullam itaque optio placeat. Voluptatem enim vel nobis assumenda a.',0,0,'2019-05-14 23:23:18'),(48,56,139,'A sit ipsa ipsa magni explicabo. Et expedita quae et in sit. Aliquam dolores autem vero aliquam. Aut ducimus id porro tempora odit quod.',0,1,'2019-10-30 20:05:10'),(49,101,35,'Dolorem neque quia ex sint. Quia esse delectus cumque voluptatum. Debitis exercitationem accusantium dolor in sapiente ipsa eos.',1,1,'2019-11-18 19:19:58'),(50,40,42,'Tenetur maiores laboriosam sed harum quas. Qui non eos sapiente rerum nesciunt laudantium quisquam. Praesentium magni libero quod rerum.',1,1,'2020-03-12 17:03:50'),(51,47,3,'Sunt dicta deleniti asperiores rerum et. Eius itaque voluptatum maxime et inventore delectus officia. Incidunt et voluptatibus ipsam ipsa consequatur et.',1,1,'2019-10-13 13:37:25'),(52,115,38,'Deleniti dolor autem et a sunt quis ea. Repudiandae facere magni est.',0,0,'2019-05-15 08:05:59'),(53,136,116,'Voluptate non vero id et itaque. Et aspernatur nihil non ad. Accusantium fugit consectetur aut omnis in.',0,0,'2019-09-18 11:33:45'),(54,36,16,'Autem nulla voluptates quis aperiam nobis. Vero sint qui omnis corporis debitis omnis.',1,1,'2019-06-27 09:59:30'),(55,70,142,'Numquam qui ducimus quos blanditiis nisi voluptatem. Veritatis nihil quos qui quisquam natus sed quae. Molestiae facere eum ea quia ratione. Excepturi incidunt esse exercitationem.',1,1,'2020-03-07 07:33:22'),(56,90,107,'Molestiae optio explicabo tempore et earum quibusdam harum illum. Cum aut cumque et nulla facilis sed. Omnis incidunt et doloremque ut sunt.',0,0,'2019-12-22 12:38:43'),(57,92,13,'Ipsam quam qui est. Id cupiditate nostrum repellendus consequatur. Voluptatem non optio architecto qui soluta perferendis illo.',0,0,'2019-04-29 06:17:26'),(58,41,118,'Minus molestiae maiores officiis officia. Ut cumque minima eligendi.',0,1,'2020-03-25 02:26:04'),(59,77,144,'Quasi alias laborum sed voluptates rerum. Enim ea ad dolor in quae. Harum quaerat rerum vel.',1,1,'2019-11-30 15:07:04'),(60,114,84,'Consequatur alias aspernatur quod autem et. Iste quas illum aut at est. Sit eligendi reprehenderit architecto soluta. Voluptas vel odit omnis velit amet inventore nobis minima.',1,0,'2019-12-09 14:58:38'),(61,41,10,'Consequatur perspiciatis et repellendus vitae. In pariatur natus velit qui doloribus expedita laudantium. Atque ut exercitationem ea doloribus qui ipsa.',1,0,'2020-03-11 18:48:34'),(62,11,110,'Earum unde corrupti corrupti sit similique adipisci. Laudantium eum incidunt impedit laborum. Accusantium temporibus facere repellendus eum. Sint est pariatur praesentium aliquam necessitatibus.',1,1,'2020-01-23 18:38:49'),(63,78,122,'Eligendi voluptatem omnis quas vel quam saepe sit. Praesentium officia deserunt totam omnis voluptatem ducimus suscipit. Quia hic voluptatem quo nisi magnam est itaque. Sunt sunt sint aspernatur.',0,1,'2019-06-22 19:40:49'),(64,60,117,'Recusandae corporis doloremque consequuntur maxime quia vitae delectus voluptate. Aut vero recusandae quidem. Quo et saepe doloribus quis est ex eos.',1,1,'2019-05-21 18:21:57'),(65,67,68,'Sunt cum eum non repellendus. Dicta maiores nobis minima. Ducimus et autem sed corporis optio. Veritatis ipsum veniam quo suscipit quo quia qui.',1,1,'2019-04-11 08:14:04'),(66,4,59,'Illum ab unde et. Qui et sed placeat quas deserunt occaecati est. Rerum ipsam perferendis voluptatem itaque. Sequi animi et eveniet est explicabo.',0,1,'2019-08-12 15:36:01'),(67,117,56,'Aut illo labore at. Quisquam est quia est illum ut occaecati delectus deserunt. Corporis corrupti molestiae nemo error. Nobis inventore earum aspernatur.',0,0,'2019-10-23 13:03:17'),(68,125,31,'Fugit nihil sit ut veniam mollitia rem corrupti. Vel odit rerum et corporis tempore nihil eligendi. Veniam alias aut rerum dolorem necessitatibus. Consectetur accusamus illum nihil ullam magni id.',1,1,'2020-02-10 09:31:09'),(69,124,21,'Officia qui autem accusamus et dolore voluptas. Voluptas tempora corrupti consequuntur ab et illo.',0,0,'2019-05-17 08:31:10'),(70,96,39,'Non laborum eos ut officia perferendis perspiciatis. Aspernatur laborum dolorum accusantium vel temporibus omnis suscipit. Ut assumenda facilis quae sit doloribus pariatur repellat. Voluptas qui minus natus quia ipsa explicabo.',1,1,'2020-03-22 12:48:32'),(71,108,133,'Dolor est sapiente similique perferendis eum voluptatem. Tempora et doloremque delectus et numquam officia quasi perferendis.',0,1,'2019-08-15 11:18:34'),(72,102,110,'Vero consequatur voluptatem qui est. Atque optio dolorem error ea consequatur officiis et. Ut voluptas quasi voluptatum voluptatem aspernatur eius ad.',1,0,'2020-01-05 20:00:07'),(73,35,94,'Enim provident tempora perferendis laboriosam delectus illum ea deleniti. Et quaerat placeat magni beatae. Dolorem rerum officia dicta consectetur debitis officia reprehenderit voluptatem.',1,1,'2020-02-26 14:49:35'),(74,18,30,'Magnam et et sed laborum. Est laboriosam sit adipisci placeat tempore. Est saepe laborum quo iure voluptatem illum. Quam sequi enim consequuntur dignissimos ut eaque in.',0,1,'2019-05-16 09:57:42'),(75,133,132,'Est sed repellat et placeat sunt in doloribus qui. Earum sunt nam perspiciatis quia. Aliquam sint accusantium iste qui aut.',0,1,'2019-05-05 21:52:29'),(76,15,150,'Et fugit temporibus est et quod quas. Voluptas nisi aut ad vero. Qui facere velit dolor qui odio. Sint non omnis facilis tempore eos architecto adipisci qui.',1,1,'2019-09-03 11:49:15'),(77,123,80,'Ipsum eius explicabo corporis voluptatem. Sunt libero error enim consectetur dolorem. Ducimus qui non dolore dolorem dolores doloribus.',1,0,'2019-12-05 17:43:18'),(78,123,115,'Corporis enim dicta quia labore quia sit veniam. Id vitae optio magni autem temporibus dolorem. Dolores sunt consectetur a non in dolorum. Cum possimus sit eos voluptatem sint adipisci dignissimos ut. Omnis minus ab quasi et occaecati hic.',1,1,'2019-06-06 19:45:46'),(79,96,87,'Voluptatum tempora exercitationem aperiam adipisci temporibus. Veniam dolores repellat nisi voluptas a. Sed quod ullam eum exercitationem. Autem voluptatum possimus nihil eaque dicta culpa.',1,1,'2020-02-24 14:19:50'),(80,109,81,'Hic laborum aut aut itaque culpa. Provident recusandae id voluptatem. Odio asperiores totam quas quia voluptatem vel dolores.',0,1,'2019-07-26 14:57:04'),(81,107,148,'Expedita minus odit deserunt ut sed est qui. Consequuntur aut vero recusandae et rerum in. Temporibus est in rem sunt.',0,0,'2019-11-30 04:01:30'),(82,58,29,'Voluptatem doloribus inventore omnis beatae quia enim debitis sunt. Doloremque dolorem iusto recusandae impedit repudiandae. Odit quasi nihil dolorem et adipisci non unde modi.',1,1,'2019-06-10 08:25:06'),(83,118,7,'Doloremque deleniti non quidem aut aut tempora nihil. Maxime quia cupiditate illo cumque eos nesciunt. Possimus ex veniam minus dolores dolores et. Ipsa mollitia omnis autem optio aliquam et.',1,0,'2019-12-09 03:01:20'),(84,116,83,'Laboriosam ut ut expedita itaque rerum. Quis omnis omnis id ut numquam dolorem ut.',1,0,'2020-01-01 07:07:48'),(85,79,12,'Unde ratione eaque sapiente quos delectus voluptatum. Voluptas excepturi atque accusantium. Et non dolor sed enim soluta.',0,0,'2019-08-22 04:03:21'),(86,45,1,'Ut nam iusto soluta facere iste officiis consectetur nemo. Debitis quaerat impedit suscipit magnam voluptate. Omnis quia laborum magnam nihil doloremque et.',0,0,'2019-06-24 11:09:24'),(87,136,91,'Nobis quisquam deleniti aliquam iure debitis dolor et itaque. Molestiae expedita repudiandae quasi quasi rem eum animi. Veritatis non porro modi nisi ut.',1,1,'2019-12-04 18:36:58'),(88,98,147,'Minus maiores quis eveniet ipsum. Et et perspiciatis atque quam accusamus iste placeat eaque. Aut facere delectus eius aspernatur iure et repellendus.',1,0,'2019-08-09 11:19:52'),(89,80,104,'Itaque ut provident et. Hic ut officiis qui quia ipsam eligendi temporibus suscipit. Pariatur omnis qui necessitatibus repudiandae et.',1,0,'2019-08-02 12:21:36'),(90,106,53,'Quis corporis accusamus soluta officia. Tempora ipsam dignissimos rerum nobis ut voluptatem. Voluptas quidem voluptatum quae qui. Autem quaerat dolore tempora fugiat repellendus dolore ut.',0,0,'2019-05-05 12:07:50'),(91,141,133,'Voluptatem possimus non architecto fugit voluptas suscipit laboriosam explicabo. Fugiat mollitia tenetur molestiae cum aut earum. Et rem neque sint quia debitis. Architecto quis mollitia ducimus qui nesciunt libero quia.',1,0,'2019-07-19 07:13:20'),(92,87,64,'Ut consequatur nostrum quis velit modi maiores et. Quia assumenda est quia repudiandae aspernatur eligendi harum. Enim aut quas consequatur. Consectetur laborum expedita iure sit.',0,1,'2019-08-09 02:23:21'),(93,11,52,'Est ea delectus voluptates nostrum recusandae. Qui alias in expedita sequi quas consequatur quasi sunt. Aliquid magnam ducimus aut praesentium. Quas quae magnam animi.',0,0,'2019-07-25 02:12:11'),(94,93,8,'Cumque molestias voluptas distinctio voluptatibus debitis dignissimos rerum. Accusantium pariatur alias repellendus aut qui voluptates vero. Voluptas sint ducimus vel impedit amet esse sit. Tempora magni voluptatem ducimus non et et.',1,1,'2019-04-01 19:24:55'),(95,134,79,'Libero expedita id quia. Voluptas vel laboriosam iure esse nihil. Earum blanditiis repellat quia voluptas porro et. Quisquam provident cupiditate deserunt sed totam placeat est. Autem alias libero et consequatur sed.',1,0,'2019-08-02 07:59:53'),(96,91,61,'Cupiditate omnis voluptate placeat repellendus. Accusamus fugit cumque beatae itaque tempora. Inventore omnis vel facilis est eius.',1,1,'2020-03-23 18:47:52'),(97,51,88,'Perferendis eligendi sit minus est doloribus. Saepe quo eius nisi nobis dignissimos veniam in aut. Distinctio voluptatem error quidem molestiae maiores vel eos. Voluptatem vitae aperiam dolore ducimus quaerat praesentium adipisci.',0,1,'2019-11-10 04:19:44'),(98,134,104,'Velit officiis tempora autem praesentium. Laudantium enim rem est aspernatur ut dolor. Cumque natus sint quos.',1,0,'2019-06-14 11:53:10'),(99,68,95,'Voluptate officiis vel qui eos. Ab minus aspernatur molestiae non voluptatem. Qui porro repellat magni distinctio. Consequuntur eos molestiae totam qui debitis dignissimos eos.',0,1,'2019-10-15 07:22:52'),(100,88,145,'Quas tenetur dolores deserunt exercitationem. Est omnis dolorem ex accusamus qui iure. Aspernatur asperiores quisquam nostrum et autem facere.',1,1,'2019-07-23 23:38:22'),(101,86,97,'Natus fuga voluptatum voluptatum reiciendis. Qui voluptatem qui soluta est aut voluptatem. Sint ut omnis fugiat nemo sed repellat labore. Sint alias voluptas molestiae saepe est.',0,0,'2019-04-13 07:39:05'),(102,16,69,'Omnis quo pariatur occaecati sed. Perspiciatis est consequatur ad sapiente blanditiis fugit est. Quod aut illo sed tenetur delectus.',0,1,'2019-07-15 14:47:42'),(103,121,111,'Consequatur rerum dolor commodi molestiae consectetur. Adipisci ad velit ea dolores dignissimos facere. Qui voluptatum et sapiente iusto. Quasi occaecati odio dolor voluptatem quo. Qui voluptas hic voluptatem quo at sint aut.',0,0,'2019-07-18 04:30:47'),(104,111,26,'Magnam vel ipsam iure saepe nihil. Eius sequi qui nulla incidunt earum et. Autem ut tempore eaque vitae beatae nulla.',0,1,'2020-02-08 19:41:13'),(105,39,150,'Molestiae enim voluptatem perspiciatis nam voluptatem. Autem iure et error qui omnis. Quo ut impedit dolores praesentium. Et consequuntur enim est rerum eaque et laboriosam. Consequatur saepe et harum eum consequuntur adipisci.',0,0,'2019-10-14 08:57:37'),(106,12,73,'Sed ducimus eos tenetur labore et. Et eius officiis rerum omnis ipsum suscipit cumque. Totam reprehenderit ipsa eaque sapiente est.',0,1,'2019-06-21 18:48:06'),(107,89,112,'Quibusdam ad id quo aut rerum. Et et non id numquam maiores accusantium. Sint consequatur et consectetur. Voluptas sed quia facilis eligendi ut dolore.',0,0,'2019-11-18 02:13:40'),(108,113,143,'Possimus culpa et velit quia aut ea. Qui a pariatur dolorum omnis. Officia aut in dolor et. Expedita dolore mollitia dolorem.',1,1,'2019-07-10 02:24:06'),(109,1,3,'Sed rerum quis qui nulla et commodi. Nemo fugit aut est et dolor. Et molestiae et quidem similique explicabo ipsa consequuntur.',1,0,'2019-10-19 05:40:49'),(110,111,56,'Necessitatibus quaerat quos dicta sint. Architecto occaecati incidunt impedit libero. Ullam harum nisi ipsa fugit optio. Repudiandae adipisci voluptatem ipsa tenetur.',0,0,'2019-10-11 20:36:57'),(111,103,89,'Eaque et enim enim ad perspiciatis ex quia. Dolore hic asperiores quos. Et maiores et ipsam necessitatibus. Nostrum odit omnis libero repellat sequi.',0,1,'2019-09-28 01:20:43'),(112,34,65,'Consequatur deserunt nisi sed vitae consequatur. Et et impedit autem et et ipsa sed.',1,0,'2019-06-14 17:01:02'),(113,10,114,'Quam ipsa ex quasi eaque. Aut vel enim natus nostrum mollitia. A accusamus laborum repudiandae et animi autem sit.',0,0,'2019-12-05 03:47:51'),(114,98,62,'Excepturi sed modi laboriosam labore. Assumenda eligendi nihil asperiores nisi quia quia. In possimus quaerat quo nam omnis repellendus. Et maiores qui dicta voluptate quibusdam est.',1,1,'2020-01-10 16:58:58'),(115,10,31,'Omnis et quisquam deleniti cupiditate aut. Quia aut similique voluptas labore. Error asperiores a itaque eum.',1,1,'2020-01-22 21:57:46'),(116,56,87,'Facilis totam et eos nisi enim earum. Accusamus voluptatem aspernatur non voluptas officia sit animi. Distinctio veniam iste facere et. Quam neque soluta voluptates natus libero.',0,1,'2020-03-16 04:50:50'),(117,99,87,'Vitae aliquam cumque eligendi nihil architecto. Nihil amet totam fuga quasi. Libero nulla deleniti qui asperiores ipsam.',0,0,'2020-01-21 09:27:27'),(118,31,106,'Est vero molestiae velit omnis. Est soluta eligendi vitae sed delectus. Maxime et quo enim at. Velit quibusdam quia quaerat qui vero provident.',0,0,'2019-06-27 11:20:17'),(119,4,80,'Omnis consequuntur eaque illo omnis itaque. Quo aut mollitia dolorem impedit. In fugit voluptates occaecati. Sint consequatur illum aut quia voluptatem tempora et impedit.',1,0,'2019-12-09 13:39:14'),(120,76,8,'Vitae dolor dignissimos soluta recusandae et quasi. Laboriosam dolore repudiandae perspiciatis dolorum quia fugit eius. Voluptas fugit aliquam pariatur repudiandae harum dolorem et ut. Dolor exercitationem itaque voluptas itaque illo totam.',1,1,'2019-09-26 17:31:31'),(121,71,43,'Et repudiandae soluta temporibus autem aut. Tempore quis nostrum consectetur quas. Molestiae quia quo quo quis quae velit. Quas deserunt autem quasi laboriosam nihil.',0,0,'2019-09-11 05:40:17'),(122,127,7,'Quae tempore dolores molestias inventore enim placeat tempora labore. Perspiciatis quia sapiente consequatur veniam et cum. Eos ipsam dolorum quia sapiente quos tempora excepturi. Perferendis autem molestiae animi blanditiis necessitatibus adipisci vero qui. Pariatur voluptas alias accusamus ducimus nulla temporibus.',1,0,'2019-12-25 08:22:42'),(123,121,136,'Nostrum qui commodi molestias magni excepturi quaerat. Esse aut architecto velit sed hic alias autem. Animi voluptas eaque et incidunt beatae.',0,1,'2019-09-02 20:07:07'),(124,75,12,'Quae est dolor est culpa aliquam eos officia. Nihil tenetur deserunt qui culpa pariatur. Ex quia et voluptatem a quis placeat.',1,0,'2019-07-27 00:30:10'),(125,12,50,'Totam id tenetur eos et. Sit aut sunt et. Nesciunt ut dignissimos odio. Nihil quia accusantium illum totam illum porro. Et temporibus sequi culpa tenetur temporibus.',0,1,'2019-10-30 05:19:59'),(126,132,47,'Aperiam unde ad praesentium sed consectetur quo. Voluptatem corporis rerum mollitia repudiandae. Quia esse nam laborum. Magni sed maxime saepe quaerat in.',1,1,'2020-03-31 07:13:31'),(127,29,35,'Consequatur iste et quibusdam a et vitae voluptatem. Id et architecto eveniet ut distinctio ut sit. Molestiae autem autem voluptatem qui natus. Ad soluta libero laboriosam quisquam earum dolorem.',0,0,'2019-12-10 06:50:12'),(128,48,119,'Et est et fugit aut sit. Nemo sapiente id aliquam eligendi. Sit ut et vel qui voluptatem. Illum neque fugit nihil voluptatem fugit autem quia. Id ad possimus ullam.',0,1,'2019-11-30 06:08:19'),(129,149,146,'Ut dolorum qui amet. Quo minus exercitationem ex excepturi. Eaque quaerat enim odio.',0,0,'2019-05-13 06:24:44'),(130,7,64,'Consectetur sed earum itaque. Quos modi ut enim maxime reprehenderit nesciunt quasi in. Unde omnis esse aliquid eius voluptas.',1,0,'2019-12-26 19:05:28'),(131,32,48,'Qui consequuntur voluptates quia accusamus totam voluptatibus magnam et. Consequatur molestiae qui et asperiores enim qui libero quidem. Eum nobis laudantium mollitia sit. Et omnis repellendus ea.',1,0,'2019-12-25 12:24:52'),(132,138,116,'Magni officia corrupti ut. Saepe facere maxime consequatur sapiente atque architecto. Ut non minima libero distinctio dolorem blanditiis. Omnis quo minima iste expedita sit aliquam error.',0,0,'2019-07-25 20:25:12'),(133,147,86,'Est sapiente ipsam laboriosam ex repellat. Nam quo illo qui animi cum incidunt. Officia perferendis omnis eos quas ratione ut. Est dolorum aut explicabo quo sed maxime.',1,0,'2020-01-01 16:27:16'),(134,23,103,'Ea recusandae eos qui ut optio. Consequatur molestias quia voluptatem aut. Est eos voluptatibus rem sapiente. Nam est repellat possimus qui porro adipisci dolores.',0,0,'2019-07-29 22:38:21'),(135,119,130,'Veniam sed eum numquam nihil. Qui corrupti dolor eligendi vel quibusdam rerum nobis. Ea perspiciatis vel aliquam voluptates. Beatae laboriosam qui ipsum quo error.',0,1,'2019-06-26 08:45:15'),(136,79,113,'Ea accusamus veritatis officiis iste unde. Totam quis atque eius est. Voluptatibus ab voluptatem deleniti unde. Ut quas ut beatae sed odio explicabo aspernatur.',1,0,'2019-09-06 18:05:26'),(137,40,49,'Expedita expedita consequatur enim consequatur dolores porro ut. Omnis cupiditate eius officia et quisquam illum. Deserunt magnam molestiae et sed. Vitae et labore et assumenda impedit voluptatem quae.',1,0,'2019-05-04 01:13:06'),(138,108,83,'Similique aut et aut asperiores cupiditate. Et sunt fuga ad voluptatem laboriosam sunt molestias. Repellendus et earum odit dolore molestiae eos.',1,0,'2019-10-11 15:59:19'),(139,123,148,'Qui sint consequatur vel voluptas maxime quia nemo. Eius non qui dolore ut temporibus id. Magni est aliquid ullam optio nihil. Incidunt quasi omnis blanditiis ex autem totam.',0,1,'2019-07-12 19:43:48'),(140,143,26,'Repudiandae distinctio dolorem qui est debitis quia. Et deleniti eos laborum aut quis excepturi.',0,1,'2019-04-24 16:00:26'),(141,48,9,'Adipisci laudantium quasi omnis nemo. Sed sed ut ab non consequatur blanditiis voluptates. Iste impedit voluptates id.',1,0,'2019-08-31 15:43:10'),(142,106,9,'Quaerat soluta voluptas tempore eligendi sunt neque. Magni qui ad in sapiente officiis ab sint. Harum nihil laboriosam quia repellendus eos tempora amet.',0,1,'2019-04-25 16:15:27'),(143,91,99,'Aliquid saepe optio quos. Et autem necessitatibus ducimus quidem corporis alias animi. Et vero sint nesciunt veniam libero neque quia neque. Quo quos iste nihil. Consectetur omnis aut voluptas atque in excepturi nobis.',0,0,'2019-11-24 11:35:48'),(144,133,123,'Sequi cum eum suscipit hic tempora nihil eum. Nobis sunt accusantium ut provident. Deserunt ducimus sint ratione cum.',1,1,'2019-05-03 18:47:37'),(145,95,90,'Vitae nemo ipsum quia expedita. Dolores et est enim soluta adipisci sint. Et quia quia qui vero sunt aut debitis.',1,1,'2019-09-11 09:02:32'),(146,75,85,'Quam omnis minima ea quibusdam dicta debitis aperiam. Non libero qui ut commodi est. Dicta rerum ut ratione rerum. Exercitationem porro adipisci et ut. Ut quae repellendus ut nihil.',0,0,'2019-12-22 17:43:45'),(147,92,116,'Velit voluptates nisi praesentium libero non quod. In error soluta ab sit voluptas. Placeat voluptas tempore perferendis consequuntur.',0,0,'2019-09-19 04:08:06'),(148,82,131,'Et ab iure suscipit ullam officia nostrum. Dolores perferendis minima qui sapiente vel molestiae. Reiciendis ut placeat illum.',0,0,'2019-07-12 17:56:22'),(149,134,7,'Sit deserunt soluta asperiores nostrum sit. Vel omnis nisi corrupti aut. Distinctio et voluptates voluptate enim enim.',1,0,'2019-10-22 10:50:08'),(150,127,121,'Deleniti laudantium facilis impedit reprehenderit iusto et enim quis. Aliquid dolorem assumenda animi tempore perferendis a. Delectus reprehenderit voluptates neque voluptatum eligendi quos consequuntur. Quos dolorum suscipit rerum itaque temporibus nihil illo ipsam.',0,0,'2019-06-02 03:30:46'),(151,84,118,'Non quia ut incidunt accusantium. Minima facere qui iusto totam doloribus dolorem. Cum distinctio tempora sed sapiente id nulla laudantium. Magnam possimus accusamus vitae mollitia adipisci hic sunt.',0,0,'2020-02-14 14:39:39'),(152,37,56,'Iure atque quas voluptatem quibusdam quia nemo omnis. Qui officiis ut consequuntur eaque consequatur ut doloremque. Quis et debitis tempore et ea eligendi laudantium. Voluptas illum tenetur nobis.',0,0,'2019-11-02 20:50:22'),(153,82,46,'Cumque est tenetur voluptatem harum inventore et. Voluptas sit et veritatis aut libero pariatur quae amet.',0,0,'2019-05-13 06:19:07'),(154,148,123,'Sed sunt occaecati harum recusandae ut. Ad laboriosam et natus corrupti assumenda explicabo. Est necessitatibus minus velit. Reprehenderit eos est labore nesciunt.',1,1,'2019-05-17 16:53:32'),(155,48,94,'Velit eius rerum tenetur quo officia harum consectetur. Consequatur culpa et dignissimos sunt. Perspiciatis corporis sapiente neque qui officiis sunt et fugit. Ut saepe aut at tenetur aut harum.',1,0,'2019-10-19 06:36:52'),(156,91,100,'Molestiae quibusdam distinctio quidem magni. A amet reiciendis illum molestias aliquam aut dolorem.',1,1,'2019-07-07 09:12:35'),(157,14,111,'Omnis quia aut libero dolores. Quis perspiciatis atque ea voluptates quis non. Recusandae provident impedit et ab est iste.',0,0,'2019-08-02 19:02:19'),(158,96,67,'A corporis et dignissimos. Quo dicta et ex. Dolorem ratione consequatur iusto. Quibusdam illum debitis neque eum.',1,1,'2019-06-15 01:05:47'),(159,138,32,'In molestias cum animi. Ea sit explicabo veniam est beatae nobis. Quas aut in cum totam aut repudiandae. Temporibus saepe nihil aliquid atque qui repudiandae.',0,1,'2020-03-06 08:09:02'),(160,102,108,'Atque praesentium cumque quae impedit et qui et. Tempora quo neque sunt laborum qui similique fugit. Et dolores explicabo reiciendis corporis ipsum adipisci. Quidem omnis totam eos.',1,0,'2019-04-12 17:45:00'),(161,96,60,'Dicta maxime aliquam blanditiis voluptatem. Nemo commodi officiis molestiae dicta molestiae earum pariatur. Eum ut qui aut error aut in magnam. Quidem ut aut tempora eum.',1,1,'2019-05-23 23:58:51'),(162,25,134,'Vel id in dolorem adipisci dolorem earum a. Nemo omnis iste non sunt architecto. Dolorem non ipsum non.',0,0,'2020-01-01 00:00:03'),(163,134,102,'Dicta omnis quia libero laboriosam molestiae. Repudiandae consequatur fugit nesciunt praesentium ab facere. Placeat sunt assumenda ut nisi.',1,0,'2020-03-10 16:23:08'),(164,1,69,'Quam autem esse tempore dolores odio ut. Assumenda quisquam ut sed alias. Nobis recusandae amet ducimus ipsum eos cupiditate.',0,0,'2020-01-09 13:27:21'),(165,47,80,'Quia non recusandae voluptate non ut. Vitae quos eum dolore sint omnis ex. Incidunt non saepe nihil. Vel facilis repellendus quis.',0,0,'2020-01-28 22:28:49'),(166,82,24,'Delectus a in ratione labore. Officiis maiores tempore dicta illum dolore quia molestias. Aut eligendi beatae sequi et saepe facilis ut mollitia.',1,0,'2019-07-09 23:43:48'),(167,118,24,'Illo nulla qui maxime quisquam rerum minus non occaecati. Nostrum temporibus voluptates quia nobis eos. Reprehenderit veniam aut provident. Esse earum omnis in molestias consectetur est saepe.',1,0,'2019-11-29 18:24:22'),(168,49,112,'Non quaerat perspiciatis quo non dolor est eos quia. Dolore soluta omnis sed temporibus consequatur consequatur. Repudiandae totam vel quis et est beatae.',1,1,'2019-08-13 10:42:40'),(169,38,33,'Provident nam eos perspiciatis asperiores. Rerum aut esse dolor aut necessitatibus aut rerum. Eos et veniam et consequatur adipisci.',1,1,'2019-11-18 06:31:52'),(170,45,122,'Qui qui quidem consequatur quo necessitatibus ab. Velit velit consectetur quas voluptatum quia aut et. Aut distinctio repellat et mollitia voluptatem. Atque maiores voluptatem illum cum ipsum.',0,1,'2020-01-22 00:53:32'),(171,107,65,'Corporis pariatur aut voluptatibus molestiae deleniti expedita. Nobis omnis neque sunt iusto. Aut eveniet voluptatem blanditiis dicta dicta aliquam rerum ut.',1,1,'2020-03-19 07:02:05'),(172,103,96,'Necessitatibus laudantium at ut aperiam. Ratione perspiciatis voluptas iste tenetur. Laboriosam dolorum consequatur expedita voluptatem officiis.',0,1,'2019-05-13 09:28:47'),(173,45,32,'Quos iusto veniam tempore ut tempora harum enim. Et illo velit repudiandae molestiae et et est. Esse eveniet perspiciatis distinctio architecto aut.',0,1,'2019-07-01 07:04:19'),(174,62,101,'Sed quo eaque ullam dolore ut qui dolorem voluptatem. Maxime ullam consectetur quasi voluptatem. Voluptas cupiditate modi quam corporis. Aliquam modi sed omnis.',0,0,'2019-11-03 05:08:04'),(175,28,107,'Eos eius deleniti magnam occaecati aliquid nam aut. Sint sunt consequatur asperiores minus id aspernatur. Ex qui saepe accusamus quod laborum sit laborum.',0,0,'2019-09-27 18:30:34'),(176,101,55,'Dolorum maiores inventore itaque rerum quis voluptas. Voluptatem quibusdam ut enim voluptatibus odio nemo non. Harum eligendi sequi et inventore ut. Optio qui similique magni omnis blanditiis molestias facilis deleniti.',0,1,'2020-01-12 00:00:45'),(177,124,101,'Blanditiis quis soluta impedit qui aut sapiente. Ut laborum soluta error unde. Cupiditate suscipit quaerat voluptas ut quo. Nihil in omnis consequatur molestiae.',1,0,'2019-05-23 01:48:12'),(178,17,12,'Aliquam eum et amet. Quia numquam veniam voluptas deserunt. Occaecati error iusto est. Aspernatur eaque quod ut voluptas. Quia recusandae a accusamus sit et.',1,1,'2019-12-20 15:11:02'),(179,10,95,'Voluptatem vel pariatur facere tempora atque rerum aut. Dicta nostrum dicta eos suscipit aut odit nisi voluptas. Distinctio eum iste aut mollitia quaerat.',0,1,'2019-04-02 15:08:19'),(180,147,7,'Magni dolorem soluta quia nemo et. Deserunt libero voluptates earum voluptatem dolores. Voluptates consectetur ex ea et sit sed quam.',1,0,'2019-09-13 22:16:14'),(181,109,32,'Doloremque quidem cumque ea sint similique nemo. Dolore fugit sapiente qui architecto est neque. Voluptate reprehenderit quasi ea sint ullam ex.',1,0,'2019-09-14 08:20:05'),(182,105,72,'Quae laboriosam dolorem ab dicta culpa itaque. Rerum et non impedit est ratione totam. Quasi velit fugiat alias consequatur sapiente ea. Deserunt at delectus officiis aliquam.',1,1,'2019-04-16 05:41:36'),(183,48,119,'Consequuntur ea molestiae iste debitis magni. Reiciendis omnis sit cum omnis quia. Modi vel fuga dolorem in. Expedita nulla in numquam. Qui expedita quibusdam et aliquid numquam commodi ab.',1,1,'2019-08-02 06:14:00'),(184,74,84,'Rerum sint enim et consequatur. Minus eligendi aut fuga libero reprehenderit quae. Qui ipsam optio non omnis officiis aperiam in. Officia blanditiis illum dolor iure fugiat.',0,1,'2019-06-19 00:32:03'),(185,77,104,'Odit voluptatem impedit tempora cum non ipsam consequuntur. Numquam et et autem voluptas ea quibusdam ipsa. Laboriosam occaecati inventore qui natus sequi quis aut.',0,1,'2019-08-10 13:19:15'),(186,13,145,'In eos optio ut vel. Deserunt aliquam libero temporibus sed sint omnis. Fugiat autem sint ut fugit quas. Voluptates excepturi eos corrupti omnis.',0,0,'2019-11-25 03:36:32'),(187,131,29,'Quidem aliquam eos iure voluptatem quod laudantium voluptate. Et sed distinctio natus voluptatem accusantium. Dolores in reprehenderit asperiores quod.',0,0,'2019-12-11 08:05:13'),(188,22,145,'Repellendus asperiores cupiditate aut aut laudantium. Ullam earum voluptatibus doloribus saepe consequuntur ipsum. Dicta nihil magni dolor quisquam iure quis.',1,0,'2020-03-23 06:11:05'),(189,11,30,'Rem a rem expedita. Provident facilis aspernatur corrupti omnis sit est explicabo harum. Corrupti animi amet sit. Ratione dicta similique eum ut repudiandae est ea qui.',0,0,'2019-09-03 14:48:16'),(190,140,110,'Ipsum consequatur sunt aut suscipit mollitia. Temporibus numquam est voluptatem voluptatem. Cupiditate dolorum facilis nulla excepturi odio. Voluptas reprehenderit cum rerum corporis repudiandae voluptates animi.',1,0,'2019-09-02 03:29:02'),(191,68,30,'Et dicta dicta est sunt assumenda dolores saepe. Enim ut aut id minus sunt impedit. Eos aliquid numquam repudiandae perspiciatis. Non exercitationem debitis voluptates distinctio est hic.',1,1,'2020-02-08 20:37:33'),(192,70,144,'Ut consequuntur dolore nihil ullam occaecati autem. Voluptas ea quod velit quisquam perspiciatis. Suscipit doloribus aut ut molestias. Est illum consequatur eaque amet eos sint illo.',1,0,'2019-12-07 23:03:45'),(193,144,121,'Officia eum eos debitis vero. Magni expedita repellendus non ut ipsa. Culpa veniam est quasi aut voluptas et.',0,1,'2019-11-09 04:31:14'),(194,65,46,'Repudiandae veniam quis architecto voluptate dolorum voluptatem dolores. Et amet et ut aut. Ea libero totam sint nihil recusandae error. Aspernatur nostrum reprehenderit tenetur assumenda ratione nihil nostrum qui.',1,1,'2019-11-02 10:59:29'),(195,41,86,'Voluptatem velit quae ut. Natus molestiae magnam quae recusandae. Enim sunt libero dolor voluptatibus quis voluptatem. Reprehenderit quis itaque voluptatem doloremque vitae dolorem.',1,0,'2019-07-03 06:34:12'),(196,7,27,'Vel voluptatem ut ducimus. Nemo laborum commodi debitis modi excepturi.',1,1,'2019-11-12 10:17:48'),(197,63,38,'Molestiae iste nihil sit odit. Inventore itaque voluptatibus natus. Molestiae consequatur velit iste nostrum iusto. Voluptatibus labore quia animi et cupiditate corrupti ducimus. Veniam similique sint veniam sint.',0,1,'2019-09-27 10:17:14'),(198,143,97,'Animi et magnam totam eos est. Maxime unde architecto ducimus laboriosam. Ut recusandae et deleniti iusto libero odit.',1,0,'2019-11-06 23:13:01'),(199,78,66,'Tenetur omnis dolores voluptatem eos voluptatem quam. Non itaque est fugit nemo est recusandae. Consequatur amet magnam corrupti commodi vitae blanditiis molestiae.',0,0,'2019-06-01 02:12:06'),(200,111,73,'Animi dolor exercitationem eos incidunt consequatur. Hic qui inventore laboriosam reiciendis facere a magnam qui. Qui tempora nobis illo non optio quis ut reprehenderit. Iure quo voluptatem cumque est alias nulla.',0,0,'2019-10-09 08:44:49'),(201,22,104,'Provident quia dolorem omnis tempora blanditiis consequatur ut. Perspiciatis molestias consequatur itaque non. Sapiente corrupti aperiam aut aspernatur. Ad non repellendus quia ipsa.',1,1,'2019-03-31 12:48:45'),(202,75,63,'Minus nobis maxime qui nam quisquam. Nisi iste et molestiae nihil labore ipsam et. Ducimus non modi et sint eveniet impedit fuga.',0,0,'2019-05-22 20:42:38'),(203,12,109,'Incidunt cupiditate est error mollitia deleniti. Est numquam quam iusto. Eos qui cumque quisquam molestiae voluptatem distinctio. Ipsum voluptatem autem doloremque tempora occaecati.',1,0,'2019-07-09 05:42:56'),(204,130,32,'Quod qui tenetur culpa labore velit sed occaecati magni. Repellendus non et vel consequatur. Ut sint similique eveniet blanditiis esse consectetur animi quasi. Et suscipit quo nostrum. Tenetur in iusto non.',1,0,'2019-06-09 06:53:42'),(205,18,117,'Ut ipsum voluptatem autem occaecati magni veniam. Nisi omnis occaecati dicta sed quis omnis sunt. Ut voluptatum non aut eius voluptatibus. Perferendis repellat nihil maxime accusantium ut sit.',0,0,'2020-02-28 02:38:34'),(206,146,134,'Nisi fuga eos dolor maiores suscipit voluptatem omnis. Beatae pariatur culpa dignissimos voluptatem facilis autem laborum.',1,1,'2019-12-18 01:28:38'),(207,80,6,'Vel est libero possimus quasi aliquid ex fuga laboriosam. Est adipisci amet et minima nemo alias. Sunt sed numquam qui ut reiciendis blanditiis officia.',1,0,'2019-10-03 13:11:49'),(208,111,131,'Veritatis error numquam id enim. Consequatur ipsam dolore sit error iste dolor quos maxime. Dolorem est id odit minus adipisci nobis.',0,1,'2019-11-11 03:51:08'),(209,18,140,'Nisi atque in amet. Consectetur repellat recusandae aut at minus facilis.',0,0,'2020-01-23 04:00:40'),(210,54,43,'Quasi consequatur inventore praesentium autem velit ut. Et optio quidem est magni ut. Sit veritatis dolor neque hic.',0,1,'2019-07-01 08:25:14'),(211,65,133,'Quos omnis consequatur non aperiam omnis aspernatur. Atque molestias est eos necessitatibus. Voluptates nihil magni in et.',1,0,'2019-12-04 03:51:07'),(212,13,98,'Dolores quis porro repellat et omnis rerum aut. Enim et rem esse minima. Aut autem quis et voluptatem voluptate.',1,0,'2020-03-08 11:51:56'),(213,20,93,'Maxime voluptas necessitatibus ab placeat. Doloremque iusto error voluptatibus eum esse. Autem distinctio atque quia alias placeat corrupti. Et voluptas aut ex est doloribus illum incidunt.',0,1,'2020-02-10 19:33:07'),(214,59,112,'Molestiae officia fuga enim quia. Minima magnam hic esse optio nihil in. Impedit dolores suscipit aliquam quos harum cum delectus est. Illum iusto quaerat eum. Accusantium autem aut doloribus tempore sunt iusto quam praesentium.',1,1,'2019-12-05 21:57:47'),(215,86,60,'Laborum culpa cupiditate quia ullam porro. Explicabo omnis velit vel veniam officia consequatur earum libero. Culpa ut velit non occaecati nostrum.',1,0,'2019-08-09 12:10:31'),(216,103,105,'Non rerum blanditiis ut ducimus. Voluptatibus nulla totam officia optio qui aperiam libero magnam. Autem dignissimos vero aut voluptatem sed perspiciatis ea saepe.',0,1,'2019-09-29 15:10:56'),(217,109,44,'Molestiae necessitatibus amet possimus incidunt molestias. Iste odio provident repudiandae repellat accusantium consequuntur.',1,1,'2019-11-20 18:00:35'),(218,84,51,'Autem ut ut ea modi. Ut non ut illo non est. Voluptatum doloribus nulla aut id et in nulla. Velit placeat a est et. Ad non et laudantium.',0,0,'2020-01-03 17:59:47'),(219,93,134,'Sapiente deserunt nisi veritatis occaecati ut ut dolores. Veniam quisquam ex enim qui ea dolores nostrum velit. Quas facere earum aliquid quo qui.',1,1,'2019-05-26 09:19:58'),(220,66,34,'Inventore autem non odit illum accusamus. Natus ducimus libero ut et laudantium dolorem nulla et. Quasi nam nostrum dolor facere vitae.',1,1,'2019-10-04 13:05:55'),(221,49,15,'Vitae suscipit soluta molestiae quae qui et dolor. Iste sed et vero voluptate enim aliquid veniam rem. Veniam odio facilis architecto fuga. Inventore ut ipsam laboriosam inventore velit velit minus.',1,0,'2019-05-16 22:48:32'),(222,46,68,'Dolores ipsa sed quasi qui. Reiciendis est voluptas optio consequatur quisquam consequatur quia in. Praesentium ratione in quo sint animi ullam. Fugiat placeat possimus consequatur delectus occaecati qui cupiditate nisi.',0,0,'2019-05-28 17:28:48'),(223,82,54,'Magni deserunt totam quod qui quos est. Laudantium blanditiis in cupiditate. Facere vitae rerum voluptatem soluta. Iusto accusantium explicabo omnis ut maxime.',1,0,'2019-10-12 23:36:25'),(224,122,55,'Aliquam debitis dolorum aut eveniet consequatur voluptates iusto. Et ea laudantium veniam sed cumque. Eum blanditiis est illum nisi ea delectus tempore repellendus. Dolor dicta nihil ratione fugit voluptatem.',0,0,'2019-08-15 00:15:20'),(225,67,144,'Fugit consequatur facilis similique. Voluptas tempore voluptas eos nulla. Sint quidem quam nemo a placeat ad iste.',1,1,'2019-06-11 04:06:36'),(226,117,44,'Nobis enim quidem nisi est reprehenderit cum eligendi. Exercitationem dolores sapiente placeat qui sunt aperiam. Quia aut quidem consequatur dolores facilis in.',1,1,'2019-09-11 11:06:09'),(227,87,85,'Sapiente sit eum ratione sint voluptatem. Praesentium ut consequuntur omnis tempora. Temporibus fuga delectus eaque doloremque excepturi. Aut pariatur hic voluptate explicabo sed ad soluta.',1,0,'2019-09-12 22:32:40'),(228,82,39,'Atque explicabo pariatur eum non et eos eius ratione. Ipsam qui modi laborum et maxime consequatur eum in. Expedita cumque itaque aut. Enim ut rerum voluptatem deleniti.',0,1,'2019-06-14 22:53:24'),(229,147,111,'Recusandae consequatur rerum unde distinctio consequuntur veniam. Veniam ab officiis ad et aut eos. Saepe vel facere iure ratione velit optio.',1,1,'2019-05-21 11:55:26'),(230,44,117,'Doloremque omnis iusto ullam aut non aut molestias. Consequatur dolores enim veritatis est necessitatibus tempore.',1,0,'2019-08-27 22:39:25'),(231,77,107,'Ut aut accusamus ut accusamus ducimus minus. Qui est eaque deserunt id pariatur quis laboriosam vitae. Odio eius et voluptate in enim reprehenderit.',0,1,'2020-02-09 11:26:21'),(232,104,9,'Placeat porro facere aliquid animi ut. Quae molestiae sit eos minima ad qui quae. Modi mollitia neque quod nesciunt aut voluptatibus alias voluptatem.',1,1,'2020-01-06 09:12:33'),(233,137,6,'Praesentium tempora itaque quis velit voluptate dicta. Molestiae cumque nemo id et. Magnam molestiae veritatis recusandae voluptatem.',0,0,'2019-06-20 12:54:41'),(234,74,43,'Sed fugiat ea ut eum. Perferendis quia unde sit ducimus exercitationem ea facilis. Ea fugit expedita omnis quam nesciunt quasi et. Voluptatem sed cumque eos aut. Velit officia debitis exercitationem molestias esse natus velit.',1,0,'2019-04-23 19:29:05'),(235,110,105,'Voluptatibus ipsum et rem labore quidem sed. Eos nulla porro iste illo. Voluptatem sunt quaerat dolorum dolores.',0,1,'2019-04-03 07:27:59'),(236,29,49,'Iure ut exercitationem molestiae ducimus et maxime doloremque. Optio et eius et nulla qui facere.',1,1,'2019-11-09 05:46:26'),(237,112,10,'Qui et beatae veritatis nobis explicabo. Nam et nesciunt commodi ducimus asperiores neque omnis. Iusto magni cum perspiciatis aut sequi qui fugit. Et explicabo delectus eveniet autem quaerat esse inventore.',0,0,'2019-06-18 06:01:32'),(238,25,57,'Fugiat beatae cumque dolorem aspernatur quasi. Quaerat quis commodi consequatur dignissimos mollitia. Quo omnis suscipit dolor itaque omnis.',0,0,'2020-03-20 14:32:27'),(239,89,67,'Incidunt atque illo sit veritatis totam. Ut commodi accusamus optio id sunt placeat. Sapiente omnis sit quasi quas placeat eum reiciendis adipisci.',0,1,'2019-04-07 01:49:10'),(240,68,11,'A quisquam et consequuntur quidem et dolorem et. Cumque placeat molestiae velit culpa delectus est quos. Error reprehenderit qui enim quas amet sapiente alias. Quia adipisci architecto sit. Non omnis ea libero.',1,1,'2019-11-10 02:53:02'),(241,74,7,'Expedita quos sed facilis quae tenetur eaque. Et nemo maxime sed voluptatibus. In tenetur dolores nemo quae itaque. Delectus quia ut accusantium id excepturi.',1,1,'2019-12-18 05:31:16'),(242,15,112,'Et tenetur quasi mollitia temporibus inventore vero explicabo dicta. Nihil magnam veritatis et nemo alias similique sint.',0,0,'2020-01-02 21:57:26'),(243,4,139,'Amet voluptas ipsum quas commodi. Delectus et repellendus pariatur quis rem nostrum iusto. Quia voluptatibus amet unde qui. Sed ipsum provident numquam et ipsa accusantium.',0,1,'2020-01-27 18:23:04'),(244,124,67,'Illo officiis explicabo neque recusandae ex. Accusamus repudiandae ullam sint consectetur sequi pariatur. Veritatis illum nulla qui sunt est. Eveniet neque culpa sed ipsa eveniet nihil.',0,0,'2020-01-06 20:49:58'),(245,11,4,'Ut doloribus tempore ut quia occaecati hic ex praesentium. Ea reiciendis dolores aut eos expedita tempore alias.',0,1,'2019-07-07 02:34:29'),(246,129,100,'Quia aut iusto tempore ipsam. Repellat ea et dolorum ab dolorum repellendus.',0,1,'2019-09-20 07:51:33'),(247,17,59,'Fugiat aut blanditiis voluptas qui corporis harum. Minima assumenda et rerum deserunt. Velit perferendis itaque officiis labore. Vero enim et optio quia qui.',1,0,'2019-09-27 20:30:23'),(248,145,95,'Officiis officiis magnam omnis fugiat soluta reiciendis. Magni cumque modi nam aut inventore non est dolorem. Porro nemo dignissimos nulla qui qui quisquam aut.',0,0,'2020-03-10 12:48:51'),(249,78,48,'In soluta ullam illum. Consequuntur illum asperiores debitis et minima et distinctio. Enim sint quidem consequatur iure corporis.',1,0,'2019-06-25 18:35:45'),(250,103,109,'Ut neque sapiente nobis adipisci omnis ratione dolores. Rerum deserunt delectus non saepe quibusdam earum. Quis expedita aperiam dignissimos quasi. Magni eos consequuntur reiciendis.',0,0,'2019-07-04 07:12:57'),(251,130,70,'Quia dolores occaecati aut enim praesentium quaerat. Dolore minus rerum unde deserunt corrupti possimus. Quia consequatur consequatur et aut possimus inventore.',0,1,'2019-04-01 05:18:44'),(252,43,30,'Molestiae excepturi quasi hic deleniti animi cupiditate. Similique est voluptatem eos quis sit nesciunt. Sint adipisci dolore laudantium et enim. Quasi quam eligendi aut.',0,0,'2019-04-01 14:01:51'),(253,123,13,'Similique ut molestiae sit blanditiis nihil consectetur consequatur. Blanditiis voluptates dolor reprehenderit ipsa repellat. Reprehenderit qui asperiores et consequatur dolores et in. Quam in voluptas deserunt distinctio nisi.',1,1,'2019-10-02 03:24:37'),(254,36,114,'Mollitia in non laboriosam dolore. Qui perferendis amet placeat et earum quo. Earum esse nostrum exercitationem sit. Cum earum optio error sit non. Repellendus sit ipsam consequatur voluptatem illo.',1,0,'2019-08-31 11:16:44'),(255,111,125,'Quis hic veritatis nesciunt. A alias quis accusamus quaerat. Alias blanditiis quaerat consequatur tenetur aliquam impedit itaque rem.',1,0,'2019-05-07 23:56:48'),(256,146,82,'Nam nihil et ex aut deserunt. Libero animi et reprehenderit et. Enim consequatur quam incidunt sit fugit non.',1,1,'2019-08-21 18:53:45'),(257,102,25,'Ut iure id sunt nesciunt odio in voluptatem. Perferendis facilis modi molestiae ratione. Numquam in aut nisi est aliquam sapiente.',0,0,'2019-06-06 06:58:35'),(258,68,83,'Explicabo ex ut eius officiis debitis. Dignissimos doloribus voluptatibus laudantium molestiae.',1,1,'2019-06-08 00:47:26'),(259,36,6,'Repellendus mollitia quis ea iusto ea placeat ut. Libero repellat aut commodi dicta commodi ut eum. Minus beatae pariatur aut sint qui. Voluptatum consequatur id amet fugit excepturi architecto voluptas.',0,0,'2020-02-03 16:28:17'),(260,125,7,'Hic inventore veritatis iste quod dicta. Veritatis et numquam sit accusantium facilis dignissimos ex. Sed assumenda provident hic ex inventore et. Voluptas odit facilis dolorem.',0,0,'2019-09-07 16:59:27'),(261,67,117,'Quia libero amet unde deleniti dolores. Dicta ad ut et doloremque tempore dignissimos. Et qui nisi at. Impedit laborum alias sunt reprehenderit ut.',0,0,'2019-12-01 14:23:19'),(262,110,51,'Qui et voluptas perspiciatis provident. Eveniet ea omnis soluta voluptas nisi et incidunt. Cum magnam enim libero ea. Corporis voluptatem aspernatur neque asperiores.',0,1,'2020-01-15 09:58:23'),(263,50,37,'Facere quia delectus in rerum. Natus sint suscipit voluptates dolorum voluptatem. Qui reprehenderit perferendis sit laborum laudantium ullam.',1,1,'2020-02-20 10:33:06'),(264,70,102,'Placeat voluptates dolore voluptatibus magni non voluptatem. Quia totam repellendus sequi asperiores. Rerum sed sit perspiciatis excepturi praesentium mollitia dignissimos.',1,1,'2020-01-19 03:12:46'),(265,51,148,'Qui voluptas nihil provident. Occaecati consequatur sit et perspiciatis. Doloremque non accusantium harum eius sed molestias molestias nesciunt. Necessitatibus neque sint rerum. Quo repellat atque nesciunt ullam qui ipsa voluptas.',1,1,'2019-11-30 20:07:54'),(266,43,19,'Exercitationem sunt harum quibusdam. Cum molestiae aut deserunt quidem quis at sed. Totam rerum cumque dolorum earum.',0,1,'2019-05-09 00:32:25'),(267,62,112,'Maiores recusandae soluta cumque quo autem dicta. Debitis delectus aut qui unde sunt. Quo id aliquid laboriosam neque.',1,0,'2020-03-09 20:46:17'),(268,31,128,'Quis quos optio laboriosam quia omnis sapiente temporibus. Veniam consectetur iusto aut nisi accusamus ut facere eaque. Illum explicabo quam consequatur delectus et. Dolorem in distinctio vitae animi molestiae ad.',1,1,'2019-05-15 07:34:44'),(269,116,76,'Est iure nesciunt earum aliquid illum harum fugit. Velit qui quod cumque voluptatibus. Illo mollitia omnis quis explicabo totam sed est eum.',1,1,'2019-04-07 02:26:23'),(270,41,106,'Omnis officia soluta excepturi omnis. Enim repellat sint vel. Ad odio dolor fuga facere tenetur.',0,1,'2019-04-07 09:44:00'),(271,7,101,'Esse perferendis eaque voluptatem repellendus. Ipsa voluptatem laudantium eveniet est deserunt sint. Fuga doloremque esse et nihil aut ea. Debitis eius voluptatibus praesentium et facilis veritatis.',0,1,'2019-09-08 15:04:13'),(272,59,121,'Eos doloribus distinctio id rerum et inventore. Dolore et aut libero non aut ullam quia consectetur. Dolores quasi nihil ad quisquam non libero consequuntur. Asperiores error consequatur aut molestias et deserunt.',0,0,'2019-05-12 16:17:25'),(273,126,23,'Velit asperiores molestias dicta. Saepe officiis unde in pariatur. Qui et perferendis ipsam illum itaque neque fugiat.',1,1,'2020-01-06 12:18:11'),(274,6,4,'Quo ut consequuntur ex recusandae. Et ipsum quia autem perspiciatis voluptatem. Mollitia est vel sunt aut illum quos. Voluptatibus voluptatem corporis rerum id est delectus ut.',0,0,'2019-10-18 14:54:13'),(275,98,63,'Voluptates commodi quos veniam. Non aut quasi quis nobis iure laboriosam modi saepe. Blanditiis corporis sit fuga officia velit accusantium explicabo. Quisquam molestiae odit excepturi quaerat.',1,1,'2019-09-12 18:58:40'),(276,23,47,'Perferendis dolore eveniet adipisci. Et maxime nulla aut ab aut quod. Aliquam eos nisi ipsam tempora consectetur. Ex praesentium veritatis aut.',1,0,'2020-02-20 16:25:38'),(277,120,91,'Sit illo voluptas facere mollitia est. Aut deserunt nisi perspiciatis officia voluptatum vel.',0,1,'2020-02-08 07:56:52'),(278,82,18,'Corporis quas consequatur soluta. Debitis eos reiciendis nihil dignissimos rerum aliquam aut.',0,1,'2019-09-17 23:33:44'),(279,48,102,'Architecto enim sequi omnis est voluptas nemo sed magni. Ut itaque esse sint sunt laudantium. Laboriosam sed delectus illum eum est soluta sed.',1,0,'2019-04-17 05:26:09'),(280,145,26,'Nisi officiis corrupti a voluptas. Voluptatem eos omnis in expedita quis unde.',1,1,'2019-11-10 06:36:20'),(281,131,74,'Blanditiis neque voluptatem fugiat et sit tenetur. Qui dicta quam id tenetur. Ut et voluptatem consequatur.',1,1,'2020-01-06 03:49:57'),(282,72,133,'Voluptatibus quaerat dolor voluptatum vel. A omnis labore reprehenderit harum. Nostrum tempore est ipsam a aliquid non voluptatum aut.',0,0,'2019-06-22 23:36:22'),(283,116,121,'At aut eveniet illo aut. Consequuntur dolorem fuga nostrum labore cupiditate nihil. Fuga ea et enim dolore repudiandae. Amet iste sit ratione consequatur.',1,1,'2019-04-11 16:07:15'),(284,64,51,'Voluptas ut soluta dolor consequatur sint eos minima. Eum sed incidunt labore saepe. Et hic id odio voluptatem quod rerum. Quo ab repellendus inventore non similique.',1,1,'2019-11-05 22:25:13'),(285,122,89,'Est laudantium suscipit aut labore. Recusandae accusantium autem temporibus cum. Eius recusandae optio soluta ipsam.',1,1,'2019-09-03 01:37:57'),(286,120,28,'Nobis ea et quam quos quibusdam. Asperiores cumque minima nulla autem reiciendis. Consequatur perspiciatis dignissimos sit fuga nostrum qui. Aut omnis maiores soluta.',1,1,'2019-05-26 00:10:43'),(287,85,135,'Reprehenderit nesciunt et cupiditate est sed quidem. Molestias totam dolor nobis hic voluptas. Aut dolor assumenda sint iusto dolorem. Possimus recusandae est iure numquam.',0,1,'2019-04-28 12:19:47'),(288,63,58,'Quaerat earum eveniet animi necessitatibus nihil reiciendis. Quibusdam voluptatem qui culpa sapiente. Maxime dolor sequi distinctio ut eos enim quidem.',0,0,'2019-06-06 08:13:51'),(289,62,1,'Voluptatem omnis voluptate ea qui. Natus quod vero molestiae deleniti mollitia et accusantium. Sunt fuga dolorem assumenda porro sunt et nihil. Est quo enim aut ducimus. Amet dolorem animi eveniet.',1,1,'2020-03-03 23:35:06'),(290,117,11,'Nisi consequuntur iusto consequuntur vel corporis. Sit dolorem sit cumque soluta et. Qui voluptatum dolores quos repudiandae veritatis.',1,1,'2019-07-01 07:46:29'),(291,102,10,'Qui sequi dolores autem harum qui est nostrum. Ipsum voluptatum consequatur doloribus eum blanditiis qui dolor facere. Modi molestias in magnam aut. Officiis quaerat quis quod eius dolor autem maiores.',1,0,'2020-02-08 16:00:40'),(292,11,60,'Consequatur in corporis culpa est quidem. Aut aut qui voluptatem voluptates ut. At aut molestiae et porro possimus. A qui quia dicta corporis reiciendis voluptas dolorem occaecati.',1,0,'2020-01-27 14:34:03'),(293,46,108,'Libero rerum eum neque quam. Asperiores reprehenderit porro impedit voluptas cum. Repellat rerum et labore. Accusamus vitae aut officia quos a molestias odit. Commodi consequatur amet odit libero veniam id.',0,1,'2020-03-03 23:16:02'),(294,45,39,'Rerum optio magni in assumenda deleniti doloribus. Blanditiis et fugiat est veritatis est.',1,1,'2020-03-19 02:24:26'),(295,89,10,'Tempora id voluptate voluptas adipisci tenetur aut impedit recusandae. Quasi sapiente et voluptatem ab. Quia sed porro non sapiente impedit et. Maxime dolores sunt minima eligendi omnis impedit. At ea sunt voluptate quia ut non modi quibusdam.',1,1,'2020-01-13 05:53:41'),(296,12,94,'Pariatur voluptatem eum qui repudiandae. Est officiis ad consectetur sit inventore non. Et sit molestias et error explicabo accusantium iusto esse. Excepturi aut fugit cum magnam neque sed.',1,1,'2019-12-11 15:26:33'),(297,88,11,'Aperiam voluptatem nostrum qui veritatis. Distinctio omnis aut amet eligendi et veritatis et. Aut occaecati ab et est eius nesciunt. Ut et error quisquam omnis nostrum et.',1,0,'2019-08-10 20:47:05'),(298,106,12,'A repellat qui est labore. Qui rerum consequatur pariatur quaerat. Neque eius illo beatae temporibus itaque magnam consequuntur.',1,1,'2019-06-15 11:46:26'),(299,116,126,'Aut et similique praesentium impedit recusandae. Sed eligendi rerum placeat voluptatibus iste a minima ut. Laudantium eaque ex ea quis voluptate aut. Ratione eum quia hic totam quidem officiis. Ipsa molestiae eaque quibusdam est et est ut aliquid.',0,1,'2019-04-28 03:20:34'),(300,113,24,'Aut et maiores harum tempora deleniti laborum. Animi fugiat assumenda minus adipisci autem eligendi voluptatem. Nam omnis sed neque labore. Earum necessitatibus dignissimos tempora enim voluptas dolores velit.',1,0,'2020-02-12 19:10:31');
/*!40000 ALTER TABLE `messages` ENABLE KEYS */;
UNLOCK TABLES;

--
-- Table structure for table `profiles`
--

DROP TABLE IF EXISTS `profiles`;
/*!40101 SET @saved_cs_client     = @@character_set_client */;
/*!50503 SET character_set_client = utf8mb4 */;
CREATE TABLE `profiles` (
  `user_id` int unsigned NOT NULL,
  `gender` char(1) CHARACTER SET utf8 COLLATE utf8_unicode_ci NOT NULL,
  `birthday` date DEFAULT NULL,
  `city` varchar(100) CHARACTER SET utf8 COLLATE utf8_unicode_ci DEFAULT NULL,
  `country` varchar(100) CHARACTER SET utf8 COLLATE utf8_unicode_ci DEFAULT NULL,
  `photo_id` int unsigned NOT NULL,
  `created_at` datetime DEFAULT CURRENT_TIMESTAMP,
  `updated_at` datetime DEFAULT CURRENT_TIMESTAMP ON UPDATE CURRENT_TIMESTAMP,
  PRIMARY KEY (`user_id`)
) ENGINE=InnoDB DEFAULT CHARSET=utf8 COLLATE=utf8_unicode_ci;
/*!40101 SET character_set_client = @saved_cs_client */;

--
-- Dumping data for table `profiles`
--

LOCK TABLES `profiles` WRITE;
/*!40000 ALTER TABLE `profiles` DISABLE KEYS */;
INSERT INTO `profiles` VALUES (1,'f','2013-02-15','Skilesborough','Western Sahara',1,'2019-10-08 16:28:54','2020-04-02 21:24:33'),(2,'f','1989-12-31','Port Earnestine','Somalia',2,'2019-10-07 13:03:03','2019-12-06 10:08:56'),(3,'f','2008-02-15','Runtemouth','Japan',3,'2019-08-16 12:38:01','2020-04-02 21:24:33'),(4,'f','2001-11-29','Yostshire','Faroe Islands',4,'2020-03-07 23:19:00','2020-04-02 21:24:33'),(5,'f','2013-10-28','Hayestown','Macedonia',5,'2019-10-03 02:35:10','2019-12-27 07:43:44'),(6,'f','1994-01-06','North Syblemouth','United Arab Emirates',6,'2019-08-06 16:20:37','2020-04-02 21:24:33'),(7,'m','1996-11-16','New Everardo','Zambia',7,'2019-06-27 11:23:14','2019-08-20 23:53:49'),(8,'m','1994-11-09','Port Lesly','Egypt',8,'2019-12-25 18:07:20','2020-04-02 21:24:33'),(9,'m','1976-03-26','Dickensshire','Hungary',9,'2019-11-30 23:04:01','2020-04-02 21:24:33'),(10,'m','2003-01-07','Port Santino','Denmark',10,'2020-01-05 21:59:08','2020-04-02 21:24:33'),(11,'m','1986-12-10','Bogisichton','Bhutan',11,'2019-07-26 15:35:52','2019-12-17 22:05:34'),(12,'f','1976-08-19','Jaskolskichester','Cayman Islands',12,'2020-01-08 10:04:13','2020-02-16 23:25:33'),(13,'f','2008-04-16','New Leonard','United States Minor Outlying Islands',13,'2019-12-18 09:08:21','2020-04-02 21:24:33'),(14,'f','2011-06-08','Nelshaven','Haiti',14,'2019-05-30 20:34:24','2020-02-09 04:44:56'),(15,'m','1997-12-24','Velvaville','Samoa',15,'2019-09-12 13:30:18','2020-04-02 21:24:33'),(16,'f','1971-08-04','Port Adelaborough','Ethiopia',16,'2019-04-09 07:20:53','2020-04-02 21:24:33'),(17,'m','2008-10-13','New Eulahaven','United States Minor Outlying Islands',17,'2019-12-30 01:47:14','2020-03-20 16:31:14'),(18,'m','1997-12-06','West Caesarborough','Libyan Arab Jamahiriya',18,'2019-07-06 16:18:23','2020-02-08 16:31:01'),(19,'m','1988-05-11','Blancaberg','Guadeloupe',19,'2019-11-30 05:06:15','2020-04-02 21:24:33'),(20,'m','1986-01-08','Veummouth','Guinea-Bissau',20,'2020-01-26 14:19:21','2020-04-02 21:24:33'),(21,'m','1982-03-24','South Fernfort','Korea',21,'2019-12-11 12:26:51','2020-04-02 21:24:33'),(22,'f','2015-06-08','East Millie','Spain',22,'2019-12-01 05:33:46','2020-02-28 01:05:46'),(23,'m','2003-05-21','Emmerichview','Bolivia',23,'2020-01-21 22:57:06','2020-04-02 21:24:33'),(24,'m','1970-12-06','South Russ','Bhutan',24,'2019-07-31 09:12:10','2020-02-15 20:25:24'),(25,'f','1990-03-10','South Dellburgh','Serbia',25,'2020-01-01 15:56:19','2020-04-02 21:24:33'),(26,'m','1995-05-14','Hirtheborough','Bouvet Island (Bouvetoya)',26,'2019-12-12 10:27:34','2020-01-25 15:25:21'),(27,'m','2017-10-19','Gustaveview','Macedonia',27,'2019-07-08 18:30:00','2019-08-27 04:08:41'),(28,'f','1989-10-08','South Alexaberg','Israel',28,'2019-09-01 03:34:08','2019-10-08 01:43:52'),(29,'m','1977-08-08','Walterchester','Saint Barthelemy',29,'2019-08-18 17:13:14','2019-09-10 18:59:21'),(30,'m','1984-11-02','Ramonafort','Barbados',30,'2019-08-10 22:29:57','2019-09-23 22:45:25'),(31,'m','1972-05-31','New Bellaborough','Angola',31,'2019-10-22 10:35:19','2020-04-02 21:24:33'),(32,'f','2008-04-22','New Lauraberg','Cambodia',32,'2019-12-08 22:24:23','2020-04-02 21:24:33'),(33,'f','2013-05-17','Danykafurt','Lesotho',33,'2019-05-18 07:23:49','2020-02-10 02:01:17'),(34,'f','2013-11-29','Elsieborough','Myanmar',34,'2019-05-16 22:35:57','2020-04-02 21:24:33'),(35,'m','1984-12-15','Osinskiberg','Swaziland',35,'2019-04-26 19:57:49','2019-06-17 18:47:27'),(36,'m','1996-04-22','West Philip','Aruba',36,'2019-05-20 03:21:52','2019-05-22 01:09:32'),(37,'f','2018-04-07','Haleighfort','Martinique',37,'2019-12-14 11:30:31','2020-04-02 21:24:33'),(38,'f','1980-09-22','Mitchellmouth','Denmark',38,'2020-03-16 04:37:52','2020-04-02 21:24:33'),(39,'f','1971-12-15','Steubertown','Saint Kitts and Nevis',39,'2019-08-14 15:49:24','2019-09-03 17:47:39'),(40,'f','1972-03-28','Chesleychester','Italy',40,'2020-01-12 16:02:27','2020-04-02 21:24:33'),(41,'f','1984-12-01','New Judahfort','Micronesia',41,'2019-11-02 03:34:54','2020-03-09 20:34:24'),(42,'f','2013-04-02','Colliertown','Kyrgyz Republic',42,'2019-07-17 13:53:53','2019-08-12 13:37:21'),(43,'m','2004-04-14','Port German','Kyrgyz Republic',43,'2020-02-29 08:11:38','2020-04-02 21:24:33'),(44,'m','1971-08-23','East Jewelside','Eritrea',44,'2019-05-23 11:38:57','2019-12-29 13:55:39'),(45,'m','2012-11-19','Lake Lois','Ukraine',45,'2020-03-14 01:46:20','2020-04-02 21:24:33'),(46,'m','1980-08-09','Raynorton','Azerbaijan',46,'2019-05-03 15:39:49','2019-09-01 16:09:14'),(47,'f','1989-08-23','West Devin','Philippines',47,'2020-02-04 06:22:52','2020-02-16 14:30:40'),(48,'f','2004-09-04','Wisozkfurt','Hong Kong',48,'2019-08-22 08:02:04','2020-04-02 21:24:33'),(49,'m','1990-09-09','Lake Arely','Belgium',49,'2019-12-07 09:57:28','2020-02-13 23:20:11'),(50,'f','2011-10-10','South Abbie','Tajikistan',50,'2019-05-29 10:46:55','2020-01-14 14:32:18'),(51,'f','1984-02-02','North Ardella','Guatemala',51,'2020-02-28 13:25:41','2020-04-02 21:24:33'),(52,'m','2016-10-03','Alanfort','French Southern Territories',52,'2019-10-11 22:48:35','2020-03-12 06:22:08'),(53,'m','1991-11-24','Lake Glennie','Saint Martin',53,'2019-10-26 05:59:23','2019-12-06 14:05:45'),(54,'m','1997-06-10','East Floy','Burkina Faso',54,'2019-11-12 09:44:44','2020-02-14 08:33:43'),(55,'f','1995-12-11','Rogahntown','South Georgia and the South Sandwich Islands',55,'2019-04-01 20:26:01','2019-09-15 17:39:24'),(56,'m','2011-07-27','New Carmelmouth','Oman',56,'2019-11-25 00:46:24','2020-04-02 21:24:33'),(57,'m','1977-06-27','Lake Elliot','Holy See (Vatican City State)',57,'2019-10-12 01:01:17','2019-12-29 06:58:34'),(58,'m','1979-04-09','Braunmouth','Greece',58,'2019-08-06 06:00:04','2019-08-10 22:48:20'),(59,'f','2017-08-05','East Misaelberg','Ethiopia',59,'2020-03-19 00:47:47','2020-04-02 21:24:33'),(60,'f','2004-03-28','Loisbury','Mauritius',60,'2019-10-19 03:53:57','2020-04-02 21:24:33'),(61,'f','1976-02-26','South Arielleview','Thailand',61,'2019-10-20 07:15:27','2020-04-02 21:24:33'),(62,'f','1996-04-16','Tremblaymouth','Antarctica (the territory South of 60 deg S)',62,'2020-01-10 11:55:32','2020-04-02 21:24:33'),(63,'m','1970-05-28','Port Krystinaland','Lesotho',63,'2019-08-20 07:04:08','2020-04-02 21:24:33'),(64,'m','1987-12-10','Port Edmund','Vanuatu',64,'2020-02-22 17:24:53','2020-04-02 21:24:33'),(65,'f','1973-12-01','Davionland','Belarus',65,'2019-04-29 03:41:33','2019-06-29 01:38:08'),(66,'m','2019-09-12','Stammborough','Falkland Islands (Malvinas)',66,'2019-07-30 00:39:23','2019-11-15 02:30:29'),(67,'f','1973-09-13','Verntown','Bahrain',67,'2019-11-13 18:25:31','2020-01-12 00:28:57'),(68,'m','2016-11-25','Lake Caterina','Swaziland',68,'2019-11-17 00:53:39','2020-04-02 21:24:33'),(69,'m','2012-01-05','Alizefurt','Lao People\'s Democratic Republic',69,'2019-04-19 13:34:59','2019-05-31 20:42:59'),(70,'f','1988-02-02','Hettingerview','Gabon',70,'2019-04-30 04:46:06','2020-02-01 10:29:07'),(71,'m','2017-07-28','North Blanchehaven','Slovenia',71,'2020-03-14 07:53:13','2020-04-02 21:24:33'),(72,'f','1988-03-04','New Sherman','Myanmar',72,'2019-12-14 16:23:15','2020-04-02 21:24:33'),(73,'f','1993-03-08','North Edgar','Sudan',73,'2019-05-27 05:18:04','2020-01-23 17:37:27'),(74,'f','2002-09-05','South Oliverborough','Solomon Islands',74,'2019-07-10 06:11:29','2020-04-02 21:24:33'),(75,'m','1983-10-31','Port Cale','Afghanistan',75,'2019-09-26 01:20:05','2019-11-15 18:47:15'),(76,'m','1978-12-04','North Kasey','Algeria',76,'2019-08-15 04:16:37','2020-04-02 21:24:33'),(77,'m','1975-02-21','Selenabury','Serbia',77,'2020-01-08 14:11:50','2020-04-02 21:24:33'),(78,'f','2000-11-10','Stoltenbergbury','Gambia',78,'2019-04-22 08:41:49','2019-11-17 09:15:59'),(79,'m','1975-12-07','Otismouth','Brazil',79,'2020-03-28 00:44:57','2020-04-02 21:24:33'),(80,'m','2004-08-03','Kesslerfurt','Heard Island and McDonald Islands',80,'2019-09-03 01:01:33','2020-02-14 11:51:05'),(81,'f','1978-06-25','New Ilene','American Samoa',81,'2020-02-17 05:58:35','2020-04-02 21:24:33'),(82,'f','1983-05-29','Leannonchester','Uzbekistan',82,'2019-07-19 16:52:57','2020-04-02 21:24:33'),(83,'m','1994-04-24','Michelleview','Singapore',83,'2019-10-07 06:22:25','2020-03-15 05:17:15'),(84,'f','2008-02-12','Hettingerland','Gambia',84,'2019-06-23 14:25:15','2019-09-12 03:58:12'),(85,'m','1985-11-25','North Traceberg','Lao People\'s Democratic Republic',85,'2019-10-28 03:46:05','2019-11-12 06:47:19'),(86,'m','2017-06-21','Lake Cliftonville','Indonesia',86,'2019-04-23 07:55:27','2020-03-31 02:13:55'),(87,'f','2011-01-20','East Erika','Martinique',87,'2019-07-22 00:06:52','2019-08-25 02:02:00'),(88,'f','1971-06-11','Marquardtland','Mauritius',88,'2019-12-13 15:39:54','2020-01-06 00:49:54'),(89,'m','1983-06-03','Adrainside','Anguilla',89,'2020-01-11 21:00:36','2020-04-02 21:24:33'),(90,'f','2018-12-26','Moorefurt','Barbados',90,'2019-08-16 13:59:54','2020-01-04 22:59:54'),(91,'f','2014-10-16','Lockmanborough','Turks and Caicos Islands',91,'2019-12-31 02:41:57','2020-04-02 21:24:33'),(92,'f','1982-03-14','Aliviaborough','Montserrat',92,'2019-07-31 05:08:53','2020-03-21 06:27:11'),(93,'m','2000-02-01','Weimannbury','Cook Islands',93,'2019-11-02 01:37:29','2020-01-30 22:07:12'),(94,'m','1985-02-17','New Gerardburgh','Kazakhstan',94,'2019-04-22 12:05:45','2020-01-17 07:52:40'),(95,'f','1978-08-31','Jaskolskiport','Monaco',95,'2020-03-03 09:17:14','2020-04-02 21:24:33'),(96,'m','1999-03-02','Cristopherfurt','Ukraine',96,'2020-01-28 18:05:31','2020-04-02 21:24:33'),(97,'m','2015-11-28','Jorgeport','Bouvet Island (Bouvetoya)',97,'2020-02-13 07:31:06','2020-04-02 21:24:33'),(98,'m','2016-01-02','North Gunnar','Jordan',98,'2019-04-16 08:57:33','2019-07-14 17:48:53'),(99,'m','2010-11-19','South Arnulfo','Saint Pierre and Miquelon',99,'2020-03-17 12:09:17','2020-04-02 21:24:33'),(100,'f','1997-09-24','West Oranborough','Qatar',100,'2019-11-28 04:00:07','2020-03-22 10:11:26'),(101,'m','2013-07-13','Hoppeton','Greenland',101,'2019-08-09 12:02:26','2020-04-02 21:24:33'),(102,'f','2012-01-28','Edythville','Bangladesh',102,'2019-08-23 23:46:41','2020-04-02 21:24:33'),(103,'m','1987-11-29','Kileyfurt','Tokelau',103,'2019-06-05 16:13:55','2019-08-14 21:00:52'),(104,'m','1998-09-20','New Arianebury','Tunisia',104,'2020-01-07 16:28:51','2020-02-27 08:23:23'),(105,'f','2009-05-06','Kerlukeside','Lao People\'s Democratic Republic',105,'2019-07-23 12:02:10','2020-04-02 21:24:33'),(106,'m','1979-04-25','West Trevionberg','Lithuania',106,'2019-09-14 12:05:46','2019-12-30 13:20:55'),(107,'m','2000-02-07','West Estrella','Chad',107,'2019-12-21 20:27:22','2019-12-22 01:40:57'),(108,'m','2004-04-19','Reillyview','Guinea',108,'2019-12-03 06:42:00','2020-04-02 21:24:33'),(109,'m','1996-07-17','West Lailastad','Wallis and Futuna',109,'2019-08-12 05:30:43','2020-04-02 21:24:33'),(110,'f','1981-12-28','Kiannachester','Denmark',110,'2019-10-08 13:58:09','2019-11-13 10:55:12'),(111,'f','1995-09-01','Gleichnershire','Azerbaijan',111,'2019-05-10 02:05:57','2019-09-13 23:42:16'),(112,'m','1988-08-06','Goldnerfurt','Tanzania',112,'2019-09-01 03:10:32','2019-09-27 15:15:13'),(113,'f','1982-11-23','Corkeryville','United States Virgin Islands',113,'2019-06-18 03:12:14','2019-07-28 20:08:33'),(114,'f','2016-04-12','South Maurine','Rwanda',114,'2019-10-13 01:49:54','2020-04-02 21:24:33'),(115,'f','2011-07-31','Lake Harvey','Nigeria',115,'2019-10-20 10:34:56','2020-04-02 21:24:33'),(116,'f','2020-03-19','Labadietown','Togo',116,'2019-12-31 01:36:29','2020-04-02 21:24:33'),(117,'m','1987-04-06','Lake Berryborough','Benin',117,'2020-02-23 06:36:52','2020-04-02 21:24:33'),(118,'m','1974-12-31','Devinside','Saint Kitts and Nevis',118,'2019-04-11 23:52:22','2019-04-13 23:42:59'),(119,'f','1986-06-20','East Everardoton','Wallis and Futuna',119,'2019-12-18 09:14:06','2020-04-02 21:24:33'),(120,'f','1981-04-27','Lake Jeremie','Palestinian Territory',120,'2020-01-06 09:25:16','2020-03-24 23:01:23'),(121,'m','1995-01-02','Hahnfurt','Bahamas',121,'2020-03-11 18:50:21','2020-04-02 21:24:33'),(122,'m','1993-04-13','Skyeshire','Luxembourg',122,'2020-01-15 02:24:33','2020-02-12 02:08:42'),(123,'f','1997-01-11','Stoneborough','Nauru',123,'2019-04-07 10:19:12','2019-08-03 22:16:28'),(124,'f','1986-07-05','Lake Salmaland','Yemen',124,'2019-06-03 08:29:56','2019-07-21 22:18:29'),(125,'m','2005-08-25','Robelburgh','Seychelles',125,'2019-12-29 08:10:45','2020-04-02 21:24:33'),(126,'f','2005-02-21','Rogahnberg','Falkland Islands (Malvinas)',126,'2020-02-07 15:04:27','2020-04-02 21:24:33'),(127,'f','2016-09-27','Wendellport','Libyan Arab Jamahiriya',127,'2019-06-10 00:32:38','2019-10-31 00:07:50'),(128,'f','1995-05-16','Hiltonland','Guyana',128,'2019-06-29 06:14:24','2019-12-10 13:38:07'),(129,'f','1983-04-05','McDermottstad','Bhutan',129,'2019-11-07 14:23:56','2020-02-17 09:19:55'),(130,'m','1980-07-03','West Candace','Mauritius',130,'2019-08-02 09:07:58','2020-03-04 09:50:36'),(131,'f','2016-03-15','Danielside','Palau',131,'2019-10-06 03:51:39','2019-11-07 02:55:40'),(132,'m','2000-11-30','New Piper','Eritrea',132,'2019-05-21 03:18:26','2020-02-07 08:40:24'),(133,'m','1999-02-02','East Robert','South Africa',133,'2019-06-20 16:32:01','2020-03-18 07:10:37'),(134,'m','2006-08-26','Danikaview','Cayman Islands',134,'2019-07-01 00:57:57','2019-11-14 12:52:31'),(135,'m','1993-11-10','New Graciela','Czech Republic',135,'2019-04-28 03:18:38','2019-09-16 19:53:29'),(136,'m','2012-07-16','West Jessicaland','Italy',136,'2019-09-09 15:06:46','2020-04-02 21:24:33'),(137,'f','1972-07-20','Jasonmouth','Iraq',137,'2019-05-30 05:45:01','2020-03-06 14:39:09'),(138,'f','1988-11-09','Port Callie','Israel',138,'2019-09-13 05:16:12','2019-11-01 18:06:36'),(139,'m','2013-04-02','West Albertmouth','Nigeria',139,'2019-12-06 06:53:10','2020-04-02 21:24:33'),(140,'m','1997-03-12','Lake Maiya','Panama',140,'2019-09-27 16:39:38','2020-04-02 21:24:33'),(141,'f','1972-02-01','South Antwanhaven','Honduras',141,'2020-02-20 07:25:35','2020-04-02 21:24:33'),(142,'f','1994-08-09','Daniellebury','Singapore',142,'2020-01-11 13:13:14','2020-04-02 21:24:33'),(143,'f','2003-12-28','North Imani','Tokelau',143,'2019-06-13 20:12:28','2020-04-02 21:24:33'),(144,'f','2013-07-08','West Piperhaven','Hungary',144,'2019-04-07 06:43:25','2019-04-24 09:40:19'),(145,'m','2013-05-15','Christinastad','Greece',145,'2019-11-24 09:30:16','2020-04-02 21:24:33'),(146,'m','1981-06-06','North Dextertown','Kiribati',146,'2019-11-30 12:03:51','2020-01-17 17:43:37'),(147,'f','1989-06-24','Lolitafurt','Qatar',147,'2019-07-30 23:52:41','2019-10-07 15:57:24'),(148,'m','2005-11-05','West Reuben','Croatia',148,'2020-03-23 09:22:08','2020-04-02 21:24:33'),(149,'f','1982-09-17','North Letitia','Tonga',149,'2019-06-24 00:27:05','2019-09-26 04:49:22'),(150,'f','1991-10-30','New Hesterhaven','Angola',150,'2019-06-25 23:30:01','2019-07-26 19:21:55');
/*!40000 ALTER TABLE `profiles` ENABLE KEYS */;
UNLOCK TABLES;

--
-- Table structure for table `users`
--

DROP TABLE IF EXISTS `users`;
/*!40101 SET @saved_cs_client     = @@character_set_client */;
/*!50503 SET character_set_client = utf8mb4 */;
CREATE TABLE `users` (
  `id` int unsigned NOT NULL AUTO_INCREMENT,
  `first_name` varchar(100) CHARACTER SET utf8 COLLATE utf8_unicode_ci NOT NULL,
  `last_name` varchar(100) CHARACTER SET utf8 COLLATE utf8_unicode_ci NOT NULL,
  `email` varchar(120) CHARACTER SET utf8 COLLATE utf8_unicode_ci NOT NULL,
  `phone` varchar(14) COLLATE utf8_unicode_ci NOT NULL,
  `created_at` datetime DEFAULT CURRENT_TIMESTAMP,
  `updated_at` datetime DEFAULT CURRENT_TIMESTAMP ON UPDATE CURRENT_TIMESTAMP,
  PRIMARY KEY (`id`),
  UNIQUE KEY `email` (`email`),
  UNIQUE KEY `phone` (`phone`),
  UNIQUE KEY `phone_2` (`phone`),
  UNIQUE KEY `phone_3` (`phone`),
  UNIQUE KEY `phone_4` (`phone`),
  UNIQUE KEY `phone_5` (`phone`),
  UNIQUE KEY `phone_6` (`phone`),
  UNIQUE KEY `phone_7` (`phone`),
  UNIQUE KEY `phone_8` (`phone`),
  UNIQUE KEY `phone_9` (`phone`),
  UNIQUE KEY `phone_10` (`phone`),
  UNIQUE KEY `phone_11` (`phone`),
  UNIQUE KEY `phone_12` (`phone`),
  UNIQUE KEY `phone_13` (`phone`),
  UNIQUE KEY `phone_14` (`phone`),
  UNIQUE KEY `phone_15` (`phone`)
) ENGINE=InnoDB AUTO_INCREMENT=151 DEFAULT CHARSET=utf8 COLLATE=utf8_unicode_ci;
/*!40101 SET character_set_client = @saved_cs_client */;

--
-- Dumping data for table `users`
--

LOCK TABLES `users` WRITE;
/*!40000 ALTER TABLE `users` DISABLE KEYS */;
INSERT INTO `users` VALUES (1,'Rachel','Hagenes','dcassin@example.net','06452629789701','2019-11-25 22:52:51','2020-04-03 11:42:01'),(2,'Kaya','Lubowitz','yo\'reilly@example.org','986-807-292182','2019-09-08 10:39:50','2020-04-03 11:42:01'),(3,'Herbert','Schultz','mya57@example.com','(715)037-77806','2019-05-10 06:32:23','2020-04-03 11:42:01'),(4,'Jessie','Maggio','mclaughlin.owen@example.org','123-762-824486','2019-04-22 10:19:09','2020-04-03 11:42:01'),(5,'David','McClure','pkoss@example.net','922-882-637014','2019-07-18 09:03:59','2020-04-03 11:42:01'),(6,'Bette','Daugherty','hlakin@example.net','612.659.982612','2019-05-31 08:41:51','2020-04-03 11:42:01'),(7,'Ashly','Franecki','liliana61@example.net','446-404-989016','2019-07-04 09:42:20','2020-04-03 11:42:01'),(8,'Fabian','Quitzon','ltorp@example.org','298.999.009248','2019-10-18 05:59:44','2020-04-03 11:42:01'),(9,'Alexander','Crooks','jerde.kasandra@example.com','(878)244-29194','2020-01-08 23:37:49','2020-04-03 11:42:01'),(10,'Audie','Huel','duncan.zieme@example.org','1-457-484-8226','2020-01-02 06:07:46','2020-04-03 11:42:01'),(11,'Coy','Harber','nova.morissette@example.net','719.760.893552','2019-09-20 14:43:44','2020-04-03 11:42:01'),(12,'Aliza','Fahey','rutherford.reinhold@example.net','(751)854-01079','2019-04-25 00:28:08','2020-04-03 11:42:01'),(13,'Barney','Prosacco','nschoen@example.net','1-573-115-2740','2019-08-08 05:01:19','2020-04-03 11:42:01'),(14,'Stan','Padberg','skiles.elvie@example.net','745-742-159465','2019-05-09 15:33:58','2020-04-03 11:42:01'),(15,'Marshall','Wilderman','mackenzie.sauer@example.net','(274)893-62106','2019-10-27 11:26:27','2020-04-03 11:42:01'),(16,'Moriah','Deckow','hodkiewicz.carrie@example.com','+60(2)25778134','2019-05-07 21:12:08','2020-04-03 11:42:01'),(17,'Kole','Satterfield','kschinner@example.net','+40(5)73446358','2019-10-13 20:20:30','2020-04-03 11:42:01'),(18,'Mitchell','Considine','gaetano58@example.org','725-142-916385','2019-06-13 12:47:58','2020-04-03 11:42:01'),(19,'Shanna','Wiegand','tad.morissette@example.com','05797194302854','2019-04-08 23:34:27','2020-04-03 11:42:01'),(20,'Issac','Kreiger','reinger.sven@example.com','06018015723114','2019-04-20 10:02:30','2020-04-03 11:42:01'),(21,'Demarco','Gutmann','howell.dino@example.net','+89(1)17336007','2019-08-06 07:51:00','2020-04-03 11:42:01'),(22,'Lori','Purdy','boyer.zola@example.com','01868121631696','2019-06-28 20:22:34','2020-04-03 11:42:01'),(23,'Diana','Predovic','brandt04@example.org','(858)674-07458','2019-04-19 11:56:43','2020-04-03 11:42:01'),(24,'Giles','Cruickshank','layne48@example.com','+89(0)21264203','2019-06-01 23:30:25','2020-04-03 11:42:01'),(25,'Laurine','Tillman','qromaguera@example.org','391.652.036644','2019-06-15 01:20:10','2020-04-03 11:42:01'),(26,'Ilene','Tromp','mireille.glover@example.com','753.915.391614','2020-01-23 09:32:43','2020-04-03 11:42:01'),(27,'Carolyne','Marvin','lilly.kuhic@example.net','(809)273-85135','2019-09-29 04:33:27','2020-04-03 11:42:01'),(28,'Fleta','Kunde','lwehner@example.org','017.109.681834','2019-08-06 16:31:01','2020-04-03 11:42:01'),(29,'Lelah','Sipes','botsford.katelynn@example.net','1-742-068-1765','2020-03-13 18:13:32','2020-04-03 11:42:01'),(30,'Wilburn','Abbott','medhurst.danika@example.net','(408)287-62325','2019-06-24 15:13:07','2020-04-03 11:42:01'),(31,'Antonia','Bechtelar','bframi@example.com','739-842-785329','2019-10-15 07:24:26','2020-04-03 11:42:01'),(32,'Casimir','Rodriguez','bogisich.dawson@example.org','833-545-779674','2019-04-26 11:32:13','2020-04-03 11:42:01'),(33,'Keira','Robel','joan00@example.net','425-394-514384','2019-11-19 23:43:59','2020-04-03 11:42:01'),(34,'Mallie','Turcotte','torey.will@example.net','926.003.109896','2019-12-10 12:41:08','2020-04-03 11:42:01'),(35,'Kaleb','Sanford','jasmin.hyatt@example.net','(146)762-08334','2019-12-30 12:57:58','2020-04-03 11:42:01'),(36,'Marcelina','Graham','johnston.don@example.org','182-262-041981','2019-06-27 11:23:35','2020-04-03 11:42:01'),(37,'Velma','Hessel','gdibbert@example.com','00317306621900','2019-10-14 08:20:25','2020-04-03 11:42:01'),(38,'Jaden','McKenzie','erik24@example.org','029.186.832561','2019-12-27 05:23:52','2020-04-03 11:42:01'),(39,'Stanton','Fay','madeline59@example.net','1-418-189-6106','2019-05-17 01:14:32','2020-04-03 11:42:01'),(40,'Roslyn','Jast','stroman.meredith@example.com','+58(5)36413847','2020-01-12 05:56:35','2020-04-03 11:42:01'),(41,'Dayton','Schamberger','orn.lucinda@example.org','+13(6)19178917','2019-10-24 09:37:01','2020-04-03 11:42:01'),(42,'Mariam','Herzog','mcrona@example.com','541-265-475049','2019-05-24 13:53:01','2020-04-03 11:42:01'),(43,'Bernadette','Spinka','fanny.macejkovic@example.org','+41(8)33746492','2019-06-20 19:57:24','2020-04-03 11:42:01'),(44,'Lula','Thompson','cdare@example.org','1-433-740-7316','2019-08-18 14:36:42','2020-04-03 11:42:01'),(45,'Ellis','Konopelski','hilpert.virginie@example.com','881-952-227104','2020-03-05 04:13:43','2020-04-03 11:42:01'),(46,'Thelma','Rogahn','theron84@example.net','1-613-868-3573','2019-07-30 18:45:16','2020-04-03 11:42:01'),(47,'Alvina','Windler','samson92@example.net','+93(5)42614552','2020-02-14 19:01:23','2020-04-03 11:42:01'),(48,'Holly','Bergstrom','oferry@example.org','+32(7)85822044','2019-11-26 23:08:39','2020-04-03 11:42:01'),(49,'Wendell','Keebler','whand@example.org','(086)645-14561','2019-08-06 22:24:00','2020-04-03 11:42:01'),(50,'Holden','Deckow','genoveva.russel@example.org','1-447-844-6677','2019-10-13 13:28:24','2020-04-03 11:42:01'),(51,'Beaulah','McDermott','dallin46@example.org','(250)758-19704','2020-03-05 20:37:49','2020-04-03 11:42:01'),(52,'Alessandra','Runolfsdottir','senger.madyson@example.com','466-554-539490','2019-09-13 10:44:20','2020-04-03 11:42:01'),(53,'Mae','Sawayn','aniyah.thiel@example.net','956-239-718340','2019-09-10 06:22:06','2020-04-03 11:42:01'),(54,'Kristopher','Mills','dedric90@example.org','412.958.463233','2020-03-28 11:42:08','2020-04-03 11:42:01'),(55,'Declan','Gerhold','eleanora.bartell@example.com','1-916-376-8143','2020-01-18 15:04:34','2020-04-03 11:42:01'),(56,'Karson','Heathcote','harris.william@example.net','607.388.753021','2019-07-29 20:56:02','2020-04-03 11:42:01'),(57,'Gilbert','Braun','wehner.shannon@example.com','832.067.657674','2019-11-17 02:46:31','2020-04-03 11:42:01'),(58,'Zoey','Lubowitz','alexandria.denesik@example.net','(292)419-51309','2019-11-21 12:50:14','2020-04-03 11:42:01'),(59,'Missouri','King','wunsch.zora@example.org','810-956-469522','2019-05-12 18:40:34','2020-04-03 11:42:01'),(60,'Carolanne','Treutel','leslie05@example.com','468-659-756688','2019-09-07 18:29:26','2020-04-03 11:42:01'),(61,'Jakayla','Gerlach','leuschke.naomi@example.org','(969)709-93873','2019-12-19 15:10:58','2020-04-03 11:42:01'),(62,'Nedra','Kutch','worn@example.org','(739)058-77299','2020-03-06 05:47:50','2020-04-03 11:42:01'),(63,'Louie','Feest','monserrate.yost@example.net','00776050815880','2019-08-31 00:58:18','2020-04-03 11:42:01'),(64,'Kiera','Gorczany','clyde45@example.org','1-697-215-6502','2019-10-23 15:21:03','2020-04-03 11:42:01'),(65,'Braulio','Barton','gernser@example.net','1-393-623-4874','2019-08-01 04:49:09','2020-04-03 11:42:01'),(66,'Ruthie','Lynch','erik41@example.org','+09(0)79583864','2019-09-03 13:48:27','2020-04-03 11:42:01'),(67,'Edna','Kirlin','adan09@example.org','532.030.893697','2019-09-08 20:07:58','2020-04-03 11:42:01'),(68,'Jan','Ritchie','michelle.nicolas@example.net','944-766-255894','2019-04-16 18:05:09','2020-04-03 11:42:01'),(69,'Samantha','Cummerata','hugh54@example.net','01269718698379','2019-12-18 20:17:31','2020-04-03 11:42:01'),(70,'Princess','Welch','denesik.isaac@example.com','(473)321-85215','2019-08-07 00:31:19','2020-04-03 11:42:01'),(71,'Danielle','Hansen','isai.gleason@example.com','1-135-900-8938','2020-02-19 00:56:58','2020-04-03 11:42:01'),(72,'Hettie','Stanton','rita68@example.net','495-896-231048','2019-09-21 19:37:46','2020-04-03 11:42:01'),(73,'Mitchel','Pfannerstill','zita.koss@example.com','1-197-904-4423','2019-08-30 03:35:12','2020-04-03 11:42:01'),(74,'Ocie','Smitham','mona58@example.com','1-012-345-8972','2019-09-09 16:11:59','2020-04-03 11:42:01'),(75,'Sonya','Fritsch','maria.collins@example.com','(558)444-13594','2019-08-06 21:05:15','2020-04-03 11:42:01'),(76,'Holly','Zboncak','aufderhar.hudson@example.net','635.126.578054','2019-04-28 17:52:07','2020-04-03 11:42:01'),(77,'Cecelia','Nolan','nfriesen@example.org','820.972.491493','2019-10-04 05:59:15','2020-04-03 11:42:01'),(78,'Alda','Stamm','taya28@example.org','459-520-989299','2020-02-09 05:10:34','2020-04-03 11:42:01'),(79,'Vanessa','Bruen','rcrist@example.com','013.417.055019','2019-06-09 07:52:20','2020-04-03 11:42:01'),(80,'Monserrate','Cruickshank','stephany.hansen@example.org','208-905-495199','2020-02-15 02:20:19','2020-04-03 11:42:01'),(81,'Bettie','Cremin','rhermiston@example.net','(667)356-69938','2020-01-20 13:03:50','2020-04-03 11:42:01'),(82,'Gerardo','Flatley','rhea.zulauf@example.com','(608)159-96098','2020-01-10 00:14:56','2020-04-03 11:42:01'),(83,'Damion','Barrows','mwiegand@example.net','693.021.798676','2020-01-25 03:59:07','2020-04-03 11:42:01'),(84,'Milan','Casper','wnicolas@example.com','087.630.406087','2020-01-11 00:29:09','2020-04-03 11:42:01'),(85,'Jacklyn','Kuhlman','grimes.jimmie@example.com','577-416-973410','2019-08-29 07:26:23','2020-04-03 11:42:01'),(86,'Sierra','Bergnaum','lonny.bashirian@example.net','(056)096-16786','2019-10-04 06:53:52','2020-04-03 11:42:01'),(87,'Angeline','Toy','kristofer71@example.net','922-798-684703','2019-09-22 06:42:18','2020-04-03 11:42:01'),(88,'Larue','Bergstrom','bernhard.stanley@example.net','210.936.152157','2019-08-12 09:38:06','2020-04-03 11:42:01'),(89,'Leonor','Hills','caleb.weber@example.net','990-846-994675','2019-06-24 01:27:08','2020-04-03 11:42:01'),(90,'Eusebio','Walter','bogan.queenie@example.net','1-093-268-6906','2019-08-13 08:00:38','2020-04-03 11:42:01'),(91,'Cierra','Koss','rice.maryjane@example.com','447.264.571509','2020-03-02 08:47:11','2020-04-03 11:42:01'),(92,'Dudley','Bergnaum','blick.dahlia@example.com','(083)015-03825','2019-08-10 23:38:44','2020-04-03 11:42:01'),(93,'Toney','Moore','johnston.kaylin@example.com','317-767-874601','2020-02-13 10:52:11','2020-04-03 11:42:01'),(94,'Noah','Greenholt','hilma.batz@example.net','993-247-761528','2019-06-09 21:37:04','2020-04-03 11:42:01'),(95,'Raoul','Johnson','roberts.madge@example.net','(390)394-31839','2019-04-26 19:29:44','2020-04-03 11:42:01'),(96,'Kim','Raynor','justus.schumm@example.net','542-100-753611','2019-09-25 03:21:20','2020-04-03 11:42:01'),(97,'Cheyanne','Leuschke','simonis.ashly@example.org','688-480-212541','2019-08-05 21:53:28','2020-04-03 11:42:01'),(98,'Jayce','Wolf','holly83@example.org','(328)485-59871','2019-08-06 09:34:03','2020-04-03 11:42:01'),(99,'Meggie','Lindgren','csmith@example.org','552-002-044738','2019-12-16 02:03:06','2020-04-03 11:42:01'),(100,'Evert','Grimes','hd\'amore@example.com','06889961812076','2019-09-25 22:03:09','2020-04-03 11:42:01'),(101,'Rosina','Gorczany','loren.breitenberg@example.org','(469)615-74164','2019-08-15 13:16:23','2020-04-03 11:42:01'),(102,'Mina','Wolf','thora27@example.org','323-474-244593','2019-07-23 13:33:18','2020-04-03 11:42:01'),(103,'Morris','Swift','ledner.verdie@example.org','778.683.089476','2019-04-15 14:45:41','2020-04-03 11:42:01'),(104,'Garry','Maggio','davis.aron@example.org','696-431-035602','2019-07-03 04:31:17','2020-04-03 11:42:01'),(105,'Aileen','Lebsack','guillermo.hilll@example.org','644.002.087581','2019-04-21 12:25:09','2020-04-03 11:42:01'),(106,'Krista','Harber','casimer.schamberger@example.com','06880218712104','2019-05-05 11:46:57','2020-04-03 11:42:01'),(107,'Justus','Luettgen','marianna.treutel@example.com','03303349294774','2019-07-24 12:43:18','2020-04-03 11:42:01'),(108,'Tad','Langosh','kara.kertzmann@example.net','1-902-282-7559','2019-08-18 04:47:47','2020-04-03 11:42:01'),(109,'Ahmad','Hettinger','kprosacco@example.net','1-872-190-4477','2019-12-23 16:08:31','2020-04-03 11:42:01'),(110,'Mercedes','Purdy','danny.strosin@example.net','425.835.707705','2019-06-25 20:24:58','2020-04-03 11:42:01'),(111,'Hallie','Flatley','newell23@example.org','475.162.176100','2019-09-12 13:06:55','2020-04-03 11:42:01'),(112,'Maud','Boyle','erling.reilly@example.com','763.101.526382','2019-08-28 08:50:18','2020-04-03 11:42:01'),(113,'Janiya','Yundt','darrion.gutmann@example.net','247-525-503615','2019-09-02 07:29:39','2020-04-03 11:42:01'),(114,'John','Mitchell','miller.alford@example.net','+91(5)64536927','2019-04-26 01:24:41','2020-04-03 11:42:01'),(115,'Leo','Prosacco','jamel.osinski@example.com','1-155-011-4790','2019-11-10 06:31:08','2020-04-03 11:42:01'),(116,'Hailee','Ullrich','vherman@example.org','(145)834-92173','2019-08-29 17:45:56','2020-04-03 11:42:01'),(117,'Lesley','Barton','cremin.henderson@example.org','09687865434494','2019-08-30 17:45:04','2020-04-03 11:42:01'),(118,'Zola','Moen','stanton.marcelino@example.net','(669)679-95953','2020-02-19 03:17:13','2020-04-03 11:42:01'),(119,'Era','Mertz','block.germaine@example.org','+69(7)91796286','2020-03-20 20:54:57','2020-04-03 11:42:01'),(120,'Reuben','Swift','batz.margaret@example.org','+02(3)81833569','2019-12-05 05:58:12','2020-04-03 11:42:01'),(121,'Mario','Koss','kbogan@example.com','587.028.036987','2019-06-08 00:15:03','2020-04-03 11:42:01'),(122,'Vergie','Doyle','maci.dickens@example.org','+36(4)74235232','2019-05-08 10:55:36','2020-04-03 11:42:01'),(123,'Ericka','Flatley','theo85@example.com','(027)149-24198','2020-02-18 04:42:21','2020-04-03 11:42:01'),(124,'Nyah','Lynch','fay.percy@example.net','1-835-411-4295','2019-06-25 14:24:24','2020-04-03 11:42:01'),(125,'Myrtice','Jaskolski','casandra.fahey@example.com','440.533.297883','2019-08-04 07:49:15','2020-04-03 11:42:01'),(126,'Clementina','Bailey','schuster.alphonso@example.com','+60(4)45847530','2020-02-25 06:36:48','2020-04-03 11:42:01'),(127,'Zena','Runte','donna49@example.com','+50(1)63854003','2019-10-26 21:34:55','2020-04-03 11:42:01'),(128,'Garret','Rohan','ariel.lynch@example.com','814.929.015425','2019-12-15 08:48:54','2020-04-03 11:42:01'),(129,'Ivah','Beatty','oflatley@example.net','566-149-595116','2019-11-05 17:19:58','2020-04-03 11:42:01'),(130,'Laurianne','Fahey','vincent.franecki@example.org','1-458-998-8307','2019-08-21 22:08:20','2020-04-03 11:42:01'),(131,'Clement','Kutch','zula30@example.com','00162842557187','2019-10-23 13:53:24','2020-04-03 11:42:01'),(132,'Lonnie','Botsford','pebert@example.net','009.764.941019','2019-09-15 04:39:47','2020-04-03 11:42:01'),(133,'Celine','Cummerata','george.cremin@example.org','527.856.369529','2019-04-04 15:45:57','2020-04-03 11:42:01'),(134,'Elva','Bednar','dgibson@example.org','08804432817593','2019-11-16 16:47:57','2020-04-03 11:42:01'),(135,'Athena','Terry','gilberto.christiansen@example.com','(620)974-28380','2019-07-13 14:56:12','2020-04-03 11:42:01'),(136,'Tess','Rowe','skuvalis@example.com','1-361-714-9123','2020-02-09 19:27:08','2020-04-03 11:42:01'),(137,'Berneice','Hoppe','imani51@example.org','07513834311478','2019-06-07 22:18:46','2020-04-03 11:42:01'),(138,'Cynthia','Mohr','hane.elisha@example.org','(913)801-16019','2019-07-17 06:33:48','2020-04-03 11:42:01'),(139,'Kenneth','Gusikowski','valentin13@example.com','378.663.616663','2019-11-18 02:56:53','2020-04-03 11:42:01'),(140,'Hector','Feil','maybell10@example.net','711.323.815261','2020-01-15 17:18:06','2020-04-03 11:42:01'),(141,'Martine','Klein','thora81@example.com','538-759-985314','2019-07-01 09:33:41','2020-04-03 11:42:01'),(142,'Golden','Howe','greenholt.kenny@example.org','+68(4)99259786','2020-02-17 08:40:11','2020-04-03 11:42:01'),(143,'Moriah','Schuppe','yfadel@example.org','1-900-027-4994','2019-07-03 17:09:26','2020-04-03 11:42:01'),(144,'Avery','Crooks','frances19@example.com','1-315-973-3611','2019-06-07 20:39:43','2020-04-03 11:42:01'),(145,'Roslyn','Bahringer','raegan47@example.com','896.235.852073','2019-10-25 22:43:30','2020-04-03 11:42:01'),(146,'Maybelle','Keebler','joseph70@example.org','380-457-777533','2019-09-29 23:16:22','2020-04-03 11:42:01'),(147,'Ramona','Bartell','reinger.elmer@example.net','259-946-323450','2019-11-15 02:17:50','2020-04-03 11:42:01'),(148,'Evelyn','Heaney','guillermo48@example.com','1-737-938-2650','2019-07-07 13:24:55','2020-04-03 11:42:01'),(149,'Webster','Hansen','leonie.harvey@example.com','(788)829-51902','2020-01-19 01:33:45','2020-04-03 11:42:01'),(150,'Meghan','Cole','delilah80@example.com','(921)519-89559','2019-06-01 23:00:18','2020-04-03 11:42:01');
/*!40000 ALTER TABLE `users` ENABLE KEYS */;
UNLOCK TABLES;
/*!40103 SET TIME_ZONE=@OLD_TIME_ZONE */;

/*!40101 SET SQL_MODE=@OLD_SQL_MODE */;
/*!40014 SET FOREIGN_KEY_CHECKS=@OLD_FOREIGN_KEY_CHECKS */;
/*!40014 SET UNIQUE_CHECKS=@OLD_UNIQUE_CHECKS */;
/*!40101 SET CHARACTER_SET_CLIENT=@OLD_CHARACTER_SET_CLIENT */;
/*!40101 SET CHARACTER_SET_RESULTS=@OLD_CHARACTER_SET_RESULTS */;
/*!40101 SET COLLATION_CONNECTION=@OLD_COLLATION_CONNECTION */;
/*!40111 SET SQL_NOTES=@OLD_SQL_NOTES */;

-- Dump completed on 2020-04-03 12:50:09
