-- MySQL dump 10.13  Distrib 8.0.19, for Linux (x86_64)
--
-- Host: localhost    Database: vk
-- ------------------------------------------------------
-- Server version	8.0.19

/*!40101 SET @OLD_CHARACTER_SET_CLIENT=@@CHARACTER_SET_CLIENT */;
/*!40101 SET @OLD_CHARACTER_SET_RESULTS=@@CHARACTER_SET_RESULTS */;
/*!40101 SET @OLD_COLLATION_CONNECTION=@@COLLATION_CONNECTION */;
/*!50503 SET NAMES utf8mb4 */;
/*!40103 SET @OLD_TIME_ZONE=@@TIME_ZONE */;
/*!40103 SET TIME_ZONE='+00:00' */;
/*!40014 SET @OLD_UNIQUE_CHECKS=@@UNIQUE_CHECKS, UNIQUE_CHECKS=0 */;
/*!40014 SET @OLD_FOREIGN_KEY_CHECKS=@@FOREIGN_KEY_CHECKS, FOREIGN_KEY_CHECKS=0 */;
/*!40101 SET @OLD_SQL_MODE=@@SQL_MODE, SQL_MODE='NO_AUTO_VALUE_ON_ZERO' */;
/*!40111 SET @OLD_SQL_NOTES=@@SQL_NOTES, SQL_NOTES=0 */;

--
-- Table structure for table `communities`
--

DROP TABLE IF EXISTS `communities`;
/*!40101 SET @saved_cs_client     = @@character_set_client */;
/*!50503 SET character_set_client = utf8mb4 */;
CREATE TABLE `communities` (
  `id` int unsigned NOT NULL AUTO_INCREMENT,
  `name` varchar(150) CHARACTER SET utf8 COLLATE utf8_unicode_ci NOT NULL,
  `created_at` datetime DEFAULT NULL,
  PRIMARY KEY (`id`),
  UNIQUE KEY `name` (`name`)
) ENGINE=InnoDB AUTO_INCREMENT=101 DEFAULT CHARSET=utf8 COLLATE=utf8_unicode_ci;
/*!40101 SET character_set_client = @saved_cs_client */;

--
-- Dumping data for table `communities`
--

LOCK TABLES `communities` WRITE;
/*!40000 ALTER TABLE `communities` DISABLE KEYS */;
INSERT INTO `communities` VALUES (1,'qui','2017-06-08 07:20:27'),(2,'quis','2017-01-18 09:30:06'),(3,'deleniti','2017-12-09 01:29:09'),(4,'suscipit','2017-07-18 02:55:28'),(5,'praesentium','2017-11-26 10:09:53'),(6,'modi','2017-11-19 18:03:02'),(7,'eos','2017-09-18 11:45:31'),(8,'expedita','2017-12-01 04:38:31'),(9,'molestias','2017-06-09 11:56:01'),(10,'sunt','2017-06-09 21:44:34'),(11,'quam','2017-11-18 00:54:49'),(12,'cum','2017-01-31 11:20:24'),(13,'facilis','2017-10-12 05:57:33'),(14,'harum','2017-08-23 19:46:36'),(15,'debitis','2017-11-18 09:00:21'),(16,'itaque','2017-06-22 09:41:58'),(17,'et','2017-09-20 21:28:49'),(18,'voluptatem','2017-03-09 06:18:13'),(19,'sed','2017-10-05 15:04:38'),(20,'nihil','2017-04-02 08:28:30');
/*!40000 ALTER TABLE `communities` ENABLE KEYS */;
UNLOCK TABLES;

--
-- Table structure for table `communities_users`
--

DROP TABLE IF EXISTS `communities_users`;
/*!40101 SET @saved_cs_client     = @@character_set_client */;
/*!50503 SET character_set_client = utf8mb4 */;
CREATE TABLE `communities_users` (
  `community_id` int unsigned NOT NULL,
  `user_id` int unsigned NOT NULL,
  PRIMARY KEY (`community_id`,`user_id`),
  KEY `communities_users_user_id` (`user_id`),
  CONSTRAINT `communities_users_community_id` FOREIGN KEY (`community_id`) REFERENCES `communities` (`id`) ON DELETE CASCADE,
  CONSTRAINT `communities_users_user_id` FOREIGN KEY (`user_id`) REFERENCES `users` (`id`) ON DELETE CASCADE
) ENGINE=InnoDB DEFAULT CHARSET=utf8 COLLATE=utf8_unicode_ci;
/*!40101 SET character_set_client = @saved_cs_client */;

--
-- Dumping data for table `communities_users`
--

LOCK TABLES `communities_users` WRITE;
/*!40000 ALTER TABLE `communities_users` DISABLE KEYS */;
INSERT INTO `communities_users` VALUES (19,1),(8,3),(15,3),(4,4),(8,8),(5,13),(5,15),(19,17),(7,18),(2,21),(16,22),(11,23),(14,27),(5,28),(16,29),(14,31),(15,31),(7,32),(16,34),(16,37),(9,38),(10,38),(3,45),(3,48),(17,48),(5,51),(8,51),(17,52),(8,53),(16,53),(1,56),(5,57),(18,58),(2,60),(11,62),(12,63),(17,63),(20,63),(1,64),(15,65),(16,66),(15,67),(13,69),(7,73),(12,73),(6,74),(1,75),(20,75),(15,76),(12,77),(4,79),(9,79),(15,79),(9,80),(1,86),(11,86),(18,86),(6,87),(8,88),(18,88),(3,90),(11,90),(5,91),(8,91),(3,93),(9,95),(20,98),(6,101),(12,105),(6,107),(13,107),(19,107),(6,109),(13,109),(16,113),(12,114),(2,115),(15,115),(9,120),(17,122),(19,123),(13,124),(16,124),(16,126),(4,128),(9,128),(11,131),(3,132),(4,132),(18,133),(15,134),(3,135),(9,135),(17,138),(16,140),(19,140),(12,141),(1,143),(15,146),(19,148);
/*!40000 ALTER TABLE `communities_users` ENABLE KEYS */;
UNLOCK TABLES;

--
-- Table structure for table `friendship`
--

DROP TABLE IF EXISTS `friendship`;
/*!40101 SET @saved_cs_client     = @@character_set_client */;
/*!50503 SET character_set_client = utf8mb4 */;
CREATE TABLE `friendship` (
  `user_id` int unsigned NOT NULL,
  `friend_id` int unsigned NOT NULL,
  `status_id` int unsigned NOT NULL,
  `requested_at` datetime DEFAULT CURRENT_TIMESTAMP,
  `confirmed_at` datetime DEFAULT NULL,
  PRIMARY KEY (`user_id`,`friend_id`),
  KEY `friendship_friend_id_fk` (`friend_id`),
  KEY `friendship_status_id_fk` (`status_id`),
  CONSTRAINT `friendship_friend_id_fk` FOREIGN KEY (`friend_id`) REFERENCES `users` (`id`) ON DELETE CASCADE,
  CONSTRAINT `friendship_status_id_fk` FOREIGN KEY (`status_id`) REFERENCES `friendship_statuses` (`id`) ON DELETE CASCADE,
  CONSTRAINT `friendship_user_id_fk` FOREIGN KEY (`user_id`) REFERENCES `users` (`id`) ON DELETE CASCADE
) ENGINE=InnoDB DEFAULT CHARSET=utf8 COLLATE=utf8_unicode_ci;
/*!40101 SET character_set_client = @saved_cs_client */;

--
-- Dumping data for table `friendship`
--

LOCK TABLES `friendship` WRITE;
/*!40000 ALTER TABLE `friendship` DISABLE KEYS */;
INSERT INTO `friendship` VALUES (1,59,2,'2020-01-21 03:49:41','2020-03-18 00:50:59'),(2,133,3,'2019-06-02 08:10:55','2020-04-03 12:06:24'),(3,142,1,'2020-03-31 07:57:07','2020-04-03 12:06:24'),(4,36,1,'2019-08-13 23:17:39','2020-03-13 17:30:45'),(5,63,1,'2020-02-13 00:26:33','2020-04-03 12:06:24'),(6,14,3,'2019-10-07 14:17:15','2020-04-03 12:06:24'),(7,48,1,'2019-03-31 16:43:56','2019-11-25 11:08:13'),(8,74,1,'2019-10-05 00:51:47','2020-04-03 12:06:24'),(9,30,3,'2019-09-09 12:44:57','2020-04-03 12:06:24'),(10,107,2,'2019-09-29 15:59:04','2020-04-03 12:06:24'),(11,51,1,'2019-09-28 14:19:30','2020-04-03 12:06:24'),(12,70,1,'2019-08-05 14:53:50','2020-04-03 12:06:24'),(13,3,2,'2019-07-19 11:44:43','2019-08-05 02:22:33'),(14,73,2,'2020-02-18 13:12:24','2020-04-03 12:06:24'),(15,32,2,'2019-06-07 01:20:42','2019-11-22 07:23:53'),(16,113,1,'2019-08-22 11:29:30','2019-10-27 07:43:54'),(17,111,1,'2019-06-23 11:35:23','2019-10-20 11:46:02'),(18,57,3,'2019-06-27 14:33:27','2019-08-14 19:17:51'),(19,1,1,'2019-10-19 04:34:16','2019-11-09 23:27:27'),(20,118,3,'2019-07-22 17:42:29','2020-04-03 12:06:24'),(21,77,3,'2019-11-11 23:34:48','2020-04-03 12:06:24'),(22,139,2,'2019-05-03 04:08:48','2019-11-07 12:36:54'),(23,10,3,'2019-08-22 21:18:23','2019-11-27 05:25:09'),(24,49,3,'2019-05-23 09:58:20','2019-12-16 21:29:09'),(25,34,2,'2019-10-24 15:23:05','2019-11-07 05:11:31'),(26,91,3,'2019-08-14 11:38:21','2020-04-03 12:06:24'),(27,4,1,'2019-11-26 05:29:38','2020-01-29 10:48:43'),(28,26,2,'2019-12-01 23:10:26','2020-04-03 12:06:24'),(29,116,3,'2019-07-04 19:16:06','2019-11-05 17:47:04'),(30,145,2,'2019-10-04 12:59:19','2020-04-03 12:06:24'),(31,32,3,'2019-11-19 04:45:59','2019-12-12 06:16:36'),(32,68,3,'2019-11-17 11:21:50','2020-04-03 12:06:24'),(33,39,1,'2020-02-12 05:52:54','2020-04-03 12:06:24'),(34,72,1,'2020-02-19 01:35:38','2020-04-03 12:06:24'),(35,143,2,'2020-01-08 13:07:38','2020-04-03 12:06:24'),(36,112,3,'2019-10-10 22:11:41','2019-12-17 07:42:14'),(37,127,1,'2019-08-27 20:05:17','2020-04-03 12:06:24'),(38,103,3,'2019-05-24 12:37:37','2019-11-21 22:37:46'),(39,135,3,'2019-10-19 11:29:52','2020-02-16 22:56:34'),(40,83,1,'2020-02-26 22:18:31','2020-04-03 12:06:24'),(41,8,3,'2019-05-28 19:27:51','2019-11-24 06:02:57'),(42,79,1,'2019-12-14 10:10:32','2020-04-03 12:06:24'),(43,16,2,'2019-04-23 20:15:08','2020-01-06 07:34:19'),(44,144,3,'2019-11-03 15:17:56','2020-03-21 02:59:40'),(45,75,3,'2019-06-07 20:52:43','2020-04-03 12:06:24'),(46,102,3,'2019-08-22 22:39:36','2019-08-27 08:32:02'),(47,17,2,'2019-08-15 01:37:53','2020-04-03 12:06:24'),(48,115,2,'2019-12-25 12:01:38','2020-04-03 12:06:24'),(49,88,2,'2020-01-16 11:44:30','2020-02-08 08:16:27'),(50,19,1,'2019-09-18 20:50:25','2019-09-25 05:56:37'),(51,131,2,'2019-10-04 01:29:34','2020-04-03 12:06:24'),(52,7,3,'2019-09-24 13:40:24','2020-02-27 22:29:34'),(53,124,2,'2019-05-12 02:05:40','2020-01-19 18:06:23'),(54,6,1,'2019-04-17 05:25:47','2019-11-25 01:55:56'),(55,101,2,'2019-10-11 17:55:10','2020-04-03 12:06:24'),(56,25,1,'2020-02-23 17:59:01','2020-04-03 12:06:24'),(57,85,2,'2020-03-13 00:51:44','2020-04-03 12:06:24'),(58,121,3,'2019-05-26 22:13:51','2019-09-09 05:27:13'),(59,47,3,'2019-05-01 06:13:13','2019-10-28 00:36:08'),(60,93,3,'2019-10-17 20:17:15','2020-04-03 12:06:24'),(61,126,2,'2019-08-29 17:53:58','2019-09-19 04:17:18'),(62,106,2,'2019-12-03 07:10:00','2020-04-03 12:06:24'),(63,149,1,'2019-09-19 15:52:11','2020-03-28 11:11:18'),(64,20,3,'2019-06-28 03:28:20','2020-01-21 02:52:18'),(65,150,1,'2019-06-29 13:28:38','2020-04-03 12:06:24'),(66,37,1,'2019-05-17 01:25:12','2019-10-20 00:12:34'),(67,11,3,'2019-04-05 15:19:48','2020-03-06 16:15:49'),(68,134,1,'2019-05-24 11:06:32','2020-02-18 22:40:26'),(69,96,3,'2019-04-05 22:18:33','2019-10-29 13:16:36'),(70,99,3,'2019-10-05 18:36:06','2020-04-03 12:06:24'),(71,24,3,'2020-03-11 11:28:33','2020-04-03 12:06:24'),(72,81,3,'2019-12-23 05:07:42','2020-04-03 12:06:24'),(73,58,3,'2020-03-09 15:52:37','2020-04-03 12:06:24'),(74,12,3,'2020-02-02 03:25:54','2020-04-03 12:06:24'),(75,105,3,'2019-12-04 10:41:34','2020-04-03 12:06:24'),(76,22,1,'2019-07-26 17:05:57','2019-10-28 05:33:55'),(77,60,3,'2019-07-16 21:01:20','2020-02-07 15:57:55'),(78,136,1,'2019-06-07 04:21:45','2020-04-03 12:06:24'),(79,104,3,'2019-08-03 07:36:33','2020-02-19 17:08:39'),(80,20,2,'2019-09-11 22:50:04','2020-02-27 21:30:06'),(81,56,2,'2020-02-11 11:23:56','2020-04-03 12:06:24'),(82,52,2,'2019-12-14 03:00:15','2020-04-03 12:06:24'),(83,148,2,'2019-09-22 01:30:50','2019-11-25 03:46:58'),(84,100,3,'2019-12-30 14:34:54','2020-04-03 12:06:24'),(85,82,1,'2020-02-19 20:31:52','2020-04-03 12:06:24'),(86,141,3,'2019-12-11 18:46:55','2020-04-03 12:06:24'),(87,123,2,'2019-09-28 08:52:06','2020-04-03 12:06:24'),(88,97,1,'2019-07-28 03:22:43','2020-03-10 04:17:13'),(89,55,1,'2019-10-16 09:50:01','2019-12-09 07:40:03'),(90,54,1,'2019-07-23 09:42:29','2020-04-03 12:06:24'),(91,87,3,'2019-11-30 17:39:56','2020-04-03 12:06:24'),(92,5,3,'2019-10-08 12:40:41','2020-04-03 12:06:24'),(93,21,2,'2019-06-27 17:27:33','2020-03-22 18:22:50'),(94,71,2,'2019-10-23 19:07:09','2019-11-18 07:11:43'),(95,92,2,'2019-12-16 15:12:36','2020-03-31 05:05:06'),(96,117,3,'2019-07-23 15:07:03','2019-08-27 12:26:52'),(97,147,1,'2020-01-16 16:41:30','2020-04-03 12:06:24'),(98,23,1,'2020-02-05 02:56:44','2020-04-03 12:06:24'),(99,140,1,'2019-09-01 00:45:01','2020-03-11 18:05:50'),(100,46,2,'2019-06-03 10:55:00','2020-03-05 18:56:29'),(101,15,3,'2019-07-28 01:42:04','2020-03-02 19:43:15'),(102,86,1,'2019-08-29 21:08:53','2019-09-18 10:17:49'),(103,108,3,'2019-04-27 09:25:12','2019-07-14 12:08:55'),(104,43,1,'2019-10-03 19:59:04','2020-03-31 01:13:53'),(105,9,3,'2019-10-25 11:18:44','2019-12-23 08:41:27'),(106,65,1,'2020-02-21 15:32:30','2020-04-03 12:06:24'),(107,27,3,'2019-08-16 08:55:00','2020-02-22 10:05:11'),(108,62,1,'2020-02-22 02:23:44','2020-04-03 12:06:24'),(109,33,2,'2019-10-10 09:19:40','2020-04-03 12:06:24'),(110,18,1,'2020-02-25 17:48:12','2020-04-03 12:06:24'),(111,84,1,'2019-06-15 22:41:03','2019-11-26 20:32:27'),(112,114,3,'2019-08-02 12:20:12','2020-04-03 12:06:24'),(113,146,1,'2019-08-24 13:40:34','2020-04-03 12:06:24'),(114,13,2,'2019-07-18 14:43:34','2020-04-03 12:06:24'),(115,38,3,'2020-03-02 17:17:02','2020-04-03 12:06:24'),(116,90,1,'2019-06-26 02:45:29','2019-07-20 10:46:09'),(117,130,2,'2019-06-25 20:37:34','2019-09-04 10:37:48'),(118,80,3,'2019-09-04 12:55:01','2020-03-20 18:21:00'),(119,89,3,'2019-07-02 10:48:59','2019-08-20 19:58:16'),(120,53,3,'2019-08-24 23:42:51','2020-04-03 12:06:24');
/*!40000 ALTER TABLE `friendship` ENABLE KEYS */;
UNLOCK TABLES;

--
-- Table structure for table `friendship_statuses`
--

DROP TABLE IF EXISTS `friendship_statuses`;
/*!40101 SET @saved_cs_client     = @@character_set_client */;
/*!50503 SET character_set_client = utf8mb4 */;
CREATE TABLE `friendship_statuses` (
  `id` int unsigned NOT NULL AUTO_INCREMENT,
  `name` varchar(150) CHARACTER SET utf8 COLLATE utf8_unicode_ci NOT NULL,
  PRIMARY KEY (`id`),
  UNIQUE KEY `name` (`name`)
) ENGINE=InnoDB AUTO_INCREMENT=4 DEFAULT CHARSET=utf8 COLLATE=utf8_unicode_ci;
/*!40101 SET character_set_client = @saved_cs_client */;

--
-- Dumping data for table `friendship_statuses`
--

LOCK TABLES `friendship_statuses` WRITE;
/*!40000 ALTER TABLE `friendship_statuses` DISABLE KEYS */;
INSERT INTO `friendship_statuses` VALUES (1,'Accepted'),(3,'Rejected'),(2,'Requested');
/*!40000 ALTER TABLE `friendship_statuses` ENABLE KEYS */;
UNLOCK TABLES;

--
-- Table structure for table `likes`
--

DROP TABLE IF EXISTS `likes`;
/*!40101 SET @saved_cs_client     = @@character_set_client */;
/*!50503 SET character_set_client = utf8mb4 */;
CREATE TABLE `likes` (
  `id` int unsigned NOT NULL AUTO_INCREMENT,
  `user_id` int unsigned NOT NULL,
  `target_id` int unsigned NOT NULL,
  `target_type_id` int unsigned NOT NULL,
  `created_at` datetime DEFAULT CURRENT_TIMESTAMP,
  PRIMARY KEY (`id`),
  KEY `likes_user_id_fk` (`user_id`),
  KEY `likes_target_type_id_fk` (`target_type_id`),
  KEY `likes_target_id_fk3` (`target_id`),
  CONSTRAINT `likes_target_id_fk` FOREIGN KEY (`target_id`) REFERENCES `media` (`id`) ON DELETE CASCADE,
  CONSTRAINT `likes_target_id_fk1` FOREIGN KEY (`target_id`) REFERENCES `users` (`id`) ON DELETE CASCADE,
  CONSTRAINT `likes_target_id_fk3` FOREIGN KEY (`target_id`) REFERENCES `messages` (`id`) ON DELETE CASCADE,
  CONSTRAINT `likes_target_type_id_fk` FOREIGN KEY (`target_type_id`) REFERENCES `target_types` (`id`) ON DELETE CASCADE,
  CONSTRAINT `likes_user_id_fk` FOREIGN KEY (`user_id`) REFERENCES `users` (`id`) ON DELETE CASCADE
) ENGINE=InnoDB AUTO_INCREMENT=301 DEFAULT CHARSET=utf8mb4 COLLATE=utf8mb4_0900_ai_ci;
/*!40101 SET character_set_client = @saved_cs_client */;

--
-- Dumping data for table `likes`
--

LOCK TABLES `likes` WRITE;
/*!40000 ALTER TABLE `likes` DISABLE KEYS */;
INSERT INTO `likes` VALUES (1,13,10,1,'2020-04-08 15:49:59'),(2,36,37,4,'2020-04-08 15:49:59'),(3,79,61,3,'2020-04-08 15:49:59'),(4,47,36,2,'2020-04-08 15:49:59'),(5,90,32,4,'2020-04-08 15:49:59'),(6,44,54,2,'2020-04-08 15:49:59'),(7,36,61,4,'2020-04-08 15:49:59'),(8,95,86,2,'2020-04-08 15:49:59'),(9,69,6,1,'2020-04-08 15:49:59'),(10,7,60,4,'2020-04-08 15:49:59'),(11,14,32,1,'2020-04-08 15:49:59'),(12,96,21,1,'2020-04-08 15:49:59'),(13,36,19,4,'2020-04-08 15:49:59'),(14,67,82,1,'2020-04-08 15:49:59'),(15,84,4,3,'2020-04-08 15:49:59'),(16,12,66,4,'2020-04-08 15:49:59'),(17,68,61,4,'2020-04-08 15:49:59'),(18,15,75,2,'2020-04-08 15:49:59'),(19,29,50,3,'2020-04-08 15:49:59'),(20,62,23,2,'2020-04-08 15:49:59'),(21,72,76,3,'2020-04-08 15:49:59'),(22,85,38,2,'2020-04-08 15:49:59'),(23,52,61,2,'2020-04-08 15:49:59'),(24,55,33,4,'2020-04-08 15:49:59'),(25,95,77,4,'2020-04-08 15:49:59'),(26,69,45,1,'2020-04-08 15:49:59'),(27,56,23,2,'2020-04-08 15:49:59'),(28,68,98,4,'2020-04-08 15:49:59'),(29,34,10,2,'2020-04-08 15:49:59'),(30,14,21,3,'2020-04-08 15:49:59'),(31,56,88,3,'2020-04-08 15:49:59'),(32,88,28,3,'2020-04-08 15:49:59'),(33,89,21,2,'2020-04-08 15:49:59'),(34,28,26,2,'2020-04-08 15:49:59'),(35,41,72,2,'2020-04-08 15:49:59'),(36,62,2,2,'2020-04-08 15:49:59'),(37,22,30,4,'2020-04-08 15:49:59'),(38,27,87,2,'2020-04-08 15:49:59'),(39,91,2,2,'2020-04-08 15:49:59'),(40,81,94,2,'2020-04-08 15:49:59'),(41,45,48,1,'2020-04-08 15:49:59'),(42,80,83,3,'2020-04-08 15:49:59'),(43,25,99,1,'2020-04-08 15:49:59'),(44,100,42,1,'2020-04-08 15:49:59'),(45,12,37,2,'2020-04-08 15:49:59'),(46,26,88,3,'2020-04-08 15:49:59'),(47,46,41,3,'2020-04-08 15:49:59'),(48,15,73,1,'2020-04-08 15:49:59'),(49,73,10,2,'2020-04-08 15:49:59'),(50,10,65,4,'2020-04-08 15:49:59'),(51,74,89,1,'2020-04-08 15:49:59'),(52,39,32,2,'2020-04-08 15:49:59'),(53,15,48,4,'2020-04-08 15:49:59'),(54,23,32,4,'2020-04-08 15:49:59'),(55,69,65,1,'2020-04-08 15:49:59'),(56,89,96,1,'2020-04-08 15:49:59'),(57,63,82,1,'2020-04-08 15:49:59'),(58,67,66,2,'2020-04-08 15:49:59'),(59,47,49,1,'2020-04-08 15:49:59'),(60,63,9,3,'2020-04-08 15:49:59'),(61,52,93,1,'2020-04-08 15:49:59'),(62,54,49,4,'2020-04-08 15:49:59'),(63,66,81,1,'2020-04-08 15:49:59'),(64,97,61,1,'2020-04-08 15:49:59'),(65,78,53,2,'2020-04-08 15:49:59'),(66,85,37,2,'2020-04-08 15:49:59'),(67,42,19,3,'2020-04-08 15:49:59'),(68,81,3,3,'2020-04-08 15:49:59'),(69,36,71,2,'2020-04-08 15:49:59'),(70,23,73,4,'2020-04-08 15:49:59'),(71,56,96,1,'2020-04-08 15:49:59'),(72,58,61,2,'2020-04-08 15:49:59'),(73,68,49,2,'2020-04-08 15:49:59'),(74,51,37,2,'2020-04-08 15:49:59'),(75,43,23,4,'2020-04-08 15:49:59'),(76,52,7,4,'2020-04-08 15:49:59'),(77,77,46,4,'2020-04-08 15:49:59'),(78,52,65,3,'2020-04-08 15:49:59'),(79,39,92,2,'2020-04-08 15:49:59'),(80,53,26,3,'2020-04-08 15:49:59'),(81,70,43,1,'2020-04-08 15:49:59'),(82,76,79,3,'2020-04-08 15:49:59'),(83,92,61,2,'2020-04-08 15:49:59'),(84,59,11,4,'2020-04-08 15:49:59'),(85,45,99,3,'2020-04-08 15:49:59'),(86,86,61,2,'2020-04-08 15:49:59'),(87,42,75,2,'2020-04-08 15:49:59'),(88,8,2,4,'2020-04-08 15:49:59'),(89,11,4,4,'2020-04-08 15:49:59'),(90,12,6,4,'2020-04-08 15:49:59'),(91,45,48,1,'2020-04-08 15:49:59'),(92,71,43,1,'2020-04-08 15:49:59'),(93,94,53,4,'2020-04-08 15:49:59'),(94,61,53,4,'2020-04-08 15:49:59'),(95,50,3,3,'2020-04-08 15:49:59'),(96,21,4,3,'2020-04-08 15:49:59'),(97,80,25,4,'2020-04-08 15:49:59'),(98,35,27,2,'2020-04-08 15:49:59'),(99,73,72,2,'2020-04-08 15:49:59'),(100,86,6,3,'2020-04-08 15:49:59'),(101,46,10,1,'2020-04-08 15:49:59'),(102,38,46,1,'2020-04-08 15:49:59'),(103,53,11,4,'2020-04-08 15:49:59'),(104,33,84,1,'2020-04-08 15:49:59'),(105,45,69,1,'2020-04-08 15:49:59'),(106,26,12,4,'2020-04-08 15:49:59'),(107,62,71,3,'2020-04-08 15:49:59'),(108,28,35,4,'2020-04-08 15:49:59'),(109,36,17,3,'2020-04-08 15:49:59'),(110,20,76,1,'2020-04-08 15:49:59'),(111,80,33,2,'2020-04-08 15:49:59'),(112,33,86,2,'2020-04-08 15:49:59'),(113,89,57,1,'2020-04-08 15:49:59'),(114,13,15,2,'2020-04-08 15:49:59'),(115,34,61,1,'2020-04-08 15:49:59'),(116,36,66,1,'2020-04-08 15:49:59'),(117,15,8,4,'2020-04-08 15:49:59'),(118,45,43,4,'2020-04-08 15:49:59'),(119,71,13,3,'2020-04-08 15:49:59'),(120,18,36,2,'2020-04-08 15:49:59'),(121,23,34,1,'2020-04-08 15:49:59'),(122,9,38,3,'2020-04-08 15:49:59'),(123,100,9,2,'2020-04-08 15:49:59'),(124,3,74,3,'2020-04-08 15:49:59'),(125,91,67,3,'2020-04-08 15:49:59'),(126,11,67,1,'2020-04-08 15:49:59'),(127,8,35,2,'2020-04-08 15:49:59'),(128,35,29,2,'2020-04-08 15:49:59'),(129,20,75,1,'2020-04-08 15:49:59'),(130,40,61,4,'2020-04-08 15:49:59'),(131,47,77,2,'2020-04-08 15:49:59'),(132,72,39,4,'2020-04-08 15:49:59'),(133,73,31,2,'2020-04-08 15:49:59'),(134,78,88,1,'2020-04-08 15:49:59'),(135,62,94,4,'2020-04-08 15:49:59'),(136,37,31,2,'2020-04-08 15:49:59'),(137,26,98,1,'2020-04-08 15:49:59'),(138,58,60,1,'2020-04-08 15:49:59'),(139,45,48,1,'2020-04-08 15:49:59'),(140,86,12,1,'2020-04-08 15:49:59'),(141,70,45,1,'2020-04-08 15:49:59'),(142,39,50,2,'2020-04-08 15:49:59'),(143,4,27,1,'2020-04-08 15:49:59'),(144,39,21,4,'2020-04-08 15:49:59'),(145,78,24,4,'2020-04-08 15:49:59'),(146,50,97,2,'2020-04-08 15:49:59'),(147,77,84,4,'2020-04-08 15:49:59'),(148,91,87,3,'2020-04-08 15:49:59'),(149,52,73,1,'2020-04-08 15:49:59'),(150,11,35,2,'2020-04-08 15:49:59'),(151,9,17,3,'2020-04-08 15:49:59'),(152,30,81,1,'2020-04-08 15:49:59'),(153,25,82,2,'2020-04-08 15:49:59'),(154,28,34,4,'2020-04-08 15:49:59'),(155,22,56,1,'2020-04-08 15:49:59'),(156,92,25,2,'2020-04-08 15:49:59'),(157,57,46,3,'2020-04-08 15:49:59'),(158,60,19,1,'2020-04-08 15:49:59'),(159,15,29,1,'2020-04-08 15:49:59'),(160,27,24,2,'2020-04-08 15:49:59'),(161,28,19,1,'2020-04-08 15:49:59'),(162,92,31,4,'2020-04-08 15:49:59'),(163,96,47,2,'2020-04-08 15:49:59'),(164,78,59,3,'2020-04-08 15:49:59'),(165,25,45,2,'2020-04-08 15:49:59'),(166,2,65,1,'2020-04-08 15:49:59'),(167,10,84,4,'2020-04-08 15:49:59'),(168,4,45,1,'2020-04-08 15:49:59'),(169,20,69,4,'2020-04-08 15:49:59'),(170,1,62,1,'2020-04-08 15:49:59'),(171,37,69,2,'2020-04-08 15:49:59'),(172,60,100,1,'2020-04-08 15:49:59'),(173,90,96,1,'2020-04-08 15:49:59'),(174,64,88,2,'2020-04-08 15:49:59'),(175,65,86,2,'2020-04-08 15:49:59'),(176,27,25,2,'2020-04-08 15:49:59'),(177,24,1,2,'2020-04-08 15:49:59'),(178,61,7,3,'2020-04-08 15:49:59'),(179,31,5,2,'2020-04-08 15:49:59'),(180,27,51,3,'2020-04-08 15:49:59'),(181,5,12,2,'2020-04-08 15:49:59'),(182,71,31,2,'2020-04-08 15:49:59'),(183,20,69,4,'2020-04-08 15:49:59'),(184,15,24,3,'2020-04-08 15:49:59'),(185,86,15,1,'2020-04-08 15:49:59'),(186,43,61,3,'2020-04-08 15:49:59'),(187,87,14,1,'2020-04-08 15:49:59'),(188,3,86,1,'2020-04-08 15:49:59'),(189,43,56,2,'2020-04-08 15:49:59'),(190,68,100,4,'2020-04-08 15:49:59'),(191,67,56,4,'2020-04-08 15:49:59'),(192,14,39,3,'2020-04-08 15:49:59'),(193,46,70,1,'2020-04-08 15:49:59'),(194,52,20,2,'2020-04-08 15:49:59'),(195,67,99,4,'2020-04-08 15:49:59'),(196,71,73,2,'2020-04-08 15:49:59'),(197,29,94,4,'2020-04-08 15:49:59'),(198,46,71,1,'2020-04-08 15:49:59'),(199,75,22,4,'2020-04-08 15:49:59'),(200,56,26,3,'2020-04-08 15:49:59'),(201,26,45,2,'2020-04-08 15:49:59'),(202,7,87,1,'2020-04-08 15:49:59'),(203,5,83,1,'2020-04-08 15:49:59'),(204,64,11,3,'2020-04-08 15:49:59'),(205,75,92,2,'2020-04-08 15:49:59'),(206,83,18,2,'2020-04-08 15:49:59'),(207,55,46,3,'2020-04-08 15:49:59'),(208,1,100,4,'2020-04-08 15:49:59'),(209,77,99,3,'2020-04-08 15:49:59'),(210,23,23,2,'2020-04-08 15:49:59'),(211,60,59,1,'2020-04-08 15:49:59'),(212,6,81,4,'2020-04-08 15:49:59'),(213,76,26,1,'2020-04-08 15:49:59'),(214,45,9,1,'2020-04-08 15:49:59'),(215,16,55,1,'2020-04-08 15:49:59'),(216,61,28,3,'2020-04-08 15:49:59'),(217,96,10,3,'2020-04-08 15:49:59'),(218,77,1,3,'2020-04-08 15:49:59'),(219,59,76,1,'2020-04-08 15:49:59'),(220,91,42,2,'2020-04-08 15:49:59'),(221,56,68,3,'2020-04-08 15:49:59'),(222,69,21,4,'2020-04-08 15:49:59'),(223,16,93,1,'2020-04-08 15:49:59'),(224,6,79,3,'2020-04-08 15:49:59'),(225,36,55,3,'2020-04-08 15:49:59'),(226,70,49,2,'2020-04-08 15:49:59'),(227,21,5,3,'2020-04-08 15:49:59'),(228,88,59,2,'2020-04-08 15:49:59'),(229,67,49,2,'2020-04-08 15:49:59'),(230,74,35,3,'2020-04-08 15:49:59'),(231,52,4,3,'2020-04-08 15:49:59'),(232,5,33,2,'2020-04-08 15:49:59'),(233,52,8,4,'2020-04-08 15:49:59'),(234,88,92,4,'2020-04-08 15:49:59'),(235,4,30,2,'2020-04-08 15:49:59'),(236,10,27,1,'2020-04-08 15:49:59'),(237,48,22,3,'2020-04-08 15:49:59'),(238,68,38,4,'2020-04-08 15:49:59'),(239,11,1,3,'2020-04-08 15:49:59'),(240,52,46,3,'2020-04-08 15:49:59'),(241,22,96,1,'2020-04-08 15:49:59'),(242,67,2,1,'2020-04-08 15:49:59'),(243,40,71,2,'2020-04-08 15:49:59'),(244,56,80,2,'2020-04-08 15:49:59'),(245,2,27,2,'2020-04-08 15:49:59'),(246,50,69,4,'2020-04-08 15:49:59'),(247,70,65,1,'2020-04-08 15:49:59'),(248,65,87,2,'2020-04-08 15:49:59'),(249,35,56,3,'2020-04-08 15:49:59'),(250,2,88,2,'2020-04-08 15:49:59'),(251,97,88,2,'2020-04-08 15:49:59'),(252,82,62,3,'2020-04-08 15:49:59'),(253,29,57,4,'2020-04-08 15:49:59'),(254,11,64,4,'2020-04-08 15:49:59'),(255,37,26,1,'2020-04-08 15:49:59'),(256,15,21,3,'2020-04-08 15:49:59'),(257,20,29,4,'2020-04-08 15:49:59'),(258,46,69,1,'2020-04-08 15:49:59'),(259,23,94,1,'2020-04-08 15:49:59'),(260,36,68,2,'2020-04-08 15:49:59'),(261,56,81,2,'2020-04-08 15:49:59'),(262,50,34,1,'2020-04-08 15:49:59'),(263,87,80,2,'2020-04-08 15:49:59'),(264,59,75,4,'2020-04-08 15:49:59'),(265,62,16,4,'2020-04-08 15:49:59'),(266,24,35,1,'2020-04-08 15:49:59'),(267,11,45,4,'2020-04-08 15:49:59'),(268,21,32,4,'2020-04-08 15:49:59'),(269,78,4,4,'2020-04-08 15:49:59'),(270,10,97,3,'2020-04-08 15:49:59'),(271,86,62,2,'2020-04-08 15:49:59'),(272,65,76,4,'2020-04-08 15:49:59'),(273,87,85,3,'2020-04-08 15:49:59'),(274,59,7,3,'2020-04-08 15:49:59'),(275,72,83,4,'2020-04-08 15:49:59'),(276,50,50,4,'2020-04-08 15:49:59'),(277,48,42,3,'2020-04-08 15:49:59'),(278,93,74,4,'2020-04-08 15:49:59'),(279,17,21,3,'2020-04-08 15:49:59'),(280,12,92,1,'2020-04-08 15:49:59'),(281,41,35,3,'2020-04-08 15:49:59'),(282,57,24,3,'2020-04-08 15:49:59'),(283,86,75,1,'2020-04-08 15:49:59'),(284,57,35,1,'2020-04-08 15:49:59'),(285,7,26,1,'2020-04-08 15:49:59'),(286,63,92,3,'2020-04-08 15:49:59'),(287,74,57,3,'2020-04-08 15:49:59'),(288,51,59,2,'2020-04-08 15:49:59'),(289,44,88,1,'2020-04-08 15:49:59'),(290,61,89,3,'2020-04-08 15:49:59'),(291,33,86,2,'2020-04-08 15:49:59'),(292,90,59,1,'2020-04-08 15:49:59'),(293,48,65,4,'2020-04-08 15:49:59'),(294,99,56,4,'2020-04-08 15:49:59'),(295,62,48,3,'2020-04-08 15:49:59'),(296,34,1,1,'2020-04-08 15:49:59'),(297,21,87,3,'2020-04-08 15:49:59'),(298,10,25,4,'2020-04-08 15:49:59'),(299,96,96,4,'2020-04-08 15:49:59'),(300,77,4,4,'2020-04-08 15:49:59');
/*!40000 ALTER TABLE `likes` ENABLE KEYS */;
UNLOCK TABLES;

--
-- Table structure for table `media`
--

DROP TABLE IF EXISTS `media`;
/*!40101 SET @saved_cs_client     = @@character_set_client */;
/*!50503 SET character_set_client = utf8mb4 */;
CREATE TABLE `media` (
  `id` int unsigned NOT NULL AUTO_INCREMENT,
  `media_type_id` int unsigned NOT NULL,
  `user_id` int unsigned NOT NULL,
  `file_path` varchar(255) CHARACTER SET utf8 COLLATE utf8_unicode_ci NOT NULL,
  `size` int NOT NULL,
  `metadata` json DEFAULT NULL,
  `created_at` datetime DEFAULT CURRENT_TIMESTAMP,
  `updated_at` datetime DEFAULT CURRENT_TIMESTAMP ON UPDATE CURRENT_TIMESTAMP,
  PRIMARY KEY (`id`),
  KEY `media_media_type_id_fk` (`media_type_id`),
  KEY `media_user_id_fk` (`user_id`),
  CONSTRAINT `media_media_type_id_fk` FOREIGN KEY (`media_type_id`) REFERENCES `media_types` (`id`) ON DELETE CASCADE,
  CONSTRAINT `media_user_id_fk` FOREIGN KEY (`user_id`) REFERENCES `users` (`id`) ON DELETE CASCADE
) ENGINE=InnoDB AUTO_INCREMENT=501 DEFAULT CHARSET=utf8 COLLATE=utf8_unicode_ci;
/*!40101 SET character_set_client = @saved_cs_client */;

--
-- Dumping data for table `media`
--

LOCK TABLES `media` WRITE;
/*!40000 ALTER TABLE `media` DISABLE KEYS */;
INSERT INTO `media` VALUES (1,1,89,'http://onedrive/vk/file_7312',7278,'{\"owner\": \"Aliza Fahey\"}','2019-11-22 20:52:37','2020-04-09 13:44:26'),(2,1,113,'http://onedrive/vk/file_8797',5764091,'{\"owner\": \"Ashly Franecki\"}','2019-11-02 08:14:19','2020-04-09 13:44:26'),(3,2,144,'http://onedrive/vk/file_3053',44489037,'{\"owner\": \"Rachel Hagenes\"}','2019-10-18 01:38:21','2020-04-09 13:44:26'),(4,2,81,'http://onedrive/vk/file_5872',3132872,'{\"owner\": \"Clement Kutch\"}','2019-09-17 23:31:12','2020-04-09 13:44:26'),(5,2,124,'http://onedrive/vk/file_1205',506417,'{\"owner\": \"Declan Gerhold\"}','2019-05-18 10:07:49','2020-04-09 13:44:26'),(6,2,74,'http://onedrive/vk/file_5407',51594350,'{\"owner\": \"Wilburn Abbott\"}','2019-12-25 02:26:25','2020-04-09 13:44:26'),(7,1,150,'http://onedrive/vk/file_4424',593261,'{\"owner\": \"Elva Bednar\"}','2020-03-30 06:10:35','2020-04-09 13:44:26'),(8,1,76,'http://onedrive/vk/file_4897',9965,'{\"owner\": \"Clement Kutch\"}','2019-08-19 02:43:45','2020-04-09 13:44:26'),(9,1,81,'http://onedrive/vk/file_1217',537057,'{\"owner\": \"Aileen Lebsack\"}','2019-04-24 13:57:01','2020-04-09 13:44:26'),(10,2,27,'http://onedrive/vk/file_8393',895502,'{\"owner\": \"Celine Cummerata\"}','2020-01-13 09:25:46','2020-04-09 13:44:26'),(11,1,41,'http://onedrive/vk/file_1316',66308265,'{\"owner\": \"Wendell Keebler\"}','2019-04-22 13:46:28','2020-04-09 13:44:26'),(12,1,123,'http://onedrive/vk/file_7397',156343,'{\"owner\": \"Maybelle Keebler\"}','2019-05-05 08:26:20','2020-04-09 13:44:26'),(13,2,40,'http://onedrive/vk/file_5044',5972863,'{\"owner\": \"Elva Bednar\"}','2020-03-24 00:25:26','2020-04-09 13:44:26'),(14,2,132,'http://onedrive/vk/file_2027',785208,'{\"owner\": \"Bettie Cremin\"}','2019-06-22 20:42:29','2020-04-09 13:44:26'),(15,2,87,'http://onedrive/vk/file_3005',747018,'{\"owner\": \"Jessie Maggio\"}','2020-01-26 02:35:23','2020-04-09 13:44:26'),(16,2,41,'http://onedrive/vk/file_7943',469466,'{\"owner\": \"Hettie Stanton\"}','2019-03-31 22:19:30','2020-04-09 13:44:26'),(17,2,91,'http://onedrive/vk/file_2704',8124,'{\"owner\": \"Alessandra Runolfsdottir\"}','2019-04-26 12:29:39','2020-04-09 13:44:26'),(18,1,34,'http://onedrive/vk/file_6687',77518986,'{\"owner\": \"Bernadette Spinka\"}','2019-05-13 21:55:49','2020-04-09 13:44:26'),(19,1,46,'http://onedrive/vk/file_6329',96277,'{\"owner\": \"Zoey Lubowitz\"}','2019-09-02 19:17:54','2020-04-09 13:44:26'),(20,1,125,'http://onedrive/vk/file_1583',862986,'{\"owner\": \"Aliza Fahey\"}','2019-07-13 14:17:27','2020-04-09 13:44:26'),(21,1,40,'http://onedrive/vk/file_5927',6749330,'{\"owner\": \"Mallie Turcotte\"}','2020-01-29 23:34:18','2020-04-09 13:44:26'),(22,2,124,'http://onedrive/vk/file_5890',296368836,'{\"owner\": \"Athena Terry\"}','2019-10-06 06:35:06','2020-04-09 13:44:26'),(23,2,48,'http://onedrive/vk/file_1671',2389580,'{\"owner\": \"Myrtice Jaskolski\"}','2020-01-07 01:01:27','2020-04-09 13:44:26'),(24,1,20,'http://onedrive/vk/file_7683',62509,'{\"owner\": \"Danielle Hansen\"}','2020-03-23 12:08:04','2020-04-09 13:44:26'),(25,1,104,'http://onedrive/vk/file_5405',618107125,'{\"owner\": \"Zena Runte\"}','2019-06-04 01:30:05','2020-04-09 13:44:26'),(26,2,10,'http://onedrive/vk/file_2975',416105,'{\"owner\": \"Clementina Bailey\"}','2020-02-09 07:39:08','2020-04-09 13:44:26'),(27,1,39,'http://onedrive/vk/file_6661',381566,'{\"owner\": \"Cheyanne Leuschke\"}','2019-10-30 19:49:51','2020-04-09 13:44:26'),(28,1,12,'http://onedrive/vk/file_5380',649517,'{\"owner\": \"Tad Langosh\"}','2020-02-20 11:37:28','2020-04-09 13:44:26'),(29,1,94,'http://onedrive/vk/file_5921',3403780,'{\"owner\": \"Cheyanne Leuschke\"}','2019-08-14 18:39:02','2020-04-09 13:44:26'),(30,1,135,'http://onedrive/vk/file_3464',43172429,'{\"owner\": \"Stan Padberg\"}','2020-02-20 21:04:43','2020-04-09 13:44:26'),(31,1,90,'http://onedrive/vk/file_7557',37522,'{\"owner\": \"Alda Stamm\"}','2020-03-09 18:47:05','2020-04-09 13:44:26'),(32,2,45,'http://onedrive/vk/file_8394',292893,'{\"owner\": \"Alvina Windler\"}','2019-11-11 14:42:44','2020-04-09 13:44:26'),(33,1,103,'http://onedrive/vk/file_9303',405913,'{\"owner\": \"Rachel Hagenes\"}','2019-05-13 18:22:03','2020-04-09 13:44:26'),(34,2,79,'http://onedrive/vk/file_2333',669842,'{\"owner\": \"Coy Harber\"}','2019-04-13 13:53:12','2020-04-09 13:44:26'),(35,2,87,'http://onedrive/vk/file_9754',9668864,'{\"owner\": \"Alessandra Runolfsdottir\"}','2019-11-04 13:57:54','2020-04-09 13:44:26'),(36,1,49,'http://onedrive/vk/file_4776',5491,'{\"owner\": \"Holly Zboncak\"}','2019-10-23 07:55:17','2020-04-09 13:44:26'),(37,2,132,'http://onedrive/vk/file_2618',32174138,'{\"owner\": \"Holly Zboncak\"}','2019-09-18 21:13:51','2020-04-09 13:44:26'),(38,1,64,'http://onedrive/vk/file_6762',28677,'{\"owner\": \"Jessie Maggio\"}','2019-11-10 15:23:41','2020-04-09 13:44:26'),(39,1,71,'http://onedrive/vk/file_6959',4525750,'{\"owner\": \"Leonor Hills\"}','2019-04-15 08:27:01','2020-04-09 13:44:26'),(40,1,14,'http://onedrive/vk/file_4508',240890,'{\"owner\": \"Lonnie Botsford\"}','2019-11-11 01:56:42','2020-04-09 13:44:26'),(41,2,5,'http://onedrive/vk/file_9662',7658605,'{\"owner\": \"Kim Raynor\"}','2019-11-08 22:00:04','2020-04-09 13:44:26'),(42,1,135,'http://onedrive/vk/file_6791',876711,'{\"owner\": \"Jacklyn Kuhlman\"}','2019-09-02 23:23:35','2020-04-09 13:44:26'),(43,1,58,'http://onedrive/vk/file_3969',7240,'{\"owner\": \"Berneice Hoppe\"}','2019-07-24 14:25:25','2020-04-09 13:44:26'),(44,2,36,'http://onedrive/vk/file_7471',309789,'{\"owner\": \"Laurianne Fahey\"}','2019-04-26 12:16:15','2020-04-09 13:44:26'),(45,1,4,'http://onedrive/vk/file_6451',50889,'{\"owner\": \"Leonor Hills\"}','2019-06-21 23:07:12','2020-04-09 13:44:26'),(46,2,64,'http://onedrive/vk/file_8842',314312,'{\"owner\": \"Kristopher Mills\"}','2019-12-24 02:50:56','2020-04-09 13:44:26'),(47,1,6,'http://onedrive/vk/file_5858',277516,'{\"owner\": \"David McClure\"}','2019-05-26 01:09:56','2020-04-09 13:44:26'),(48,2,139,'http://onedrive/vk/file_1765',29005875,'{\"owner\": \"Fabian Quitzon\"}','2020-02-16 02:59:39','2020-04-09 13:44:26'),(49,2,74,'http://onedrive/vk/file_8251',324783180,'{\"owner\": \"Carolyne Marvin\"}','2020-02-22 15:00:18','2020-04-09 13:44:26'),(50,1,102,'http://onedrive/vk/file_7963',734786323,'{\"owner\": \"Ahmad Hettinger\"}','2019-04-27 01:00:20','2020-04-09 13:44:26'),(51,2,137,'http://onedrive/vk/file_5064',508897,'{\"owner\": \"Kole Satterfield\"}','2019-07-15 02:42:19','2020-04-09 13:44:26'),(52,1,81,'http://onedrive/vk/file_9428',691548,'{\"owner\": \"Karson Heathcote\"}','2020-02-26 22:33:13','2020-04-09 13:44:26'),(53,1,144,'http://onedrive/vk/file_3954',46989,'{\"owner\": \"Cecelia Nolan\"}','2019-04-01 21:31:42','2020-04-09 13:44:26'),(54,2,26,'http://onedrive/vk/file_8482',353901,'{\"owner\": \"Samantha Cummerata\"}','2019-10-09 02:36:51','2020-04-09 13:44:26'),(55,1,147,'http://onedrive/vk/file_2552',555064853,'{\"owner\": \"Leo Prosacco\"}','2019-05-17 14:38:28','2020-04-09 13:44:26'),(56,2,56,'http://onedrive/vk/file_4312',26502158,'{\"owner\": \"Edna Kirlin\"}','2020-03-16 19:29:51','2020-04-09 13:44:26'),(57,1,140,'http://onedrive/vk/file_3908',35897,'{\"owner\": \"Golden Howe\"}','2019-12-12 01:14:33','2020-04-09 13:44:26'),(58,1,82,'http://onedrive/vk/file_5602',121055,'{\"owner\": \"Zoey Lubowitz\"}','2020-03-23 02:26:13','2020-04-09 13:44:26'),(59,2,140,'http://onedrive/vk/file_6287',5549780,'{\"owner\": \"Stan Padberg\"}','2019-07-14 22:01:33','2020-04-09 13:44:26'),(60,2,1,'http://onedrive/vk/file_4631',298712355,'{\"owner\": \"Lula Thompson\"}','2019-11-25 03:50:43','2020-04-09 13:44:26'),(61,1,38,'http://onedrive/vk/file_3296',671280360,'{\"owner\": \"Fleta Kunde\"}','2019-09-04 04:09:23','2020-04-09 13:44:26'),(62,2,33,'http://onedrive/vk/file_1587',320632,'{\"owner\": \"Fabian Quitzon\"}','2019-11-19 21:51:46','2020-04-09 13:44:26'),(63,2,51,'http://onedrive/vk/file_6047',329995,'{\"owner\": \"Aileen Lebsack\"}','2019-09-04 18:50:40','2020-04-09 13:44:26'),(64,1,4,'http://onedrive/vk/file_6476',3145062,'{\"owner\": \"Declan Gerhold\"}','2019-07-27 22:05:27','2020-04-09 13:44:26'),(65,2,19,'http://onedrive/vk/file_4240',678080,'{\"owner\": \"Tad Langosh\"}','2020-01-28 18:05:27','2020-04-09 13:44:26'),(66,2,81,'http://onedrive/vk/file_9771',44612975,'{\"owner\": \"Sonya Fritsch\"}','2019-07-03 07:29:11','2020-04-09 13:44:26'),(67,1,49,'http://onedrive/vk/file_8139',9644085,'{\"owner\": \"Beaulah McDermott\"}','2019-08-27 15:02:57','2020-04-09 13:44:26'),(68,1,2,'http://onedrive/vk/file_1384',680419,'{\"owner\": \"Fleta Kunde\"}','2020-01-09 13:23:46','2020-04-09 13:44:26'),(69,2,11,'http://onedrive/vk/file_8500',590420,'{\"owner\": \"Berneice Hoppe\"}','2019-10-22 03:06:07','2020-04-09 13:44:26'),(70,1,49,'http://onedrive/vk/file_1353',907862,'{\"owner\": \"Bette Daugherty\"}','2019-11-11 00:08:28','2020-04-09 13:44:26'),(71,2,60,'http://onedrive/vk/file_7263',58053,'{\"owner\": \"Braulio Barton\"}','2020-03-10 22:06:21','2020-04-09 13:44:26'),(72,2,3,'http://onedrive/vk/file_4260',76256,'{\"owner\": \"Audie Huel\"}','2019-08-27 21:25:34','2020-04-09 13:44:26'),(73,2,135,'http://onedrive/vk/file_7509',37605,'{\"owner\": \"Kaya Lubowitz\"}','2019-04-25 05:42:05','2020-04-09 13:44:26'),(74,2,63,'http://onedrive/vk/file_5767',256679,'{\"owner\": \"Laurianne Fahey\"}','2019-08-08 06:55:35','2020-04-09 13:44:26'),(75,1,62,'http://onedrive/vk/file_5309',199238,'{\"owner\": \"Lula Thompson\"}','2019-10-08 03:21:48','2020-04-09 13:44:26'),(76,1,121,'http://onedrive/vk/file_8246',55862415,'{\"owner\": \"Clement Kutch\"}','2019-07-12 23:40:27','2020-04-09 13:44:26'),(77,1,120,'http://onedrive/vk/file_6305',802456195,'{\"owner\": \"Holly Zboncak\"}','2019-11-28 05:13:48','2020-04-09 13:44:26'),(78,1,83,'http://onedrive/vk/file_5788',3839480,'{\"owner\": \"Elva Bednar\"}','2020-03-22 06:23:21','2020-04-09 13:44:26'),(79,2,56,'http://onedrive/vk/file_9023',44805931,'{\"owner\": \"Golden Howe\"}','2019-09-01 04:38:13','2020-04-09 13:44:26'),(80,1,31,'http://onedrive/vk/file_8756',4971258,'{\"owner\": \"Audie Huel\"}','2019-11-09 19:25:13','2020-04-09 13:44:26'),(81,1,136,'http://onedrive/vk/file_6713',216153,'{\"owner\": \"Hettie Stanton\"}','2020-02-27 04:36:07','2020-04-09 13:44:26'),(82,2,135,'http://onedrive/vk/file_6295',363415,'{\"owner\": \"Wilburn Abbott\"}','2019-11-02 00:37:27','2020-04-09 13:44:26'),(83,2,119,'http://onedrive/vk/file_1339',1793366,'{\"owner\": \"Jacklyn Kuhlman\"}','2019-07-22 01:20:38','2020-04-09 13:44:26'),(84,2,38,'http://onedrive/vk/file_4808',473054,'{\"owner\": \"Keira Robel\"}','2019-05-16 10:32:03','2020-04-09 13:44:26'),(85,2,133,'http://onedrive/vk/file_1028',806811,'{\"owner\": \"Jakayla Gerlach\"}','2020-02-27 00:50:33','2020-04-09 13:44:26'),(86,1,102,'http://onedrive/vk/file_7711',804899,'{\"owner\": \"Kristopher Mills\"}','2019-11-25 15:51:43','2020-04-09 13:44:26'),(87,1,111,'http://onedrive/vk/file_7476',206567,'{\"owner\": \"Eusebio Walter\"}','2019-12-21 06:52:49','2020-04-09 13:44:26'),(88,2,95,'http://onedrive/vk/file_4250',694063,'{\"owner\": \"Athena Terry\"}','2019-04-12 20:15:44','2020-04-09 13:44:26'),(89,1,145,'http://onedrive/vk/file_6821',145621,'{\"owner\": \"Ahmad Hettinger\"}','2019-04-19 08:16:42','2020-04-09 13:44:26'),(90,1,139,'http://onedrive/vk/file_2359',435918,'{\"owner\": \"Hector Feil\"}','2019-08-05 16:22:01','2020-04-09 13:44:26'),(91,1,107,'http://onedrive/vk/file_8329',93854,'{\"owner\": \"Sonya Fritsch\"}','2020-03-09 08:12:56','2020-04-09 13:44:26'),(92,1,119,'http://onedrive/vk/file_6572',832726,'{\"owner\": \"Mina Wolf\"}','2020-02-06 06:11:11','2020-04-09 13:44:26'),(93,1,125,'http://onedrive/vk/file_6872',145884,'{\"owner\": \"Athena Terry\"}','2020-01-10 01:22:26','2020-04-09 13:44:26'),(94,1,114,'http://onedrive/vk/file_4648',21239,'{\"owner\": \"Mitchel Pfannerstill\"}','2020-03-28 16:11:40','2020-04-09 13:44:26'),(95,2,48,'http://onedrive/vk/file_1623',558544,'{\"owner\": \"Justus Luettgen\"}','2019-12-28 07:34:32','2020-04-09 13:44:26'),(96,2,46,'http://onedrive/vk/file_2172',88766268,'{\"owner\": \"Shanna Wiegand\"}','2019-12-07 09:18:22','2020-04-09 13:44:26'),(97,2,84,'http://onedrive/vk/file_4990',19007,'{\"owner\": \"Danielle Hansen\"}','2019-09-23 18:58:06','2020-04-09 13:44:26'),(98,1,134,'http://onedrive/vk/file_8436',622098,'{\"owner\": \"Evelyn Heaney\"}','2019-06-30 17:05:34','2020-04-09 13:44:26'),(99,1,118,'http://onedrive/vk/file_8212',98942195,'{\"owner\": \"Bettie Cremin\"}','2019-08-18 11:54:22','2020-04-09 13:44:26'),(100,1,36,'http://onedrive/vk/file_5755',209404,'{\"owner\": \"Mercedes Purdy\"}','2019-05-29 14:46:20','2020-04-09 13:44:26'),(101,1,127,'http://onedrive/vk/file_3137',28605820,'{\"owner\": \"Alexander Crooks\"}','2020-02-21 00:06:02','2020-04-09 13:44:26'),(102,1,75,'http://onedrive/vk/file_6423',324253263,'{\"owner\": \"Barney Prosacco\"}','2019-12-20 15:33:49','2020-04-09 13:44:26'),(103,2,146,'http://onedrive/vk/file_3704',54596433,'{\"owner\": \"Velma Hessel\"}','2020-03-27 12:09:01','2020-04-09 13:44:26'),(104,1,53,'http://onedrive/vk/file_7251',139656,'{\"owner\": \"Moriah Schuppe\"}','2019-05-16 09:19:43','2020-04-09 13:44:26'),(105,2,125,'http://onedrive/vk/file_6147',80001,'{\"owner\": \"Audie Huel\"}','2019-10-15 02:18:55','2020-04-09 13:44:26'),(106,2,16,'http://onedrive/vk/file_7981',6651870,'{\"owner\": \"Jan Ritchie\"}','2019-06-07 20:31:38','2020-04-09 13:44:26'),(107,1,7,'http://onedrive/vk/file_2467',9367,'{\"owner\": \"Alexander Crooks\"}','2019-06-08 14:44:57','2020-04-09 13:44:26'),(108,2,134,'http://onedrive/vk/file_5392',8042015,'{\"owner\": \"Martine Klein\"}','2019-07-12 11:34:43','2020-04-09 13:44:26'),(109,2,48,'http://onedrive/vk/file_9559',316992137,'{\"owner\": \"Bettie Cremin\"}','2019-10-15 05:05:04','2020-04-09 13:44:26'),(110,2,140,'http://onedrive/vk/file_3624',6827,'{\"owner\": \"Clement Kutch\"}','2019-08-22 19:22:11','2020-04-09 13:44:26'),(111,2,105,'http://onedrive/vk/file_6439',661794,'{\"owner\": \"Leo Prosacco\"}','2020-03-04 22:05:27','2020-04-09 13:44:26'),(112,1,105,'http://onedrive/vk/file_2327',358970,'{\"owner\": \"Antonia Bechtelar\"}','2020-03-20 12:08:48','2020-04-09 13:44:26'),(113,1,57,'http://onedrive/vk/file_9317',57291,'{\"owner\": \"Tad Langosh\"}','2019-12-28 06:55:47','2020-04-09 13:44:26'),(114,2,120,'http://onedrive/vk/file_2609',699471,'{\"owner\": \"Evelyn Heaney\"}','2020-03-07 04:56:08','2020-04-09 13:44:26'),(115,2,131,'http://onedrive/vk/file_2091',9795,'{\"owner\": \"Lesley Barton\"}','2019-12-30 00:40:12','2020-04-09 13:44:26'),(116,1,144,'http://onedrive/vk/file_1631',14997617,'{\"owner\": \"Moriah Schuppe\"}','2019-05-31 11:27:47','2020-04-09 13:44:26'),(117,1,25,'http://onedrive/vk/file_9879',256602,'{\"owner\": \"Nedra Kutch\"}','2020-01-30 05:39:41','2020-04-09 13:44:26'),(118,2,143,'http://onedrive/vk/file_7508',60265,'{\"owner\": \"Antonia Bechtelar\"}','2020-02-12 11:11:28','2020-04-09 13:44:26'),(119,2,40,'http://onedrive/vk/file_6905',859626,'{\"owner\": \"Era Mertz\"}','2020-01-12 09:38:56','2020-04-09 13:44:26'),(120,2,68,'http://onedrive/vk/file_2001',31365,'{\"owner\": \"Mae Sawayn\"}','2019-09-08 13:43:22','2020-04-09 13:44:26'),(121,1,73,'http://onedrive/vk/file_6291',991173,'{\"owner\": \"Karson Heathcote\"}','2019-08-01 02:04:32','2020-04-09 13:44:26'),(122,1,8,'http://onedrive/vk/file_6451',610447,'{\"owner\": \"Era Mertz\"}','2019-08-23 02:08:34','2020-04-09 13:44:26'),(123,2,123,'http://onedrive/vk/file_3385',43827,'{\"owner\": \"Laurianne Fahey\"}','2020-01-16 02:02:32','2020-04-09 13:44:26'),(124,1,139,'http://onedrive/vk/file_5573',177790,'{\"owner\": \"Martine Klein\"}','2019-09-18 09:26:43','2020-04-09 13:44:26'),(125,1,28,'http://onedrive/vk/file_7708',6974802,'{\"owner\": \"Issac Kreiger\"}','2019-04-16 09:48:18','2020-04-09 13:44:26'),(126,2,19,'http://onedrive/vk/file_2826',95755571,'{\"owner\": \"Nyah Lynch\"}','2019-04-09 17:28:02','2020-04-09 13:44:26'),(127,2,11,'http://onedrive/vk/file_8005',117334536,'{\"owner\": \"Ahmad Hettinger\"}','2019-12-10 16:32:30','2020-04-09 13:44:26'),(128,1,148,'http://onedrive/vk/file_3548',10870478,'{\"owner\": \"Carolyne Marvin\"}','2019-05-06 10:49:56','2020-04-09 13:44:26'),(129,2,106,'http://onedrive/vk/file_1725',894486,'{\"owner\": \"Garry Maggio\"}','2019-10-14 13:19:14','2020-04-09 13:44:26'),(130,1,85,'http://onedrive/vk/file_5979',747472,'{\"owner\": \"Moriah Schuppe\"}','2019-07-22 17:12:52','2020-04-09 13:44:26'),(131,1,106,'http://onedrive/vk/file_5725',930729949,'{\"owner\": \"Rosina Gorczany\"}','2019-05-01 23:12:50','2020-04-09 13:44:26'),(132,1,124,'http://onedrive/vk/file_9687',63774,'{\"owner\": \"Cecelia Nolan\"}','2019-05-19 11:59:18','2020-04-09 13:44:26'),(133,1,4,'http://onedrive/vk/file_3262',14640,'{\"owner\": \"Monserrate Cruickshank\"}','2019-09-30 17:33:48','2020-04-09 13:44:26'),(134,1,96,'http://onedrive/vk/file_4250',449628,'{\"owner\": \"Issac Kreiger\"}','2019-12-20 12:58:36','2020-04-09 13:44:26'),(135,1,18,'http://onedrive/vk/file_1465',493994,'{\"owner\": \"Audie Huel\"}','2019-04-11 22:04:40','2020-04-09 13:44:26'),(136,2,103,'http://onedrive/vk/file_2576',217557,'{\"owner\": \"Cynthia Mohr\"}','2019-09-11 12:58:09','2020-04-09 13:44:26'),(137,1,7,'http://onedrive/vk/file_7486',61170,'{\"owner\": \"Braulio Barton\"}','2019-09-02 09:50:04','2020-04-09 13:44:26'),(138,2,28,'http://onedrive/vk/file_1703',16771,'{\"owner\": \"Gilbert Braun\"}','2019-12-17 13:15:10','2020-04-09 13:44:26'),(139,1,119,'http://onedrive/vk/file_3057',2256153,'{\"owner\": \"Leonor Hills\"}','2019-04-28 03:49:23','2020-04-09 13:44:26'),(140,1,58,'http://onedrive/vk/file_9175',495802,'{\"owner\": \"Myrtice Jaskolski\"}','2020-02-29 08:48:47','2020-04-09 13:44:26'),(141,1,83,'http://onedrive/vk/file_8706',16343,'{\"owner\": \"Carolanne Treutel\"}','2020-02-10 08:58:20','2020-04-09 13:44:26'),(142,1,91,'http://onedrive/vk/file_6010',384308,'{\"owner\": \"Sonya Fritsch\"}','2019-04-04 07:03:10','2020-04-09 13:44:26'),(143,1,55,'http://onedrive/vk/file_2930',801303885,'{\"owner\": \"Ellis Konopelski\"}','2019-08-19 14:58:37','2020-04-09 13:44:26'),(144,1,2,'http://onedrive/vk/file_4619',53370,'{\"owner\": \"Ramona Bartell\"}','2019-07-09 04:38:01','2020-04-03 14:02:34'),(145,2,143,'http://onedrive/vk/file_4307',62517,'{\"owner\": \"Jessie Maggio\"}','2019-06-12 21:23:53','2020-04-09 13:44:26'),(146,1,108,'http://onedrive/vk/file_6678',97605,'{\"owner\": \"Giles Cruickshank\"}','2019-10-18 01:07:45','2020-04-09 13:44:26'),(147,1,111,'http://onedrive/vk/file_1473',76259173,'{\"owner\": \"Justus Luettgen\"}','2020-03-07 09:16:38','2020-04-09 13:44:26'),(148,2,82,'http://onedrive/vk/file_4331',49659,'{\"owner\": \"Mitchell Considine\"}','2019-08-18 23:34:19','2020-04-09 13:44:26'),(149,2,75,'http://onedrive/vk/file_7235',10262035,'{\"owner\": \"Edna Kirlin\"}','2020-02-27 22:18:29','2020-04-09 13:44:26'),(150,1,128,'http://onedrive/vk/file_4187',71211896,'{\"owner\": \"Clement Kutch\"}','2019-09-27 09:10:19','2020-04-09 13:44:26'),(151,1,115,'http://onedrive/vk/file_7227',730563195,'{\"owner\": \"Bette Daugherty\"}','2019-10-29 13:15:13','2020-04-09 13:44:26'),(152,1,39,'http://onedrive/vk/file_4578',50747,'{\"owner\": \"Damion Barrows\"}','2019-09-04 20:05:07','2020-04-09 13:44:26'),(153,2,149,'http://onedrive/vk/file_9207',94758,'{\"owner\": \"Jayce Wolf\"}','2020-03-03 11:03:11','2020-04-09 13:44:26'),(154,2,29,'http://onedrive/vk/file_4305',311550,'{\"owner\": \"Eusebio Walter\"}','2019-06-01 13:02:12','2020-04-09 13:44:26'),(155,2,149,'http://onedrive/vk/file_1904',363479,'{\"owner\": \"Alexander Crooks\"}','2019-06-22 03:28:01','2020-04-09 13:44:26'),(156,1,55,'http://onedrive/vk/file_4604',687276,'{\"owner\": \"Mitchel Pfannerstill\"}','2019-07-14 05:13:31','2020-04-09 13:44:26'),(157,1,127,'http://onedrive/vk/file_7308',6614,'{\"owner\": \"Stanton Fay\"}','2019-11-18 16:36:00','2020-04-09 13:44:26'),(158,1,21,'http://onedrive/vk/file_3732',82723,'{\"owner\": \"Clementina Bailey\"}','2019-03-31 18:08:34','2020-04-09 13:44:26'),(159,2,24,'http://onedrive/vk/file_4735',872745,'{\"owner\": \"Louie Feest\"}','2020-01-03 13:01:12','2020-04-09 13:44:26'),(160,1,55,'http://onedrive/vk/file_2479',662924,'{\"owner\": \"Angeline Toy\"}','2019-09-01 16:08:49','2020-04-09 13:44:26'),(161,1,54,'http://onedrive/vk/file_6191',563294,'{\"owner\": \"Cheyanne Leuschke\"}','2020-01-13 11:22:56','2020-04-09 13:44:26'),(162,1,106,'http://onedrive/vk/file_4519',32115209,'{\"owner\": \"Ocie Smitham\"}','2020-02-29 17:58:25','2020-04-09 13:44:26'),(163,2,65,'http://onedrive/vk/file_3025',20198320,'{\"owner\": \"Cecelia Nolan\"}','2020-03-10 16:58:13','2020-04-09 13:44:26'),(164,2,8,'http://onedrive/vk/file_9567',188237,'{\"owner\": \"Aliza Fahey\"}','2019-04-23 14:31:54','2020-04-09 13:44:26'),(165,1,145,'http://onedrive/vk/file_1763',141304,'{\"owner\": \"Laurianne Fahey\"}','2019-09-16 13:58:29','2020-04-09 13:44:26'),(166,1,101,'http://onedrive/vk/file_6114',63527,'{\"owner\": \"Moriah Deckow\"}','2019-08-13 20:48:43','2020-04-09 13:44:26'),(167,2,70,'http://onedrive/vk/file_6284',2377051,'{\"owner\": \"Tess Rowe\"}','2019-10-06 07:15:39','2020-04-09 13:44:26'),(168,1,44,'http://onedrive/vk/file_3077',131812,'{\"owner\": \"Mallie Turcotte\"}','2019-09-08 05:30:13','2020-04-09 13:44:26'),(169,1,12,'http://onedrive/vk/file_4531',68986,'{\"owner\": \"Nedra Kutch\"}','2019-08-23 21:55:53','2020-04-09 13:44:26'),(170,2,76,'http://onedrive/vk/file_3428',225148,'{\"owner\": \"Gilbert Braun\"}','2019-11-24 01:13:09','2020-04-09 13:44:26'),(171,1,42,'http://onedrive/vk/file_2548',182658237,'{\"owner\": \"Cheyanne Leuschke\"}','2019-07-31 09:48:55','2020-04-09 13:44:26'),(172,2,135,'http://onedrive/vk/file_1458',720305,'{\"owner\": \"Mitchell Considine\"}','2020-02-22 19:11:54','2020-04-09 13:44:26'),(173,2,96,'http://onedrive/vk/file_7643',216088,'{\"owner\": \"Jayce Wolf\"}','2019-07-24 23:53:19','2020-04-09 13:44:26'),(174,1,73,'http://onedrive/vk/file_5847',709521,'{\"owner\": \"Athena Terry\"}','2019-06-30 01:07:00','2020-04-09 13:44:26'),(175,2,79,'http://onedrive/vk/file_5304',23269374,'{\"owner\": \"Damion Barrows\"}','2019-09-01 06:42:01','2020-04-09 13:44:26'),(176,1,26,'http://onedrive/vk/file_7980',189347,'{\"owner\": \"Audie Huel\"}','2019-09-02 16:13:58','2020-04-09 13:44:26'),(177,2,40,'http://onedrive/vk/file_4991',608171,'{\"owner\": \"Kim Raynor\"}','2020-01-06 08:02:23','2020-04-09 13:44:26'),(178,2,125,'http://onedrive/vk/file_9016',662818,'{\"owner\": \"Bette Daugherty\"}','2019-08-30 15:30:27','2020-04-09 13:44:26'),(179,1,51,'http://onedrive/vk/file_2110',185911,'{\"owner\": \"Velma Hessel\"}','2019-07-08 05:35:02','2020-04-09 13:44:26'),(180,2,30,'http://onedrive/vk/file_9499',75265,'{\"owner\": \"Issac Kreiger\"}','2019-11-18 04:03:14','2020-04-09 13:44:26'),(181,1,147,'http://onedrive/vk/file_4172',34836,'{\"owner\": \"Cynthia Mohr\"}','2019-07-17 19:16:03','2020-04-09 13:44:26'),(182,2,46,'http://onedrive/vk/file_9358',63964,'{\"owner\": \"Antonia Bechtelar\"}','2019-09-02 13:51:04','2020-04-09 13:44:26'),(183,1,86,'http://onedrive/vk/file_6279',579580,'{\"owner\": \"Jaden McKenzie\"}','2019-11-26 16:24:00','2020-04-09 13:44:26'),(184,1,142,'http://onedrive/vk/file_2320',899446,'{\"owner\": \"Meggie Lindgren\"}','2019-09-30 20:50:50','2020-04-09 13:44:26'),(185,1,1,'http://onedrive/vk/file_9761',146845296,'{\"owner\": \"Monserrate Cruickshank\"}','2019-05-19 01:00:20','2020-04-09 13:44:26'),(186,2,27,'http://onedrive/vk/file_4848',665530,'{\"owner\": \"Morris Swift\"}','2020-01-09 04:56:18','2020-04-09 13:44:26'),(187,1,133,'http://onedrive/vk/file_2960',903931,'{\"owner\": \"Myrtice Jaskolski\"}','2019-08-06 19:43:08','2020-04-09 13:44:26'),(188,1,135,'http://onedrive/vk/file_8253',48494,'{\"owner\": \"Mitchell Considine\"}','2019-05-30 04:45:28','2020-04-09 13:44:26'),(189,1,125,'http://onedrive/vk/file_4391',9697,'{\"owner\": \"Aliza Fahey\"}','2020-01-13 11:42:45','2020-04-09 13:44:26'),(190,2,71,'http://onedrive/vk/file_5196',234131,'{\"owner\": \"Ashly Franecki\"}','2019-12-26 02:06:58','2020-04-09 13:44:26'),(191,1,129,'http://onedrive/vk/file_2806',8522,'{\"owner\": \"Ramona Bartell\"}','2019-11-20 19:57:42','2020-04-09 13:44:26'),(192,2,131,'http://onedrive/vk/file_6441',504116,'{\"owner\": \"Zola Moen\"}','2019-12-04 20:38:32','2020-04-09 13:44:26'),(193,2,118,'http://onedrive/vk/file_4789',115176,'{\"owner\": \"Ramona Bartell\"}','2019-06-19 05:49:37','2020-04-09 13:44:26'),(194,2,46,'http://onedrive/vk/file_3623',763489,'{\"owner\": \"Jacklyn Kuhlman\"}','2019-11-27 09:00:35','2020-04-09 13:44:26'),(195,2,25,'http://onedrive/vk/file_2748',761921,'{\"owner\": \"Clement Kutch\"}','2020-03-08 09:08:29','2020-04-09 13:44:26'),(196,1,139,'http://onedrive/vk/file_1873',609139,'{\"owner\": \"Mina Wolf\"}','2019-11-14 02:51:13','2020-04-09 13:44:26'),(197,1,17,'http://onedrive/vk/file_9120',8435,'{\"owner\": \"Hailee Ullrich\"}','2019-05-28 10:46:07','2020-04-09 13:44:26'),(198,2,118,'http://onedrive/vk/file_2986',749932,'{\"owner\": \"Nyah Lynch\"}','2020-01-13 10:16:06','2020-04-09 13:44:26'),(199,1,89,'http://onedrive/vk/file_4568',33468827,'{\"owner\": \"Vergie Doyle\"}','2019-05-29 22:39:06','2020-04-09 13:44:26'),(200,2,90,'http://onedrive/vk/file_3884',112250,'{\"owner\": \"Eusebio Walter\"}','2019-07-21 10:34:52','2020-04-09 13:44:26'),(201,1,31,'http://onedrive/vk/file_4717',366261,'{\"owner\": \"Milan Casper\"}','2019-05-30 07:29:42','2020-04-09 13:44:26'),(202,2,37,'http://onedrive/vk/file_1934',101452,'{\"owner\": \"Evelyn Heaney\"}','2019-06-25 10:10:03','2020-04-09 13:44:26'),(203,1,89,'http://onedrive/vk/file_3520',93865434,'{\"owner\": \"Roslyn Jast\"}','2019-11-02 17:04:09','2020-04-09 13:44:26'),(204,2,33,'http://onedrive/vk/file_1797',601214,'{\"owner\": \"Declan Gerhold\"}','2019-05-18 16:18:38','2020-04-09 13:44:26'),(205,2,50,'http://onedrive/vk/file_6427',5553,'{\"owner\": \"Bette Daugherty\"}','2019-09-08 11:09:35','2020-04-09 13:44:26'),(206,2,1,'http://onedrive/vk/file_7746',89187416,'{\"owner\": \"Barney Prosacco\"}','2019-10-25 16:23:31','2020-04-09 13:44:26'),(207,1,4,'http://onedrive/vk/file_9450',160513,'{\"owner\": \"Alvina Windler\"}','2019-07-17 09:48:28','2020-04-09 13:44:26'),(208,1,16,'http://onedrive/vk/file_5013',488210,'{\"owner\": \"Thelma Rogahn\"}','2019-12-20 02:03:47','2020-04-09 13:44:26'),(209,2,67,'http://onedrive/vk/file_4717',5888,'{\"owner\": \"Eusebio Walter\"}','2019-06-21 10:01:38','2020-04-09 13:44:26'),(210,1,138,'http://onedrive/vk/file_7544',86509,'{\"owner\": \"Aliza Fahey\"}','2019-07-20 20:27:21','2020-04-09 13:44:26'),(211,1,38,'http://onedrive/vk/file_4571',3328644,'{\"owner\": \"Sierra Bergnaum\"}','2020-02-23 22:32:01','2020-04-09 13:44:26'),(212,2,75,'http://onedrive/vk/file_8225',102825469,'{\"owner\": \"Kim Raynor\"}','2019-12-01 21:21:19','2020-04-09 13:44:26'),(213,1,112,'http://onedrive/vk/file_8415',81727,'{\"owner\": \"Hettie Stanton\"}','2019-06-11 10:50:37','2020-04-09 13:44:26'),(214,1,35,'http://onedrive/vk/file_7400',149516,'{\"owner\": \"Hettie Stanton\"}','2020-03-12 20:12:24','2020-04-09 13:44:26'),(215,2,137,'http://onedrive/vk/file_1757',172948,'{\"owner\": \"Avery Crooks\"}','2019-08-05 12:25:44','2020-04-09 13:44:26'),(216,2,128,'http://onedrive/vk/file_3585',406195,'{\"owner\": \"Gilbert Braun\"}','2019-11-26 03:17:54','2020-04-09 13:44:26'),(217,2,81,'http://onedrive/vk/file_2652',602133,'{\"owner\": \"Herbert Schultz\"}','2019-10-07 09:40:51','2020-04-09 13:44:26'),(218,1,22,'http://onedrive/vk/file_1508',489932500,'{\"owner\": \"Hector Feil\"}','2019-09-30 18:44:32','2020-04-09 13:44:26'),(219,2,13,'http://onedrive/vk/file_7584',882082,'{\"owner\": \"Cheyanne Leuschke\"}','2019-10-01 09:59:04','2020-04-09 13:44:26'),(220,1,150,'http://onedrive/vk/file_5398',794017,'{\"owner\": \"Jakayla Gerlach\"}','2019-05-10 11:13:17','2020-04-09 13:44:26'),(221,1,109,'http://onedrive/vk/file_3239',6580812,'{\"owner\": \"Marshall Wilderman\"}','2019-11-23 11:39:01','2020-04-09 13:44:26'),(222,2,95,'http://onedrive/vk/file_8001',413840,'{\"owner\": \"Mariam Herzog\"}','2019-08-24 12:11:12','2020-04-09 13:44:26'),(223,2,146,'http://onedrive/vk/file_2293',577151,'{\"owner\": \"Marshall Wilderman\"}','2019-07-02 21:16:28','2020-04-09 13:44:26'),(224,2,146,'http://onedrive/vk/file_4459',734235,'{\"owner\": \"Cheyanne Leuschke\"}','2019-09-15 03:41:56','2020-04-09 13:44:26'),(225,2,142,'http://onedrive/vk/file_5419',129727,'{\"owner\": \"Moriah Schuppe\"}','2019-07-12 07:35:45','2020-04-09 13:44:26'),(226,2,122,'http://onedrive/vk/file_3718',235930,'{\"owner\": \"Nyah Lynch\"}','2019-08-17 21:43:50','2020-04-09 13:44:26'),(227,1,35,'http://onedrive/vk/file_1333',756631,'{\"owner\": \"Mariam Herzog\"}','2020-02-07 11:59:08','2020-04-09 13:44:26'),(228,1,106,'http://onedrive/vk/file_3510',144838,'{\"owner\": \"Athena Terry\"}','2020-01-07 08:55:41','2020-04-09 13:44:26'),(229,2,125,'http://onedrive/vk/file_3552',86319913,'{\"owner\": \"Rosina Gorczany\"}','2019-09-20 10:24:59','2020-04-09 13:44:26'),(230,2,8,'http://onedrive/vk/file_6233',780470,'{\"owner\": \"Evert Grimes\"}','2019-09-16 07:19:05','2020-04-09 13:44:26'),(231,1,112,'http://onedrive/vk/file_1511',484564,'{\"owner\": \"Thelma Rogahn\"}','2019-06-08 04:33:49','2020-04-09 13:44:26'),(232,1,87,'http://onedrive/vk/file_5856',758268488,'{\"owner\": \"Bettie Cremin\"}','2020-02-28 01:29:08','2020-04-09 13:44:26'),(233,1,98,'http://onedrive/vk/file_5747',51703,'{\"owner\": \"Hailee Ullrich\"}','2019-05-20 18:43:57','2020-04-09 13:44:26'),(234,1,77,'http://onedrive/vk/file_1167',71412,'{\"owner\": \"Stanton Fay\"}','2019-07-29 02:59:31','2020-04-09 13:44:26'),(235,2,90,'http://onedrive/vk/file_5596',69034,'{\"owner\": \"Moriah Schuppe\"}','2020-01-16 10:10:35','2020-04-09 13:44:26'),(236,1,70,'http://onedrive/vk/file_5481',693369,'{\"owner\": \"Jessie Maggio\"}','2020-01-06 21:13:39','2020-04-09 13:44:26'),(237,2,79,'http://onedrive/vk/file_9617',542611,'{\"owner\": \"Velma Hessel\"}','2019-07-23 05:25:39','2020-04-09 13:44:26'),(238,1,36,'http://onedrive/vk/file_3646',650081,'{\"owner\": \"Diana Predovic\"}','2019-07-23 15:00:42','2020-04-09 13:44:26'),(239,2,93,'http://onedrive/vk/file_6378',622952,'{\"owner\": \"Kaya Lubowitz\"}','2020-03-12 20:19:54','2020-04-09 13:44:26'),(240,2,53,'http://onedrive/vk/file_1956',55384,'{\"owner\": \"Eusebio Walter\"}','2019-08-18 14:22:11','2020-04-09 13:44:26'),(241,1,139,'http://onedrive/vk/file_7641',5668295,'{\"owner\": \"Avery Crooks\"}','2020-01-17 07:26:30','2020-04-09 13:44:26'),(242,2,83,'http://onedrive/vk/file_4343',576927,'{\"owner\": \"Jessie Maggio\"}','2019-05-16 22:40:24','2020-04-09 13:44:26'),(243,2,150,'http://onedrive/vk/file_6790',9883,'{\"owner\": \"Kaleb Sanford\"}','2019-12-08 07:07:05','2020-04-09 13:44:26'),(244,1,52,'http://onedrive/vk/file_1924',49099,'{\"owner\": \"Coy Harber\"}','2019-04-13 12:46:08','2020-04-09 13:44:26'),(245,1,106,'http://onedrive/vk/file_6249',105783,'{\"owner\": \"Mina Wolf\"}','2019-07-23 14:14:23','2020-04-09 13:44:26'),(246,1,73,'http://onedrive/vk/file_6475',588135,'{\"owner\": \"Fleta Kunde\"}','2019-10-17 02:46:15','2020-04-09 13:44:26'),(247,2,48,'http://onedrive/vk/file_3628',337828,'{\"owner\": \"Elva Bednar\"}','2019-11-29 17:05:28','2020-04-09 13:44:26'),(248,1,20,'http://onedrive/vk/file_6715',813327,'{\"owner\": \"Athena Terry\"}','2019-10-24 11:51:22','2020-04-09 13:44:26'),(249,2,105,'http://onedrive/vk/file_3696',492235,'{\"owner\": \"Nyah Lynch\"}','2020-02-01 18:08:41','2020-04-09 13:44:26'),(250,2,15,'http://onedrive/vk/file_6333',11197,'{\"owner\": \"Ruthie Lynch\"}','2019-08-23 18:42:30','2020-04-09 13:44:26'),(251,1,60,'http://onedrive/vk/file_1578',39298771,'{\"owner\": \"Garry Maggio\"}','2020-01-18 11:20:39','2020-04-09 13:44:26'),(252,2,103,'http://onedrive/vk/file_5892',712887,'{\"owner\": \"Carolyne Marvin\"}','2019-10-09 18:46:46','2020-04-09 13:44:26'),(253,1,34,'http://onedrive/vk/file_5726',369277,'{\"owner\": \"Reuben Swift\"}','2020-02-20 08:27:45','2020-04-09 13:44:26'),(254,1,12,'http://onedrive/vk/file_9955',902795,'{\"owner\": \"Samantha Cummerata\"}','2019-12-25 02:43:57','2020-04-09 13:44:26'),(255,2,109,'http://onedrive/vk/file_4600',696152,'{\"owner\": \"Tess Rowe\"}','2019-11-08 01:15:56','2020-04-09 13:44:26'),(256,1,58,'http://onedrive/vk/file_1134',2779893,'{\"owner\": \"Diana Predovic\"}','2020-02-07 16:08:55','2020-04-09 13:44:26'),(257,1,111,'http://onedrive/vk/file_8871',6558326,'{\"owner\": \"Fabian Quitzon\"}','2020-01-18 20:58:11','2020-04-09 13:44:26'),(258,2,80,'http://onedrive/vk/file_3955',762376,'{\"owner\": \"Lesley Barton\"}','2019-10-22 01:46:05','2020-04-09 13:44:26'),(259,1,68,'http://onedrive/vk/file_1162',691150,'{\"owner\": \"Janiya Yundt\"}','2019-05-27 02:48:28','2020-04-09 13:44:26'),(260,2,97,'http://onedrive/vk/file_1944',97456539,'{\"owner\": \"Edna Kirlin\"}','2019-04-10 11:43:30','2020-04-09 13:44:26'),(261,1,133,'http://onedrive/vk/file_5236',54614145,'{\"owner\": \"Moriah Schuppe\"}','2019-09-26 18:53:28','2020-04-09 13:44:26'),(262,1,73,'http://onedrive/vk/file_1350',102203,'{\"owner\": \"Ruthie Lynch\"}','2019-05-20 02:23:33','2020-04-09 13:44:26'),(263,1,114,'http://onedrive/vk/file_8042',813428,'{\"owner\": \"Wendell Keebler\"}','2019-10-09 05:07:40','2020-04-09 13:44:26'),(264,1,50,'http://onedrive/vk/file_8163',143973677,'{\"owner\": \"Thelma Rogahn\"}','2019-07-11 02:27:28','2020-04-09 13:44:26'),(265,1,57,'http://onedrive/vk/file_6688',558363,'{\"owner\": \"Gerardo Flatley\"}','2020-02-22 15:57:32','2020-04-09 13:44:26'),(266,2,137,'http://onedrive/vk/file_7953',870014,'{\"owner\": \"Nyah Lynch\"}','2020-03-16 23:33:40','2020-04-09 13:44:26'),(267,1,63,'http://onedrive/vk/file_9704',99787,'{\"owner\": \"Ocie Smitham\"}','2020-03-22 03:20:13','2020-04-09 13:44:26'),(268,1,54,'http://onedrive/vk/file_5662',6389,'{\"owner\": \"Webster Hansen\"}','2020-03-30 10:31:40','2020-04-09 13:44:26'),(269,2,80,'http://onedrive/vk/file_7200',8570,'{\"owner\": \"Mitchel Pfannerstill\"}','2020-03-06 18:20:12','2020-04-09 13:44:26'),(270,1,86,'http://onedrive/vk/file_9012',5280994,'{\"owner\": \"Edna Kirlin\"}','2020-03-23 00:08:37','2020-04-09 13:44:26'),(271,1,42,'http://onedrive/vk/file_4466',578892,'{\"owner\": \"Leo Prosacco\"}','2019-08-09 23:56:17','2020-04-09 13:44:26'),(272,1,101,'http://onedrive/vk/file_3290',785104,'{\"owner\": \"Holly Zboncak\"}','2019-08-13 23:09:52','2020-04-09 13:44:26'),(273,2,77,'http://onedrive/vk/file_2056',378846,'{\"owner\": \"Mallie Turcotte\"}','2019-07-01 22:30:47','2020-04-09 13:44:26'),(274,1,82,'http://onedrive/vk/file_8408',16180,'{\"owner\": \"Cierra Koss\"}','2019-08-18 19:13:47','2020-04-09 13:44:26'),(275,2,28,'http://onedrive/vk/file_7875',428918,'{\"owner\": \"Mae Sawayn\"}','2019-12-30 12:45:58','2020-04-09 13:44:26'),(276,2,43,'http://onedrive/vk/file_4155',98057,'{\"owner\": \"Martine Klein\"}','2019-06-07 02:26:22','2020-04-09 13:44:26'),(277,1,131,'http://onedrive/vk/file_5146',93532,'{\"owner\": \"Rosina Gorczany\"}','2020-02-16 04:50:16','2020-04-09 13:44:26'),(278,1,77,'http://onedrive/vk/file_3268',163488,'{\"owner\": \"Vanessa Bruen\"}','2020-02-27 09:40:06','2020-04-09 13:44:26'),(279,1,139,'http://onedrive/vk/file_8902',526846,'{\"owner\": \"Cierra Koss\"}','2019-11-05 08:24:16','2020-04-09 13:44:26'),(280,1,17,'http://onedrive/vk/file_6708',57639,'{\"owner\": \"Princess Welch\"}','2019-10-11 19:16:59','2020-04-09 13:44:26'),(281,2,114,'http://onedrive/vk/file_5835',859123561,'{\"owner\": \"Cecelia Nolan\"}','2019-12-24 01:18:57','2020-04-09 13:44:26'),(282,2,71,'http://onedrive/vk/file_8052',333769,'{\"owner\": \"Giles Cruickshank\"}','2019-11-21 11:08:55','2020-04-09 13:44:26'),(283,2,10,'http://onedrive/vk/file_3755',78308,'{\"owner\": \"Velma Hessel\"}','2019-06-17 04:14:19','2020-04-09 13:44:26'),(284,1,139,'http://onedrive/vk/file_2622',557525,'{\"owner\": \"Maud Boyle\"}','2019-05-01 14:53:11','2020-04-09 13:44:26'),(285,1,64,'http://onedrive/vk/file_9842',280235,'{\"owner\": \"Kaya Lubowitz\"}','2019-06-28 16:35:54','2020-04-09 13:44:26'),(286,1,52,'http://onedrive/vk/file_4348',256254,'{\"owner\": \"Vergie Doyle\"}','2019-05-30 02:02:20','2020-04-09 13:44:26'),(287,1,69,'http://onedrive/vk/file_9212',430567,'{\"owner\": \"Jessie Maggio\"}','2020-03-30 16:12:07','2020-04-09 13:44:26'),(288,2,37,'http://onedrive/vk/file_5020',74282689,'{\"owner\": \"Garry Maggio\"}','2019-05-08 22:36:30','2020-04-09 13:44:26'),(289,1,130,'http://onedrive/vk/file_5465',507205,'{\"owner\": \"Jakayla Gerlach\"}','2019-04-27 09:33:08','2020-04-09 13:44:26'),(290,1,86,'http://onedrive/vk/file_2265',474077,'{\"owner\": \"Martine Klein\"}','2019-06-11 13:54:49','2020-04-09 13:44:26'),(291,1,38,'http://onedrive/vk/file_2928',213090,'{\"owner\": \"Holly Zboncak\"}','2019-10-17 05:30:13','2020-04-09 13:44:26'),(292,1,84,'http://onedrive/vk/file_6848',168683,'{\"owner\": \"Garry Maggio\"}','2019-09-17 02:59:02','2020-04-09 13:44:26'),(293,1,5,'http://onedrive/vk/file_6460',311187,'{\"owner\": \"Avery Crooks\"}','2019-04-17 23:59:50','2020-04-09 13:44:26'),(294,1,71,'http://onedrive/vk/file_1754',139890,'{\"owner\": \"Ahmad Hettinger\"}','2019-05-13 03:57:34','2020-04-09 13:44:26'),(295,2,41,'http://onedrive/vk/file_6389',655886,'{\"owner\": \"John Mitchell\"}','2020-01-17 19:43:02','2020-04-09 13:44:26'),(296,1,141,'http://onedrive/vk/file_7686',149766,'{\"owner\": \"Cierra Koss\"}','2019-06-27 00:28:41','2020-04-09 13:44:26'),(297,2,132,'http://onedrive/vk/file_9266',571171,'{\"owner\": \"Hallie Flatley\"}','2019-06-24 21:51:33','2020-04-09 13:44:26'),(298,2,85,'http://onedrive/vk/file_4273',596562,'{\"owner\": \"Athena Terry\"}','2019-06-18 01:19:26','2020-04-09 13:44:26'),(299,2,31,'http://onedrive/vk/file_1568',19242,'{\"owner\": \"Lula Thompson\"}','2019-04-07 04:42:19','2020-04-09 13:44:26'),(300,1,50,'http://onedrive/vk/file_3022',359300,'{\"owner\": \"Mercedes Purdy\"}','2020-03-24 16:12:36','2020-04-09 13:44:26'),(301,1,5,'http://onedrive/vk/file_9404',25647,'{\"owner\": \"Vergie Doyle\"}','2020-03-25 06:07:20','2020-04-09 13:44:26'),(302,1,26,'http://onedrive/vk/file_9958',896813,'{\"owner\": \"Garret Rohan\"}','2019-07-22 01:49:03','2020-04-09 13:44:26'),(303,1,114,'http://onedrive/vk/file_2579',696168,'{\"owner\": \"Myrtice Jaskolski\"}','2019-12-01 12:57:10','2020-04-09 13:44:26'),(304,2,43,'http://onedrive/vk/file_9020',780406,'{\"owner\": \"Toney Moore\"}','2019-06-26 20:29:54','2020-04-09 13:44:26'),(305,2,22,'http://onedrive/vk/file_9366',694829,'{\"owner\": \"Angeline Toy\"}','2019-12-02 06:59:53','2020-04-09 13:44:26'),(306,2,128,'http://onedrive/vk/file_9770',903526,'{\"owner\": \"Alexander Crooks\"}','2019-07-30 10:21:53','2020-04-09 13:44:26'),(307,1,124,'http://onedrive/vk/file_1757',38303,'{\"owner\": \"Gerardo Flatley\"}','2019-08-27 11:28:51','2020-04-09 13:44:26'),(308,2,87,'http://onedrive/vk/file_5472',366417,'{\"owner\": \"Milan Casper\"}','2019-10-03 20:22:24','2020-04-09 13:44:26'),(309,1,63,'http://onedrive/vk/file_3092',12613250,'{\"owner\": \"Giles Cruickshank\"}','2019-09-21 00:22:07','2020-04-09 13:44:26'),(310,1,52,'http://onedrive/vk/file_7043',9238921,'{\"owner\": \"Moriah Deckow\"}','2020-02-01 05:56:07','2020-04-09 13:44:26'),(311,1,71,'http://onedrive/vk/file_6940',716275520,'{\"owner\": \"Bette Daugherty\"}','2020-02-09 13:30:08','2020-04-09 13:44:26'),(312,1,47,'http://onedrive/vk/file_3575',935421906,'{\"owner\": \"Celine Cummerata\"}','2019-11-02 22:09:35','2020-04-09 13:44:26'),(313,2,23,'http://onedrive/vk/file_5054',11505,'{\"owner\": \"Wendell Keebler\"}','2019-08-04 06:38:06','2020-04-09 13:44:26'),(314,2,125,'http://onedrive/vk/file_4548',748276,'{\"owner\": \"Golden Howe\"}','2019-04-25 10:27:30','2020-04-09 13:44:26'),(315,2,105,'http://onedrive/vk/file_6577',92773430,'{\"owner\": \"Zola Moen\"}','2020-03-29 18:04:33','2020-04-09 13:44:26'),(316,2,148,'http://onedrive/vk/file_9243',834662,'{\"owner\": \"Barney Prosacco\"}','2019-08-15 19:23:54','2020-04-09 13:44:26'),(317,2,124,'http://onedrive/vk/file_7486',66161323,'{\"owner\": \"Coy Harber\"}','2019-04-11 17:52:00','2020-04-09 13:44:26'),(318,2,27,'http://onedrive/vk/file_8703',9057,'{\"owner\": \"Aliza Fahey\"}','2019-12-02 09:55:20','2020-04-09 13:44:26'),(319,2,62,'http://onedrive/vk/file_2059',62971,'{\"owner\": \"Lelah Sipes\"}','2019-11-23 17:46:32','2020-04-09 13:44:26'),(320,1,79,'http://onedrive/vk/file_1185',96869,'{\"owner\": \"Tad Langosh\"}','2019-09-14 09:43:02','2020-04-09 13:44:26'),(321,1,56,'http://onedrive/vk/file_7748',7194084,'{\"owner\": \"Bette Daugherty\"}','2019-09-20 03:38:50','2020-04-09 13:44:26'),(322,1,45,'http://onedrive/vk/file_7187',29516,'{\"owner\": \"Jessie Maggio\"}','2019-11-21 19:58:43','2020-04-09 13:44:26'),(323,1,56,'http://onedrive/vk/file_2692',746975,'{\"owner\": \"Evelyn Heaney\"}','2019-04-12 11:24:32','2020-04-09 13:44:26'),(324,1,143,'http://onedrive/vk/file_8900',40820,'{\"owner\": \"Athena Terry\"}','2019-07-30 16:36:47','2020-04-09 13:44:26'),(325,2,98,'http://onedrive/vk/file_8427',1491533,'{\"owner\": \"Vanessa Bruen\"}','2019-05-22 05:20:08','2020-04-09 13:44:26'),(326,1,58,'http://onedrive/vk/file_5438',36334,'{\"owner\": \"Kenneth Gusikowski\"}','2019-07-04 08:50:34','2020-04-09 13:44:26'),(327,2,147,'http://onedrive/vk/file_9906',4979433,'{\"owner\": \"Aliza Fahey\"}','2019-04-04 14:28:21','2020-04-09 13:44:26'),(328,2,112,'http://onedrive/vk/file_5220',82181,'{\"owner\": \"Leonor Hills\"}','2019-04-21 03:55:28','2020-04-09 13:44:26'),(329,1,116,'http://onedrive/vk/file_4381',630741,'{\"owner\": \"Ahmad Hettinger\"}','2019-06-22 04:09:12','2020-04-09 13:44:26'),(330,1,94,'http://onedrive/vk/file_5246',14635889,'{\"owner\": \"Laurianne Fahey\"}','2019-12-08 08:39:23','2020-04-09 13:44:26'),(331,2,123,'http://onedrive/vk/file_3089',334710,'{\"owner\": \"Laurine Tillman\"}','2019-12-31 14:21:21','2020-04-09 13:44:26'),(332,1,32,'http://onedrive/vk/file_7704',671327,'{\"owner\": \"Keira Robel\"}','2020-03-11 02:01:04','2020-04-09 13:44:26'),(333,1,90,'http://onedrive/vk/file_1258',291146,'{\"owner\": \"Leonor Hills\"}','2019-10-08 06:52:13','2020-04-09 13:44:26'),(334,2,54,'http://onedrive/vk/file_9177',542507,'{\"owner\": \"Alvina Windler\"}','2020-03-06 06:25:57','2020-04-09 13:44:26'),(335,1,150,'http://onedrive/vk/file_5113',67564269,'{\"owner\": \"Leo Prosacco\"}','2019-05-05 07:49:21','2020-04-09 13:44:26'),(336,1,135,'http://onedrive/vk/file_6034',688556,'{\"owner\": \"Berneice Hoppe\"}','2020-01-27 14:55:48','2020-04-09 13:44:26'),(337,1,78,'http://onedrive/vk/file_4835',905264,'{\"owner\": \"Mariam Herzog\"}','2019-12-02 19:48:36','2020-04-09 13:44:26'),(338,2,131,'http://onedrive/vk/file_5072',3436374,'{\"owner\": \"Cheyanne Leuschke\"}','2020-01-19 09:06:30','2020-04-09 13:44:26'),(339,1,123,'http://onedrive/vk/file_9854',86065,'{\"owner\": \"Missouri King\"}','2019-12-21 23:05:33','2020-04-09 13:44:26'),(340,1,72,'http://onedrive/vk/file_6057',650653,'{\"owner\": \"Kaya Lubowitz\"}','2020-02-21 19:31:04','2020-04-09 13:44:26'),(341,2,139,'http://onedrive/vk/file_8724',527475,'{\"owner\": \"Lonnie Botsford\"}','2019-07-07 00:35:36','2020-04-09 13:44:26'),(342,2,29,'http://onedrive/vk/file_6451',675417,'{\"owner\": \"Gilbert Braun\"}','2019-09-12 17:11:07','2020-04-09 13:44:26'),(343,1,30,'http://onedrive/vk/file_5082',884663,'{\"owner\": \"Jaden McKenzie\"}','2019-11-18 01:18:28','2020-04-09 13:44:26'),(344,1,59,'http://onedrive/vk/file_5057',587069,'{\"owner\": \"Kole Satterfield\"}','2019-07-30 17:13:02','2020-04-09 13:44:26'),(345,2,55,'http://onedrive/vk/file_9043',63684983,'{\"owner\": \"Era Mertz\"}','2020-01-28 02:01:49','2020-04-09 13:44:26'),(346,2,96,'http://onedrive/vk/file_2044',271358,'{\"owner\": \"Jayce Wolf\"}','2020-01-24 12:38:28','2020-04-09 13:44:26'),(347,2,16,'http://onedrive/vk/file_9089',93084764,'{\"owner\": \"Lonnie Botsford\"}','2019-12-11 16:02:21','2020-04-09 13:44:26'),(348,1,90,'http://onedrive/vk/file_2318',485581,'{\"owner\": \"Edna Kirlin\"}','2019-07-17 22:46:23','2020-04-09 13:44:26'),(349,1,104,'http://onedrive/vk/file_1323',703835,'{\"owner\": \"Angeline Toy\"}','2019-07-16 01:00:07','2020-04-09 13:44:26'),(350,2,98,'http://onedrive/vk/file_7661',406320,'{\"owner\": \"Milan Casper\"}','2019-08-01 18:58:59','2020-04-09 13:44:26'),(351,2,29,'http://onedrive/vk/file_6340',59013717,'{\"owner\": \"Alexander Crooks\"}','2019-10-07 14:08:05','2020-04-09 13:44:26'),(352,1,149,'http://onedrive/vk/file_7718',252435,'{\"owner\": \"Cierra Koss\"}','2019-09-02 19:04:53','2020-04-09 13:44:26'),(353,1,59,'http://onedrive/vk/file_9569',40670,'{\"owner\": \"Garret Rohan\"}','2020-01-19 01:43:17','2020-04-09 13:44:26'),(354,2,146,'http://onedrive/vk/file_5695',6136984,'{\"owner\": \"Jan Ritchie\"}','2020-02-04 08:07:32','2020-04-09 13:44:26'),(355,2,104,'http://onedrive/vk/file_7769',475995,'{\"owner\": \"Tad Langosh\"}','2019-05-04 03:26:40','2020-04-09 13:44:26'),(356,1,81,'http://onedrive/vk/file_2761',82829765,'{\"owner\": \"Kaleb Sanford\"}','2019-10-20 03:58:05','2020-04-09 13:44:26'),(357,1,91,'http://onedrive/vk/file_7498',484219671,'{\"owner\": \"Webster Hansen\"}','2019-05-15 01:47:37','2020-04-09 13:44:26'),(358,2,64,'http://onedrive/vk/file_1212',336048,'{\"owner\": \"Lula Thompson\"}','2019-12-31 05:38:36','2020-04-09 13:44:26'),(359,1,46,'http://onedrive/vk/file_9560',2147132,'{\"owner\": \"Samantha Cummerata\"}','2019-08-15 18:32:07','2020-04-09 13:44:26'),(360,2,37,'http://onedrive/vk/file_7170',648231,'{\"owner\": \"Nedra Kutch\"}','2019-05-05 15:29:12','2020-04-09 13:44:26'),(361,1,46,'http://onedrive/vk/file_6171',587746075,'{\"owner\": \"Aileen Lebsack\"}','2020-02-25 14:32:25','2020-04-09 13:44:26'),(362,1,118,'http://onedrive/vk/file_8346',225315427,'{\"owner\": \"Roslyn Jast\"}','2020-01-11 14:03:48','2020-04-09 13:44:26'),(363,1,1,'http://onedrive/vk/file_4219',423013,'{\"owner\": \"Keira Robel\"}','2020-01-23 11:38:58','2020-04-09 13:44:26'),(364,1,101,'http://onedrive/vk/file_4055',160373,'{\"owner\": \"Thelma Rogahn\"}','2019-11-09 01:24:22','2020-04-09 13:44:26'),(365,2,50,'http://onedrive/vk/file_6621',422828,'{\"owner\": \"Lonnie Botsford\"}','2019-07-12 15:30:24','2020-04-09 13:44:26'),(366,1,97,'http://onedrive/vk/file_1942',4407720,'{\"owner\": \"Danielle Hansen\"}','2019-09-21 05:06:04','2020-04-09 13:44:26'),(367,1,33,'http://onedrive/vk/file_6847',5102660,'{\"owner\": \"Mercedes Purdy\"}','2019-10-02 08:13:44','2020-04-09 13:44:26'),(368,2,25,'http://onedrive/vk/file_9410',94917,'{\"owner\": \"Velma Hessel\"}','2019-11-25 18:46:56','2020-04-09 13:44:26'),(369,1,24,'http://onedrive/vk/file_7511',201952,'{\"owner\": \"Herbert Schultz\"}','2019-11-07 22:20:07','2020-04-09 13:44:26'),(370,2,46,'http://onedrive/vk/file_8326',733311664,'{\"owner\": \"Kristopher Mills\"}','2019-12-07 23:37:32','2020-04-09 13:44:26'),(371,1,9,'http://onedrive/vk/file_9100',723024,'{\"owner\": \"Ahmad Hettinger\"}','2019-11-10 06:19:38','2020-04-09 13:44:26'),(372,1,54,'http://onedrive/vk/file_1523',172243652,'{\"owner\": \"Jacklyn Kuhlman\"}','2019-08-05 06:04:12','2020-04-09 13:44:26'),(373,1,93,'http://onedrive/vk/file_6313',536638,'{\"owner\": \"Evert Grimes\"}','2020-03-20 13:32:34','2020-04-09 13:44:26'),(374,2,2,'http://onedrive/vk/file_8000',7887,'{\"owner\": \"Dudley Bergnaum\"}','2019-06-18 15:13:42','2020-04-09 13:44:26'),(375,1,32,'http://onedrive/vk/file_2062',504120,'{\"owner\": \"Barney Prosacco\"}','2020-01-27 03:36:52','2020-04-09 13:44:26'),(376,2,3,'http://onedrive/vk/file_3309',900688,'{\"owner\": \"Larue Bergstrom\"}','2019-10-31 04:15:09','2020-04-03 14:02:34'),(377,2,66,'http://onedrive/vk/file_9358',281086,'{\"owner\": \"Meggie Lindgren\"}','2019-10-19 05:34:45','2020-04-09 13:44:26'),(378,2,24,'http://onedrive/vk/file_8866',493363,'{\"owner\": \"Damion Barrows\"}','2019-07-19 09:42:14','2020-04-09 13:44:26'),(379,1,70,'http://onedrive/vk/file_6260',2290490,'{\"owner\": \"Era Mertz\"}','2019-11-08 16:03:40','2020-04-09 13:44:26'),(380,2,129,'http://onedrive/vk/file_3700',254246,'{\"owner\": \"Thelma Rogahn\"}','2020-03-13 09:35:03','2020-04-09 13:44:26'),(381,2,134,'http://onedrive/vk/file_7719',713561,'{\"owner\": \"Lori Purdy\"}','2019-10-24 16:56:24','2020-04-09 13:44:26'),(382,1,130,'http://onedrive/vk/file_8500',277717,'{\"owner\": \"Vergie Doyle\"}','2019-08-13 10:12:31','2020-04-09 13:44:26'),(383,2,101,'http://onedrive/vk/file_9345',137906,'{\"owner\": \"Kim Raynor\"}','2019-05-11 06:23:25','2020-04-09 13:44:26'),(384,2,113,'http://onedrive/vk/file_2226',6248,'{\"owner\": \"Hallie Flatley\"}','2019-07-23 16:04:26','2020-04-09 13:44:26'),(385,1,112,'http://onedrive/vk/file_9092',746378,'{\"owner\": \"Era Mertz\"}','2019-12-29 19:06:26','2020-04-09 13:44:26'),(386,1,72,'http://onedrive/vk/file_1786',608177,'{\"owner\": \"Hallie Flatley\"}','2019-06-19 00:00:01','2020-04-09 13:44:26'),(387,1,20,'http://onedrive/vk/file_7654',63675483,'{\"owner\": \"Holly Bergstrom\"}','2019-05-08 16:24:24','2020-04-09 13:44:26'),(388,2,37,'http://onedrive/vk/file_4916',106021041,'{\"owner\": \"Gilbert Braun\"}','2019-11-15 20:32:02','2020-04-09 13:44:26'),(389,1,123,'http://onedrive/vk/file_9615',579589363,'{\"owner\": \"Hector Feil\"}','2020-02-05 01:18:18','2020-04-09 13:44:26'),(390,2,55,'http://onedrive/vk/file_5333',796769247,'{\"owner\": \"Bettie Cremin\"}','2019-10-19 17:59:50','2020-04-09 13:44:26'),(391,1,57,'http://onedrive/vk/file_5818',8361239,'{\"owner\": \"Celine Cummerata\"}','2019-05-07 17:25:30','2020-04-09 13:44:26'),(392,2,116,'http://onedrive/vk/file_3094',969981348,'{\"owner\": \"Nyah Lynch\"}','2019-06-19 07:02:29','2020-04-09 13:44:26'),(393,1,110,'http://onedrive/vk/file_6015',791754,'{\"owner\": \"Princess Welch\"}','2020-03-23 13:05:39','2020-04-09 13:44:26'),(394,2,53,'http://onedrive/vk/file_1795',324239,'{\"owner\": \"Zena Runte\"}','2019-04-21 13:22:21','2020-04-09 13:44:26'),(395,2,84,'http://onedrive/vk/file_7927',372813,'{\"owner\": \"Zena Runte\"}','2019-03-31 18:03:47','2020-04-09 13:44:26'),(396,2,108,'http://onedrive/vk/file_6254',135937,'{\"owner\": \"Garry Maggio\"}','2019-06-08 08:18:16','2020-04-09 13:44:26'),(397,1,139,'http://onedrive/vk/file_6490',596968,'{\"owner\": \"Cynthia Mohr\"}','2019-09-23 01:16:11','2020-04-09 13:44:26'),(398,1,72,'http://onedrive/vk/file_3688',767031,'{\"owner\": \"Gerardo Flatley\"}','2019-11-20 04:23:40','2020-04-09 13:44:26'),(399,2,90,'http://onedrive/vk/file_6969',17933168,'{\"owner\": \"Moriah Schuppe\"}','2019-12-28 17:10:01','2020-04-09 13:44:26'),(400,1,82,'http://onedrive/vk/file_4784',234256,'{\"owner\": \"Demarco Gutmann\"}','2019-07-14 20:49:13','2020-04-09 13:44:26'),(401,2,143,'http://onedrive/vk/file_2012',6768843,'{\"owner\": \"Ericka Flatley\"}','2019-08-01 06:07:17','2020-04-09 13:44:26'),(402,1,18,'http://onedrive/vk/file_3711',660185,'{\"owner\": \"Garry Maggio\"}','2020-02-24 05:17:57','2020-04-09 13:44:26'),(403,2,110,'http://onedrive/vk/file_2517',712036832,'{\"owner\": \"Webster Hansen\"}','2019-04-02 03:50:38','2020-04-09 13:44:26'),(404,2,46,'http://onedrive/vk/file_9453',2996771,'{\"owner\": \"Athena Terry\"}','2019-05-25 15:54:08','2020-04-09 13:44:26'),(405,1,50,'http://onedrive/vk/file_2719',788159,'{\"owner\": \"Bettie Cremin\"}','2020-03-09 21:58:48','2020-04-09 13:44:26'),(406,2,109,'http://onedrive/vk/file_2232',341321,'{\"owner\": \"Maybelle Keebler\"}','2019-08-30 17:28:53','2020-04-09 13:44:26'),(407,1,95,'http://onedrive/vk/file_2005',150247,'{\"owner\": \"Roslyn Jast\"}','2019-06-18 23:24:45','2020-04-09 13:44:26'),(408,2,149,'http://onedrive/vk/file_2331',176755,'{\"owner\": \"Nedra Kutch\"}','2020-01-28 07:43:31','2020-04-09 13:44:26'),(409,1,11,'http://onedrive/vk/file_4638',423035,'{\"owner\": \"Jaden McKenzie\"}','2019-12-17 13:17:35','2020-04-09 13:44:26'),(410,1,56,'http://onedrive/vk/file_6201',34714356,'{\"owner\": \"Kaya Lubowitz\"}','2019-07-18 16:52:36','2020-04-09 13:44:26'),(411,1,95,'http://onedrive/vk/file_7089',674914,'{\"owner\": \"Thelma Rogahn\"}','2019-04-11 12:21:44','2020-04-09 13:44:26'),(412,1,6,'http://onedrive/vk/file_6847',569143157,'{\"owner\": \"Ocie Smitham\"}','2020-01-15 17:00:30','2020-04-09 13:44:26'),(413,1,44,'http://onedrive/vk/file_2968',295469,'{\"owner\": \"Milan Casper\"}','2019-06-14 07:37:13','2020-04-09 13:44:26'),(414,2,54,'http://onedrive/vk/file_2297',63868,'{\"owner\": \"Thelma Rogahn\"}','2019-11-26 14:36:30','2020-04-09 13:44:26'),(415,1,138,'http://onedrive/vk/file_1581',894151,'{\"owner\": \"Zena Runte\"}','2019-06-17 03:15:09','2020-04-09 13:44:26'),(416,1,76,'http://onedrive/vk/file_9016',342604,'{\"owner\": \"Beaulah McDermott\"}','2019-07-31 20:19:08','2020-04-09 13:44:26'),(417,1,118,'http://onedrive/vk/file_3340',822132,'{\"owner\": \"Issac Kreiger\"}','2019-07-11 00:06:30','2020-04-09 13:44:26'),(418,2,59,'http://onedrive/vk/file_6649',816612,'{\"owner\": \"Kim Raynor\"}','2020-03-27 18:10:00','2020-04-09 13:44:26'),(419,1,91,'http://onedrive/vk/file_4228',345256,'{\"owner\": \"Ericka Flatley\"}','2020-02-25 03:58:58','2020-04-09 13:44:26'),(420,1,126,'http://onedrive/vk/file_9192',166442,'{\"owner\": \"Carolyne Marvin\"}','2019-06-19 05:21:06','2020-04-09 13:44:26'),(421,1,58,'http://onedrive/vk/file_5282',6654,'{\"owner\": \"Louie Feest\"}','2019-05-24 16:06:51','2020-04-09 13:44:26'),(422,1,61,'http://onedrive/vk/file_6831',686442,'{\"owner\": \"Angeline Toy\"}','2019-07-01 14:16:46','2020-04-09 13:44:26'),(423,2,132,'http://onedrive/vk/file_8313',225659342,'{\"owner\": \"Noah Greenholt\"}','2019-12-03 16:39:41','2020-04-09 13:44:26'),(424,2,27,'http://onedrive/vk/file_2073',222889,'{\"owner\": \"Carolanne Treutel\"}','2019-08-22 17:56:32','2020-04-09 13:44:26'),(425,2,38,'http://onedrive/vk/file_2424',845120,'{\"owner\": \"Mitchell Considine\"}','2019-04-24 23:51:32','2020-04-09 13:44:26'),(426,1,109,'http://onedrive/vk/file_4901',157829257,'{\"owner\": \"Zoey Lubowitz\"}','2019-11-06 14:44:25','2020-04-09 13:44:26'),(427,1,131,'http://onedrive/vk/file_7236',846939,'{\"owner\": \"Larue Bergstrom\"}','2019-07-04 15:00:45','2020-04-09 13:44:26'),(428,2,26,'http://onedrive/vk/file_2478',334177,'{\"owner\": \"Leo Prosacco\"}','2019-12-29 20:55:16','2020-04-09 13:44:26'),(429,1,37,'http://onedrive/vk/file_7681',849697,'{\"owner\": \"Stan Padberg\"}','2019-05-10 07:43:31','2020-04-09 13:44:26'),(430,1,106,'http://onedrive/vk/file_2974',789335,'{\"owner\": \"Giles Cruickshank\"}','2020-02-16 21:35:08','2020-04-09 13:44:26'),(431,2,118,'http://onedrive/vk/file_8826',495859,'{\"owner\": \"Ocie Smitham\"}','2019-09-18 18:56:58','2020-04-09 13:44:26'),(432,1,122,'http://onedrive/vk/file_7209',312910,'{\"owner\": \"Rachel Hagenes\"}','2019-08-15 04:33:28','2020-04-09 13:44:26'),(433,2,107,'http://onedrive/vk/file_8571',29536999,'{\"owner\": \"Vanessa Bruen\"}','2020-01-30 00:16:19','2020-04-09 13:44:26'),(434,1,20,'http://onedrive/vk/file_2230',101293,'{\"owner\": \"Raoul Johnson\"}','2020-01-03 11:39:02','2020-04-09 13:44:26'),(435,1,75,'http://onedrive/vk/file_2433',72265041,'{\"owner\": \"Leonor Hills\"}','2019-05-12 06:07:48','2020-04-09 13:44:26'),(436,2,15,'http://onedrive/vk/file_4478',768151683,'{\"owner\": \"Audie Huel\"}','2020-01-30 01:37:39','2020-04-09 13:44:26'),(437,2,148,'http://onedrive/vk/file_5090',808890,'{\"owner\": \"Vanessa Bruen\"}','2020-03-31 05:21:51','2020-04-09 13:44:26'),(438,1,96,'http://onedrive/vk/file_2020',413403065,'{\"owner\": \"Edna Kirlin\"}','2019-12-14 23:28:56','2020-04-09 13:44:26'),(439,1,36,'http://onedrive/vk/file_2829',130573,'{\"owner\": \"Cheyanne Leuschke\"}','2020-01-16 08:01:00','2020-04-09 13:44:26'),(440,1,42,'http://onedrive/vk/file_7086',96409635,'{\"owner\": \"Athena Terry\"}','2019-05-31 04:14:47','2020-04-09 13:44:26'),(441,2,102,'http://onedrive/vk/file_7947',370428,'{\"owner\": \"Jacklyn Kuhlman\"}','2019-10-06 15:50:23','2020-04-09 13:44:26'),(442,1,81,'http://onedrive/vk/file_8477',1153712,'{\"owner\": \"Shanna Wiegand\"}','2019-11-19 16:33:19','2020-04-09 13:44:26'),(443,2,100,'http://onedrive/vk/file_8546',16195,'{\"owner\": \"Tess Rowe\"}','2019-11-23 11:00:35','2020-04-09 13:44:26'),(444,2,107,'http://onedrive/vk/file_7300',52783,'{\"owner\": \"Fleta Kunde\"}','2019-08-04 03:25:33','2020-04-09 13:44:26'),(445,1,86,'http://onedrive/vk/file_9863',579257,'{\"owner\": \"Wilburn Abbott\"}','2019-11-19 06:05:39','2020-04-09 13:44:26'),(446,2,107,'http://onedrive/vk/file_8419',137703,'{\"owner\": \"Kiera Gorczany\"}','2020-02-03 22:49:38','2020-04-09 13:44:26'),(447,2,126,'http://onedrive/vk/file_2506',593896654,'{\"owner\": \"Gerardo Flatley\"}','2019-12-21 07:42:31','2020-04-09 13:44:26'),(448,2,7,'http://onedrive/vk/file_4273',740746,'{\"owner\": \"Jan Ritchie\"}','2019-09-05 16:04:04','2020-04-09 13:44:26'),(449,1,107,'http://onedrive/vk/file_3850',580625,'{\"owner\": \"Noah Greenholt\"}','2020-01-05 13:15:21','2020-04-09 13:44:26'),(450,2,64,'http://onedrive/vk/file_5428',670887,'{\"owner\": \"Leo Prosacco\"}','2019-12-12 11:03:21','2020-04-09 13:44:26'),(451,2,148,'http://onedrive/vk/file_5592',702562,'{\"owner\": \"Moriah Schuppe\"}','2019-12-05 05:16:37','2020-04-09 13:44:26'),(452,1,96,'http://onedrive/vk/file_1677',590153,'{\"owner\": \"Mitchel Pfannerstill\"}','2019-07-21 21:25:59','2020-04-09 13:44:26'),(453,2,38,'http://onedrive/vk/file_8608',833082,'{\"owner\": \"Damion Barrows\"}','2019-10-12 13:14:34','2020-04-09 13:44:26'),(454,2,52,'http://onedrive/vk/file_1013',584953,'{\"owner\": \"Thelma Rogahn\"}','2019-10-20 19:42:22','2020-04-09 13:44:26'),(455,1,145,'http://onedrive/vk/file_5238',70449640,'{\"owner\": \"Lonnie Botsford\"}','2019-12-09 09:25:03','2020-04-09 13:44:26'),(456,1,116,'http://onedrive/vk/file_4156',415521,'{\"owner\": \"Sonya Fritsch\"}','2019-12-17 18:39:01','2020-04-09 13:44:26'),(457,2,146,'http://onedrive/vk/file_4064',11039835,'{\"owner\": \"Myrtice Jaskolski\"}','2019-11-29 13:33:44','2020-04-09 13:44:26'),(458,1,84,'http://onedrive/vk/file_6855',312747,'{\"owner\": \"Garry Maggio\"}','2019-05-07 14:06:34','2020-04-09 13:44:26'),(459,2,128,'http://onedrive/vk/file_3085',576339,'{\"owner\": \"Moriah Schuppe\"}','2020-02-10 10:48:23','2020-04-09 13:44:26'),(460,1,88,'http://onedrive/vk/file_2859',979967807,'{\"owner\": \"Krista Harber\"}','2019-04-14 20:22:33','2020-04-09 13:44:26'),(461,1,57,'http://onedrive/vk/file_4039',307175,'{\"owner\": \"Jayce Wolf\"}','2019-10-27 09:43:18','2020-04-09 13:44:26'),(462,2,18,'http://onedrive/vk/file_1621',9625876,'{\"owner\": \"Diana Predovic\"}','2020-02-21 03:54:12','2020-04-09 13:44:26'),(463,1,69,'http://onedrive/vk/file_3989',587633,'{\"owner\": \"Lesley Barton\"}','2020-03-06 03:17:35','2020-04-09 13:44:26'),(464,1,142,'http://onedrive/vk/file_5082',206646,'{\"owner\": \"Hettie Stanton\"}','2019-04-02 16:48:56','2020-04-09 13:44:26'),(465,1,50,'http://onedrive/vk/file_3446',160333,'{\"owner\": \"Ashly Franecki\"}','2019-04-23 06:09:38','2020-04-09 13:44:26'),(466,2,124,'http://onedrive/vk/file_9982',171725,'{\"owner\": \"Lesley Barton\"}','2020-02-01 16:15:45','2020-04-09 13:44:26'),(467,1,19,'http://onedrive/vk/file_2578',367628,'{\"owner\": \"John Mitchell\"}','2019-08-01 23:51:59','2020-04-09 13:44:26'),(468,1,25,'http://onedrive/vk/file_8939',412968,'{\"owner\": \"Mitchel Pfannerstill\"}','2019-07-03 01:27:39','2020-04-09 13:44:26'),(469,2,65,'http://onedrive/vk/file_8968',51958,'{\"owner\": \"Issac Kreiger\"}','2019-10-14 21:15:29','2020-04-09 13:44:26'),(470,2,102,'http://onedrive/vk/file_8022',247022,'{\"owner\": \"Wilburn Abbott\"}','2019-08-30 06:24:54','2020-04-09 13:44:26'),(471,2,13,'http://onedrive/vk/file_3206',31478017,'{\"owner\": \"Cierra Koss\"}','2019-07-13 02:01:11','2020-04-09 13:44:26'),(472,2,60,'http://onedrive/vk/file_8966',810886,'{\"owner\": \"Braulio Barton\"}','2020-03-16 05:34:24','2020-04-09 13:44:26'),(473,1,108,'http://onedrive/vk/file_7215',79053761,'{\"owner\": \"Mae Sawayn\"}','2019-08-07 18:44:36','2020-04-09 13:44:26'),(474,1,59,'http://onedrive/vk/file_8175',679518,'{\"owner\": \"Jan Ritchie\"}','2020-02-13 23:35:38','2020-04-09 13:44:26'),(475,1,123,'http://onedrive/vk/file_9234',589477,'{\"owner\": \"Casimir Rodriguez\"}','2019-06-13 17:22:09','2020-04-09 13:44:26'),(476,1,135,'http://onedrive/vk/file_2646',166859025,'{\"owner\": \"Garry Maggio\"}','2019-05-09 18:58:53','2020-04-09 13:44:26'),(477,2,7,'http://onedrive/vk/file_2525',4873014,'{\"owner\": \"Clementina Bailey\"}','2020-02-26 05:57:46','2020-04-09 13:44:26'),(478,1,81,'http://onedrive/vk/file_3690',288561,'{\"owner\": \"Shanna Wiegand\"}','2019-12-20 23:01:07','2020-04-09 13:44:26'),(479,2,82,'http://onedrive/vk/file_9876',800149,'{\"owner\": \"Kole Satterfield\"}','2019-10-10 21:47:26','2020-04-09 13:44:26'),(480,2,17,'http://onedrive/vk/file_1315',425064,'{\"owner\": \"Laurine Tillman\"}','2019-05-01 06:31:03','2020-04-09 13:44:26'),(481,2,139,'http://onedrive/vk/file_2944',614873,'{\"owner\": \"Mitchel Pfannerstill\"}','2019-12-30 22:58:11','2020-04-09 13:44:26'),(482,1,44,'http://onedrive/vk/file_9775',202279,'{\"owner\": \"Moriah Schuppe\"}','2019-06-03 20:09:57','2020-04-09 13:44:26'),(483,2,103,'http://onedrive/vk/file_3047',889178,'{\"owner\": \"Thelma Rogahn\"}','2019-07-10 02:59:34','2020-04-09 13:44:26'),(484,2,80,'http://onedrive/vk/file_2907',860212409,'{\"owner\": \"Jayce Wolf\"}','2020-01-25 16:48:05','2020-04-09 13:44:26'),(485,1,94,'http://onedrive/vk/file_4397',95696,'{\"owner\": \"Declan Gerhold\"}','2019-04-15 01:12:23','2020-04-09 13:44:26'),(486,2,76,'http://onedrive/vk/file_3266',791272,'{\"owner\": \"Clement Kutch\"}','2020-01-08 06:03:59','2020-04-09 13:44:26'),(487,1,99,'http://onedrive/vk/file_2138',307981,'{\"owner\": \"Roslyn Jast\"}','2019-10-20 11:08:20','2020-04-09 13:44:26'),(488,1,114,'http://onedrive/vk/file_8893',497187,'{\"owner\": \"Aileen Lebsack\"}','2020-01-14 18:23:24','2020-04-09 13:44:26'),(489,2,125,'http://onedrive/vk/file_1055',37896135,'{\"owner\": \"Krista Harber\"}','2019-10-05 07:34:02','2020-04-09 13:44:26'),(490,2,133,'http://onedrive/vk/file_4592',77053,'{\"owner\": \"Braulio Barton\"}','2020-02-12 16:27:15','2020-04-09 13:44:26'),(491,1,139,'http://onedrive/vk/file_9798',378830,'{\"owner\": \"Bette Daugherty\"}','2019-12-25 15:10:30','2020-04-09 13:44:26'),(492,1,147,'http://onedrive/vk/file_7219',35357,'{\"owner\": \"Celine Cummerata\"}','2019-05-17 19:52:54','2020-04-09 13:44:26'),(493,1,17,'http://onedrive/vk/file_5699',70261,'{\"owner\": \"Mae Sawayn\"}','2019-06-21 01:57:55','2020-04-09 13:44:26'),(494,2,91,'http://onedrive/vk/file_5839',667839,'{\"owner\": \"Aliza Fahey\"}','2019-07-19 02:23:51','2020-04-09 13:44:26'),(495,2,106,'http://onedrive/vk/file_2099',41170462,'{\"owner\": \"Beaulah McDermott\"}','2019-12-17 01:30:40','2020-04-09 13:44:26'),(496,1,107,'http://onedrive/vk/file_9978',704397,'{\"owner\": \"Jan Ritchie\"}','2020-03-29 15:13:41','2020-04-09 13:44:26'),(497,2,65,'http://onedrive/vk/file_6595',410335,'{\"owner\": \"Jaden McKenzie\"}','2019-09-24 18:34:02','2020-04-09 13:44:26'),(498,1,5,'http://onedrive/vk/file_2042',905185,'{\"owner\": \"Tess Rowe\"}','2019-06-21 04:33:09','2020-04-09 13:44:26'),(499,1,129,'http://onedrive/vk/file_7426',584924,'{\"owner\": \"Zola Moen\"}','2020-02-01 13:20:10','2020-04-09 13:44:26'),(500,2,31,'http://onedrive/vk/file_3004',9090,'{\"owner\": \"Casimir Rodriguez\"}','2019-07-25 05:41:29','2020-04-09 13:44:26');
/*!40000 ALTER TABLE `media` ENABLE KEYS */;
UNLOCK TABLES;

--
-- Table structure for table `media_types`
--

DROP TABLE IF EXISTS `media_types`;
/*!40101 SET @saved_cs_client     = @@character_set_client */;
/*!50503 SET character_set_client = utf8mb4 */;
CREATE TABLE `media_types` (
  `id` int unsigned NOT NULL AUTO_INCREMENT,
  `name` varchar(255) CHARACTER SET utf8 COLLATE utf8_unicode_ci NOT NULL,
  PRIMARY KEY (`id`),
  UNIQUE KEY `name` (`name`)
) ENGINE=InnoDB AUTO_INCREMENT=4 DEFAULT CHARSET=utf8 COLLATE=utf8_unicode_ci;
/*!40101 SET character_set_client = @saved_cs_client */;

--
-- Dumping data for table `media_types`
--

LOCK TABLES `media_types` WRITE;
/*!40000 ALTER TABLE `media_types` DISABLE KEYS */;
INSERT INTO `media_types` VALUES (2,'music'),(1,'photo'),(3,'video');
/*!40000 ALTER TABLE `media_types` ENABLE KEYS */;
UNLOCK TABLES;

--
-- Table structure for table `messages`
--

DROP TABLE IF EXISTS `messages`;
/*!40101 SET @saved_cs_client     = @@character_set_client */;
/*!50503 SET character_set_client = utf8mb4 */;
CREATE TABLE `messages` (
  `id` int unsigned NOT NULL AUTO_INCREMENT,
  `from_user_id` int unsigned NOT NULL,
  `to_user_id` int unsigned NOT NULL,
  `body` text CHARACTER SET utf8 COLLATE utf8_unicode_ci NOT NULL,
  `is_important` tinyint(1) DEFAULT NULL,
  `is_delivered` tinyint(1) DEFAULT NULL,
  `created_at` datetime DEFAULT CURRENT_TIMESTAMP,
  PRIMARY KEY (`id`),
  KEY `messages_from_user_id_fk` (`from_user_id`),
  KEY `messages_to_user_id_fk` (`to_user_id`),
  CONSTRAINT `messages_from_user_id_fk` FOREIGN KEY (`from_user_id`) REFERENCES `users` (`id`),
  CONSTRAINT `messages_to_user_id_fk` FOREIGN KEY (`to_user_id`) REFERENCES `users` (`id`)
) ENGINE=InnoDB AUTO_INCREMENT=301 DEFAULT CHARSET=utf8 COLLATE=utf8_unicode_ci;
/*!40101 SET character_set_client = @saved_cs_client */;

--
-- Dumping data for table `messages`
--

LOCK TABLES `messages` WRITE;
/*!40000 ALTER TABLE `messages` DISABLE KEYS */;
INSERT INTO `messages` VALUES (1,79,120,'Ut architecto impedit et rerum voluptatem repudiandae. Delectus exercitationem quam aut aut. Tenetur voluptatem ex dolorum saepe ratione ipsum. Ipsa iste laboriosam explicabo omnis illum provident consequatur.',0,0,'2019-07-26 18:39:37'),(2,58,121,'Quae ut ea error eveniet. Ut vel consectetur molestias voluptatibus libero ut ea. Consequuntur commodi hic facilis eos. Dignissimos atque voluptatem ea corporis.',1,1,'2019-11-04 17:41:26'),(3,52,136,'Possimus optio cupiditate eos et molestiae et ipsam. Est esse assumenda quidem. Iure esse quam veniam officia beatae dolorem autem. Exercitationem esse cumque numquam itaque sit.',1,1,'2019-05-30 15:16:31'),(4,87,108,'Est sunt officia iste unde tempora dolore. Enim voluptatem aut rerum ut aut qui ducimus. Odit velit et itaque fugiat quam. Qui enim cum error est ut autem.',1,0,'2020-02-24 09:09:40'),(5,129,59,'Occaecati quos sed dicta tenetur sunt laudantium facilis. Alias dolor sapiente ab est quia qui vitae. Distinctio voluptas molestias porro amet itaque. Quo culpa est minus maiores voluptates.',1,1,'2020-02-06 22:16:14'),(6,84,16,'In quibusdam sed rerum atque cumque. Voluptas quos perspiciatis maxime facere voluptas distinctio soluta. Non vel eos minus eos voluptates veniam.',1,1,'2019-05-09 00:56:03'),(7,32,79,'Atque repudiandae fugiat quaerat sit. Impedit nesciunt ea dolores eius. Non praesentium dolor voluptatem.',0,1,'2019-09-06 22:37:37'),(8,56,137,'Quidem quos ut deserunt ipsa. Consequatur recusandae itaque reiciendis ut asperiores nobis. Ut atque esse assumenda ullam dolores alias. Inventore exercitationem vel recusandae omnis earum.',1,0,'2019-07-19 02:44:37'),(9,35,114,'Ab dolores magnam magnam aliquam nisi et. Aut amet voluptas sed est sunt. Quae explicabo dolor asperiores recusandae. Non saepe fugit quasi.',0,1,'2019-08-11 23:15:43'),(10,7,57,'Et consequatur ad sit non ratione dolorem. Dolorem velit error est quasi praesentium nesciunt. Veniam perferendis sequi totam esse. Eum est sit recusandae quibusdam voluptatem ex.',0,0,'2020-02-23 00:46:26'),(11,80,81,'Vero quia architecto doloribus ad. Ipsum aut et ut quod porro nemo. Aut optio veniam eum temporibus provident facere minus.',1,1,'2020-03-14 02:46:28'),(12,80,26,'Quidem fugiat hic fugiat. Rerum rerum voluptatibus amet quibusdam fugit quis tempora qui.',1,0,'2020-02-15 21:11:14'),(13,9,53,'Minima voluptatum optio rerum repudiandae asperiores et consequatur. Sint sapiente mollitia ut repellat quis quam. Cumque tenetur debitis fuga est ut eveniet rerum.',1,0,'2020-01-13 03:31:10'),(14,104,95,'Dolorem et eveniet voluptatem dolorem deleniti quasi at. Rerum est aliquam architecto rerum. Voluptatem quia et assumenda aut veniam sit.',1,0,'2020-03-15 05:04:09'),(15,43,145,'Omnis aspernatur et vel tempora. Cum voluptatem laborum aperiam. Voluptatem non eum quidem cumque et minus. Facere totam aperiam vero molestiae est est eos voluptatem.',0,0,'2019-05-02 23:09:18'),(16,53,149,'Enim ea voluptates et ea mollitia unde repudiandae. Nulla id dolorem cumque magni id quia placeat. Est et nesciunt minima culpa tempore et quia. Nihil et omnis at error illum quo.',0,0,'2019-12-18 23:30:20'),(17,134,99,'Quaerat nemo ut deserunt quisquam vitae sed id. Quas fugit non ut qui. Eos voluptatem voluptas in tenetur. Dolores odio vero dicta sed consectetur.',1,1,'2019-10-06 08:10:42'),(18,66,110,'Ut ut minus autem harum rerum. Cupiditate perspiciatis ad omnis aspernatur eaque ut. Deserunt alias doloremque laboriosam placeat praesentium dolores reprehenderit sint. Dolores incidunt iusto et eos ea.',1,1,'2019-04-29 12:42:21'),(19,75,96,'Tempora aspernatur quia modi. Praesentium in optio explicabo.',1,1,'2020-03-05 13:39:25'),(20,28,68,'Sit ipsam sapiente ad saepe sed architecto ex. Quisquam et provident et quia voluptates eius. Consequatur occaecati odit ut eos. Asperiores iusto et est eum consequatur omnis.',0,0,'2019-12-02 13:48:19'),(21,62,149,'Voluptas earum asperiores facere temporibus dolores et itaque voluptate. Facilis modi eius iure et fugit dolor a quis. Officiis labore ipsam natus quo.',0,0,'2019-08-24 00:33:17'),(22,79,76,'Quas libero quis aut iste aut aspernatur dolorum laudantium. Modi delectus voluptate eius sapiente cupiditate velit odit. Dolores quaerat eveniet voluptas et architecto.',0,1,'2020-02-02 21:13:30'),(23,58,125,'Illum unde voluptas id natus exercitationem aut et. Eum voluptas quia ut non.',0,0,'2019-04-21 16:39:45'),(24,53,81,'Nisi inventore magni quibusdam quisquam molestiae. Saepe esse eos illo eveniet et voluptatem. Labore sit odio quia aut. Eligendi quaerat consequatur et sit minima ratione.',0,1,'2019-12-14 05:29:14'),(25,91,70,'Ipsa tempore tenetur dolore. Ut ut aut molestias autem doloribus qui est. Omnis rem nesciunt eveniet autem debitis. Et quidem laborum voluptatum voluptas.',0,1,'2019-11-07 15:30:06'),(26,146,80,'Nulla blanditiis velit alias. Eos qui omnis qui.',0,0,'2019-10-30 09:41:25'),(27,8,10,'Eligendi nobis sed molestiae omnis expedita et earum. Sed maxime quo id quo debitis cumque voluptates. Quis praesentium dolorum quia dolorem quaerat. Enim explicabo culpa maxime eos ipsum ab libero. Nesciunt nihil aut laudantium veritatis.',1,1,'2019-12-27 19:54:22'),(28,48,92,'Ea dignissimos alias qui omnis quo. Est deleniti at nisi aut. Perferendis porro et nisi amet esse porro. Optio perferendis autem labore non id aut accusamus.',0,0,'2020-03-19 22:18:52'),(29,70,48,'Nam enim aut beatae voluptatem optio et nisi. Et vero blanditiis delectus dolore sit. Eum repellendus rerum eligendi odit delectus. Asperiores dolorem neque esse dolores quibusdam blanditiis.',0,1,'2019-04-03 23:25:21'),(30,54,66,'Voluptatem sed minima est. Possimus omnis modi neque magnam. Et quod dolores reprehenderit hic qui voluptate. Velit quasi ad id vel aut nisi in et. Ea ea quisquam ut.',1,0,'2019-09-21 10:27:30'),(31,59,43,'Autem repellat nemo quia repellendus sit rerum ea. Dicta eos distinctio sint vel est eveniet at. Tempore enim quidem sint temporibus illo nihil assumenda.',0,1,'2019-12-07 02:24:43'),(32,133,74,'Distinctio veritatis et sit in occaecati necessitatibus incidunt sed. Itaque blanditiis id voluptas pariatur quis necessitatibus. Vero expedita quidem voluptatem quia.',1,0,'2020-03-09 12:47:05'),(33,39,35,'In est velit aut ut ut quae. Expedita aut voluptatem laborum velit cumque earum.',1,1,'2019-04-28 16:37:44'),(34,94,122,'Libero iste et ab a animi dolore. Quia velit quo quam autem non et voluptatem. Dignissimos voluptas laborum deserunt.',1,0,'2019-05-05 12:34:00'),(35,53,139,'Omnis ipsa sed consequatur non ipsa excepturi non. Neque officia reprehenderit quia voluptatibus quasi quibusdam voluptatum. Voluptas aut facilis sint aliquid itaque non voluptas et.',0,0,'2019-05-07 21:36:37'),(36,134,39,'Delectus qui cumque deserunt omnis dolorum nihil qui dolore. Exercitationem et velit minus consectetur voluptates fuga provident. Error ut beatae aspernatur.',0,0,'2020-01-14 10:12:55'),(37,65,57,'Minus aperiam excepturi velit temporibus et quisquam perferendis optio. Impedit impedit et est quasi facere modi et adipisci. Ullam illo sit cumque repellat aut. Nihil dolores sapiente autem voluptatem.',0,1,'2019-12-20 23:29:58'),(38,68,120,'Voluptates sunt assumenda sit reiciendis aut tempore. Quasi eveniet iusto occaecati repellat quia assumenda accusantium facilis. Dolor sint eos laboriosam sapiente. Eos sit quia deleniti aliquam corrupti.',0,0,'2019-06-15 18:19:14'),(39,147,88,'Eum repudiandae ratione quis vitae. Qui sit placeat quo accusantium alias. Ipsam eius qui quam aspernatur.',1,0,'2019-06-02 15:22:02'),(40,81,103,'Sed hic ut rem adipisci voluptas qui nam. Veniam beatae id error nemo autem aut. Autem deserunt quis sed.',0,1,'2019-12-05 02:35:58'),(41,114,87,'Necessitatibus non nisi voluptas rerum quasi. Aut et architecto optio pariatur sed. Qui repellat odit voluptatum animi ducimus. Numquam consequatur est eum perferendis.',0,0,'2019-12-10 01:42:04'),(42,30,94,'Dolore vero at culpa est cupiditate. Voluptas cupiditate beatae voluptatem dolorem at voluptates possimus. Accusamus soluta ducimus sint vitae fuga. Nostrum tenetur nostrum non voluptas eveniet exercitationem.',1,0,'2019-04-10 19:16:44'),(43,104,25,'Repellat similique aperiam quisquam voluptates non numquam velit. Numquam ratione rerum minus eum voluptatum a. Inventore in suscipit voluptatibus eos.',1,1,'2019-09-21 23:11:46'),(44,131,93,'Temporibus fugit debitis earum quis labore eligendi. Exercitationem minima quos atque et asperiores error. Quod expedita impedit dolore eum est. Molestias recusandae saepe exercitationem sed nam.',0,0,'2019-07-14 16:34:40'),(45,46,71,'Velit numquam non possimus officiis earum eius sed. Iure quas sequi excepturi porro quisquam. Consequatur vel excepturi omnis qui.',0,1,'2019-04-22 00:15:37'),(46,135,98,'Perspiciatis voluptatem qui dolorum ea similique suscipit. Debitis non maiores recusandae est non. Id repellendus aut laboriosam vitae laudantium.',0,0,'2019-07-25 00:38:29'),(47,90,95,'Perferendis iusto assumenda at ullam itaque optio placeat. Voluptatem enim vel nobis assumenda a.',0,0,'2019-05-14 23:23:18'),(48,43,139,'A sit ipsa ipsa magni explicabo. Et expedita quae et in sit. Aliquam dolores autem vero aliquam. Aut ducimus id porro tempora odit quod.',0,1,'2019-10-30 20:05:10'),(49,94,35,'Dolorem neque quia ex sint. Quia esse delectus cumque voluptatum. Debitis exercitationem accusantium dolor in sapiente ipsa eos.',1,1,'2019-11-18 19:19:58'),(50,43,42,'Tenetur maiores laboriosam sed harum quas. Qui non eos sapiente rerum nesciunt laudantium quisquam. Praesentium magni libero quod rerum.',1,1,'2020-03-12 17:03:50'),(51,80,3,'Sunt dicta deleniti asperiores rerum et. Eius itaque voluptatum maxime et inventore delectus officia. Incidunt et voluptatibus ipsam ipsa consequatur et.',1,1,'2019-10-13 13:37:25'),(52,122,38,'Deleniti dolor autem et a sunt quis ea. Repudiandae facere magni est.',0,0,'2019-05-15 08:05:59'),(53,70,116,'Voluptate non vero id et itaque. Et aspernatur nihil non ad. Accusantium fugit consectetur aut omnis in.',0,0,'2019-09-18 11:33:45'),(54,135,16,'Autem nulla voluptates quis aperiam nobis. Vero sint qui omnis corporis debitis omnis.',1,1,'2019-06-27 09:59:30'),(55,16,142,'Numquam qui ducimus quos blanditiis nisi voluptatem. Veritatis nihil quos qui quisquam natus sed quae. Molestiae facere eum ea quia ratione. Excepturi incidunt esse exercitationem.',1,1,'2020-03-07 07:33:22'),(56,122,107,'Molestiae optio explicabo tempore et earum quibusdam harum illum. Cum aut cumque et nulla facilis sed. Omnis incidunt et doloremque ut sunt.',0,0,'2019-12-22 12:38:43'),(57,115,13,'Ipsam quam qui est. Id cupiditate nostrum repellendus consequatur. Voluptatem non optio architecto qui soluta perferendis illo.',0,0,'2019-04-29 06:17:26'),(58,60,118,'Minus molestiae maiores officiis officia. Ut cumque minima eligendi.',0,1,'2020-03-25 02:26:04'),(59,102,144,'Quasi alias laborum sed voluptates rerum. Enim ea ad dolor in quae. Harum quaerat rerum vel.',1,1,'2019-11-30 15:07:04'),(60,32,84,'Consequatur alias aspernatur quod autem et. Iste quas illum aut at est. Sit eligendi reprehenderit architecto soluta. Voluptas vel odit omnis velit amet inventore nobis minima.',1,0,'2019-12-09 14:58:38'),(61,1,10,'Consequatur perspiciatis et repellendus vitae. In pariatur natus velit qui doloribus expedita laudantium. Atque ut exercitationem ea doloribus qui ipsa.',1,0,'2020-03-11 18:48:34'),(62,60,110,'Earum unde corrupti corrupti sit similique adipisci. Laudantium eum incidunt impedit laborum. Accusantium temporibus facere repellendus eum. Sint est pariatur praesentium aliquam necessitatibus.',1,1,'2020-01-23 18:38:49'),(63,147,122,'Eligendi voluptatem omnis quas vel quam saepe sit. Praesentium officia deserunt totam omnis voluptatem ducimus suscipit. Quia hic voluptatem quo nisi magnam est itaque. Sunt sunt sint aspernatur.',0,1,'2019-06-22 19:40:49'),(64,105,117,'Recusandae corporis doloremque consequuntur maxime quia vitae delectus voluptate. Aut vero recusandae quidem. Quo et saepe doloribus quis est ex eos.',1,1,'2019-05-21 18:21:57'),(65,85,68,'Sunt cum eum non repellendus. Dicta maiores nobis minima. Ducimus et autem sed corporis optio. Veritatis ipsum veniam quo suscipit quo quia qui.',1,1,'2019-04-11 08:14:04'),(66,110,59,'Illum ab unde et. Qui et sed placeat quas deserunt occaecati est. Rerum ipsam perferendis voluptatem itaque. Sequi animi et eveniet est explicabo.',0,1,'2019-08-12 15:36:01'),(67,146,56,'Aut illo labore at. Quisquam est quia est illum ut occaecati delectus deserunt. Corporis corrupti molestiae nemo error. Nobis inventore earum aspernatur.',0,0,'2019-10-23 13:03:17'),(68,99,31,'Fugit nihil sit ut veniam mollitia rem corrupti. Vel odit rerum et corporis tempore nihil eligendi. Veniam alias aut rerum dolorem necessitatibus. Consectetur accusamus illum nihil ullam magni id.',1,1,'2020-02-10 09:31:09'),(69,59,21,'Officia qui autem accusamus et dolore voluptas. Voluptas tempora corrupti consequuntur ab et illo.',0,0,'2019-05-17 08:31:10'),(70,146,39,'Non laborum eos ut officia perferendis perspiciatis. Aspernatur laborum dolorum accusantium vel temporibus omnis suscipit. Ut assumenda facilis quae sit doloribus pariatur repellat. Voluptas qui minus natus quia ipsa explicabo.',1,1,'2020-03-22 12:48:32'),(71,106,133,'Dolor est sapiente similique perferendis eum voluptatem. Tempora et doloremque delectus et numquam officia quasi perferendis.',0,1,'2019-08-15 11:18:34'),(72,91,110,'Vero consequatur voluptatem qui est. Atque optio dolorem error ea consequatur officiis et. Ut voluptas quasi voluptatum voluptatem aspernatur eius ad.',1,0,'2020-01-05 20:00:07'),(73,137,94,'Enim provident tempora perferendis laboriosam delectus illum ea deleniti. Et quaerat placeat magni beatae. Dolorem rerum officia dicta consectetur debitis officia reprehenderit voluptatem.',1,1,'2020-02-26 14:49:35'),(74,114,30,'Magnam et et sed laborum. Est laboriosam sit adipisci placeat tempore. Est saepe laborum quo iure voluptatem illum. Quam sequi enim consequuntur dignissimos ut eaque in.',0,1,'2019-05-16 09:57:42'),(75,11,132,'Est sed repellat et placeat sunt in doloribus qui. Earum sunt nam perspiciatis quia. Aliquam sint accusantium iste qui aut.',0,1,'2019-05-05 21:52:29'),(76,8,150,'Et fugit temporibus est et quod quas. Voluptas nisi aut ad vero. Qui facere velit dolor qui odio. Sint non omnis facilis tempore eos architecto adipisci qui.',1,1,'2019-09-03 11:49:15'),(77,5,80,'Ipsum eius explicabo corporis voluptatem. Sunt libero error enim consectetur dolorem. Ducimus qui non dolore dolorem dolores doloribus.',1,0,'2019-12-05 17:43:18'),(78,4,115,'Corporis enim dicta quia labore quia sit veniam. Id vitae optio magni autem temporibus dolorem. Dolores sunt consectetur a non in dolorum. Cum possimus sit eos voluptatem sint adipisci dignissimos ut. Omnis minus ab quasi et occaecati hic.',1,1,'2019-06-06 19:45:46'),(79,2,87,'Voluptatum tempora exercitationem aperiam adipisci temporibus. Veniam dolores repellat nisi voluptas a. Sed quod ullam eum exercitationem. Autem voluptatum possimus nihil eaque dicta culpa.',1,1,'2020-02-24 14:19:50'),(80,146,81,'Hic laborum aut aut itaque culpa. Provident recusandae id voluptatem. Odio asperiores totam quas quia voluptatem vel dolores.',0,1,'2019-07-26 14:57:04'),(81,130,148,'Expedita minus odit deserunt ut sed est qui. Consequuntur aut vero recusandae et rerum in. Temporibus est in rem sunt.',0,0,'2019-11-30 04:01:30'),(82,61,29,'Voluptatem doloribus inventore omnis beatae quia enim debitis sunt. Doloremque dolorem iusto recusandae impedit repudiandae. Odit quasi nihil dolorem et adipisci non unde modi.',1,1,'2019-06-10 08:25:06'),(83,62,7,'Doloremque deleniti non quidem aut aut tempora nihil. Maxime quia cupiditate illo cumque eos nesciunt. Possimus ex veniam minus dolores dolores et. Ipsa mollitia omnis autem optio aliquam et.',1,0,'2019-12-09 03:01:20'),(84,130,83,'Laboriosam ut ut expedita itaque rerum. Quis omnis omnis id ut numquam dolorem ut.',1,0,'2020-01-01 07:07:48'),(85,13,12,'Unde ratione eaque sapiente quos delectus voluptatum. Voluptas excepturi atque accusantium. Et non dolor sed enim soluta.',0,0,'2019-08-22 04:03:21'),(86,125,1,'Ut nam iusto soluta facere iste officiis consectetur nemo. Debitis quaerat impedit suscipit magnam voluptate. Omnis quia laborum magnam nihil doloremque et.',0,0,'2019-06-24 11:09:24'),(87,137,91,'Nobis quisquam deleniti aliquam iure debitis dolor et itaque. Molestiae expedita repudiandae quasi quasi rem eum animi. Veritatis non porro modi nisi ut.',1,1,'2019-12-04 18:36:58'),(88,10,147,'Minus maiores quis eveniet ipsum. Et et perspiciatis atque quam accusamus iste placeat eaque. Aut facere delectus eius aspernatur iure et repellendus.',1,0,'2019-08-09 11:19:52'),(89,88,104,'Itaque ut provident et. Hic ut officiis qui quia ipsam eligendi temporibus suscipit. Pariatur omnis qui necessitatibus repudiandae et.',1,0,'2019-08-02 12:21:36'),(90,110,53,'Quis corporis accusamus soluta officia. Tempora ipsam dignissimos rerum nobis ut voluptatem. Voluptas quidem voluptatum quae qui. Autem quaerat dolore tempora fugiat repellendus dolore ut.',0,0,'2019-05-05 12:07:50'),(91,135,133,'Voluptatem possimus non architecto fugit voluptas suscipit laboriosam explicabo. Fugiat mollitia tenetur molestiae cum aut earum. Et rem neque sint quia debitis. Architecto quis mollitia ducimus qui nesciunt libero quia.',1,0,'2019-07-19 07:13:20'),(92,47,64,'Ut consequatur nostrum quis velit modi maiores et. Quia assumenda est quia repudiandae aspernatur eligendi harum. Enim aut quas consequatur. Consectetur laborum expedita iure sit.',0,1,'2019-08-09 02:23:21'),(93,130,52,'Est ea delectus voluptates nostrum recusandae. Qui alias in expedita sequi quas consequatur quasi sunt. Aliquid magnam ducimus aut praesentium. Quas quae magnam animi.',0,0,'2019-07-25 02:12:11'),(94,59,8,'Cumque molestias voluptas distinctio voluptatibus debitis dignissimos rerum. Accusantium pariatur alias repellendus aut qui voluptates vero. Voluptas sint ducimus vel impedit amet esse sit. Tempora magni voluptatem ducimus non et et.',1,1,'2019-04-01 19:24:55'),(95,54,79,'Libero expedita id quia. Voluptas vel laboriosam iure esse nihil. Earum blanditiis repellat quia voluptas porro et. Quisquam provident cupiditate deserunt sed totam placeat est. Autem alias libero et consequatur sed.',1,0,'2019-08-02 07:59:53'),(96,92,61,'Cupiditate omnis voluptate placeat repellendus. Accusamus fugit cumque beatae itaque tempora. Inventore omnis vel facilis est eius.',1,1,'2020-03-23 18:47:52'),(97,148,88,'Perferendis eligendi sit minus est doloribus. Saepe quo eius nisi nobis dignissimos veniam in aut. Distinctio voluptatem error quidem molestiae maiores vel eos. Voluptatem vitae aperiam dolore ducimus quaerat praesentium adipisci.',0,1,'2019-11-10 04:19:44'),(98,19,104,'Velit officiis tempora autem praesentium. Laudantium enim rem est aspernatur ut dolor. Cumque natus sint quos.',1,0,'2019-06-14 11:53:10'),(99,96,95,'Voluptate officiis vel qui eos. Ab minus aspernatur molestiae non voluptatem. Qui porro repellat magni distinctio. Consequuntur eos molestiae totam qui debitis dignissimos eos.',0,1,'2019-10-15 07:22:52'),(100,123,145,'Quas tenetur dolores deserunt exercitationem. Est omnis dolorem ex accusamus qui iure. Aspernatur asperiores quisquam nostrum et autem facere.',1,1,'2019-07-23 23:38:22'),(101,29,97,'Natus fuga voluptatum voluptatum reiciendis. Qui voluptatem qui soluta est aut voluptatem. Sint ut omnis fugiat nemo sed repellat labore. Sint alias voluptas molestiae saepe est.',0,0,'2019-04-13 07:39:05'),(102,74,69,'Omnis quo pariatur occaecati sed. Perspiciatis est consequatur ad sapiente blanditiis fugit est. Quod aut illo sed tenetur delectus.',0,1,'2019-07-15 14:47:42'),(103,132,111,'Consequatur rerum dolor commodi molestiae consectetur. Adipisci ad velit ea dolores dignissimos facere. Qui voluptatum et sapiente iusto. Quasi occaecati odio dolor voluptatem quo. Qui voluptas hic voluptatem quo at sint aut.',0,0,'2019-07-18 04:30:47'),(104,142,26,'Magnam vel ipsam iure saepe nihil. Eius sequi qui nulla incidunt earum et. Autem ut tempore eaque vitae beatae nulla.',0,1,'2020-02-08 19:41:13'),(105,14,150,'Molestiae enim voluptatem perspiciatis nam voluptatem. Autem iure et error qui omnis. Quo ut impedit dolores praesentium. Et consequuntur enim est rerum eaque et laboriosam. Consequatur saepe et harum eum consequuntur adipisci.',0,0,'2019-10-14 08:57:37'),(106,93,73,'Sed ducimus eos tenetur labore et. Et eius officiis rerum omnis ipsum suscipit cumque. Totam reprehenderit ipsa eaque sapiente est.',0,1,'2019-06-21 18:48:06'),(107,122,112,'Quibusdam ad id quo aut rerum. Et et non id numquam maiores accusantium. Sint consequatur et consectetur. Voluptas sed quia facilis eligendi ut dolore.',0,0,'2019-11-18 02:13:40'),(108,32,143,'Possimus culpa et velit quia aut ea. Qui a pariatur dolorum omnis. Officia aut in dolor et. Expedita dolore mollitia dolorem.',1,1,'2019-07-10 02:24:06'),(109,92,3,'Sed rerum quis qui nulla et commodi. Nemo fugit aut est et dolor. Et molestiae et quidem similique explicabo ipsa consequuntur.',1,0,'2019-10-19 05:40:49'),(110,67,56,'Necessitatibus quaerat quos dicta sint. Architecto occaecati incidunt impedit libero. Ullam harum nisi ipsa fugit optio. Repudiandae adipisci voluptatem ipsa tenetur.',0,0,'2019-10-11 20:36:57'),(111,58,89,'Eaque et enim enim ad perspiciatis ex quia. Dolore hic asperiores quos. Et maiores et ipsam necessitatibus. Nostrum odit omnis libero repellat sequi.',0,1,'2019-09-28 01:20:43'),(112,89,65,'Consequatur deserunt nisi sed vitae consequatur. Et et impedit autem et et ipsa sed.',1,0,'2019-06-14 17:01:02'),(113,120,114,'Quam ipsa ex quasi eaque. Aut vel enim natus nostrum mollitia. A accusamus laborum repudiandae et animi autem sit.',0,0,'2019-12-05 03:47:51'),(114,37,62,'Excepturi sed modi laboriosam labore. Assumenda eligendi nihil asperiores nisi quia quia. In possimus quaerat quo nam omnis repellendus. Et maiores qui dicta voluptate quibusdam est.',1,1,'2020-01-10 16:58:58'),(115,120,31,'Omnis et quisquam deleniti cupiditate aut. Quia aut similique voluptas labore. Error asperiores a itaque eum.',1,1,'2020-01-22 21:57:46'),(116,42,87,'Facilis totam et eos nisi enim earum. Accusamus voluptatem aspernatur non voluptas officia sit animi. Distinctio veniam iste facere et. Quam neque soluta voluptates natus libero.',0,1,'2020-03-16 04:50:50'),(117,148,87,'Vitae aliquam cumque eligendi nihil architecto. Nihil amet totam fuga quasi. Libero nulla deleniti qui asperiores ipsam.',0,0,'2020-01-21 09:27:27'),(118,19,106,'Est vero molestiae velit omnis. Est soluta eligendi vitae sed delectus. Maxime et quo enim at. Velit quibusdam quia quaerat qui vero provident.',0,0,'2019-06-27 11:20:17'),(119,98,80,'Omnis consequuntur eaque illo omnis itaque. Quo aut mollitia dolorem impedit. In fugit voluptates occaecati. Sint consequatur illum aut quia voluptatem tempora et impedit.',1,0,'2019-12-09 13:39:14'),(120,132,8,'Vitae dolor dignissimos soluta recusandae et quasi. Laboriosam dolore repudiandae perspiciatis dolorum quia fugit eius. Voluptas fugit aliquam pariatur repudiandae harum dolorem et ut. Dolor exercitationem itaque voluptas itaque illo totam.',1,1,'2019-09-26 17:31:31'),(121,71,43,'Et repudiandae soluta temporibus autem aut. Tempore quis nostrum consectetur quas. Molestiae quia quo quo quis quae velit. Quas deserunt autem quasi laboriosam nihil.',0,0,'2019-09-11 05:40:17'),(122,104,7,'Quae tempore dolores molestias inventore enim placeat tempora labore. Perspiciatis quia sapiente consequatur veniam et cum. Eos ipsam dolorum quia sapiente quos tempora excepturi. Perferendis autem molestiae animi blanditiis necessitatibus adipisci vero qui. Pariatur voluptas alias accusamus ducimus nulla temporibus.',1,0,'2019-12-25 08:22:42'),(123,9,136,'Nostrum qui commodi molestias magni excepturi quaerat. Esse aut architecto velit sed hic alias autem. Animi voluptas eaque et incidunt beatae.',0,1,'2019-09-02 20:07:07'),(124,32,12,'Quae est dolor est culpa aliquam eos officia. Nihil tenetur deserunt qui culpa pariatur. Ex quia et voluptatem a quis placeat.',1,0,'2019-07-27 00:30:10'),(125,133,50,'Totam id tenetur eos et. Sit aut sunt et. Nesciunt ut dignissimos odio. Nihil quia accusantium illum totam illum porro. Et temporibus sequi culpa tenetur temporibus.',0,1,'2019-10-30 05:19:59'),(126,123,47,'Aperiam unde ad praesentium sed consectetur quo. Voluptatem corporis rerum mollitia repudiandae. Quia esse nam laborum. Magni sed maxime saepe quaerat in.',1,1,'2020-03-31 07:13:31'),(127,64,35,'Consequatur iste et quibusdam a et vitae voluptatem. Id et architecto eveniet ut distinctio ut sit. Molestiae autem autem voluptatem qui natus. Ad soluta libero laboriosam quisquam earum dolorem.',0,0,'2019-12-10 06:50:12'),(128,100,119,'Et est et fugit aut sit. Nemo sapiente id aliquam eligendi. Sit ut et vel qui voluptatem. Illum neque fugit nihil voluptatem fugit autem quia. Id ad possimus ullam.',0,1,'2019-11-30 06:08:19'),(129,10,146,'Ut dolorum qui amet. Quo minus exercitationem ex excepturi. Eaque quaerat enim odio.',0,0,'2019-05-13 06:24:44'),(130,48,64,'Consectetur sed earum itaque. Quos modi ut enim maxime reprehenderit nesciunt quasi in. Unde omnis esse aliquid eius voluptas.',1,0,'2019-12-26 19:05:28'),(131,60,48,'Qui consequuntur voluptates quia accusamus totam voluptatibus magnam et. Consequatur molestiae qui et asperiores enim qui libero quidem. Eum nobis laudantium mollitia sit. Et omnis repellendus ea.',1,0,'2019-12-25 12:24:52'),(132,8,116,'Magni officia corrupti ut. Saepe facere maxime consequatur sapiente atque architecto. Ut non minima libero distinctio dolorem blanditiis. Omnis quo minima iste expedita sit aliquam error.',0,0,'2019-07-25 20:25:12'),(133,9,86,'Est sapiente ipsam laboriosam ex repellat. Nam quo illo qui animi cum incidunt. Officia perferendis omnis eos quas ratione ut. Est dolorum aut explicabo quo sed maxime.',1,0,'2020-01-01 16:27:16'),(134,20,103,'Ea recusandae eos qui ut optio. Consequatur molestias quia voluptatem aut. Est eos voluptatibus rem sapiente. Nam est repellat possimus qui porro adipisci dolores.',0,0,'2019-07-29 22:38:21'),(135,72,130,'Veniam sed eum numquam nihil. Qui corrupti dolor eligendi vel quibusdam rerum nobis. Ea perspiciatis vel aliquam voluptates. Beatae laboriosam qui ipsum quo error.',0,1,'2019-06-26 08:45:15'),(136,1,113,'Ea accusamus veritatis officiis iste unde. Totam quis atque eius est. Voluptatibus ab voluptatem deleniti unde. Ut quas ut beatae sed odio explicabo aspernatur.',1,0,'2019-09-06 18:05:26'),(137,87,49,'Expedita expedita consequatur enim consequatur dolores porro ut. Omnis cupiditate eius officia et quisquam illum. Deserunt magnam molestiae et sed. Vitae et labore et assumenda impedit voluptatem quae.',1,0,'2019-05-04 01:13:06'),(138,132,83,'Similique aut et aut asperiores cupiditate. Et sunt fuga ad voluptatem laboriosam sunt molestias. Repellendus et earum odit dolore molestiae eos.',1,0,'2019-10-11 15:59:19'),(139,101,148,'Qui sint consequatur vel voluptas maxime quia nemo. Eius non qui dolore ut temporibus id. Magni est aliquid ullam optio nihil. Incidunt quasi omnis blanditiis ex autem totam.',0,1,'2019-07-12 19:43:48'),(140,111,26,'Repudiandae distinctio dolorem qui est debitis quia. Et deleniti eos laborum aut quis excepturi.',0,1,'2019-04-24 16:00:26'),(141,100,9,'Adipisci laudantium quasi omnis nemo. Sed sed ut ab non consequatur blanditiis voluptates. Iste impedit voluptates id.',1,0,'2019-08-31 15:43:10'),(142,18,9,'Quaerat soluta voluptas tempore eligendi sunt neque. Magni qui ad in sapiente officiis ab sint. Harum nihil laboriosam quia repellendus eos tempora amet.',0,1,'2019-04-25 16:15:27'),(143,88,99,'Aliquid saepe optio quos. Et autem necessitatibus ducimus quidem corporis alias animi. Et vero sint nesciunt veniam libero neque quia neque. Quo quos iste nihil. Consectetur omnis aut voluptas atque in excepturi nobis.',0,0,'2019-11-24 11:35:48'),(144,85,123,'Sequi cum eum suscipit hic tempora nihil eum. Nobis sunt accusantium ut provident. Deserunt ducimus sint ratione cum.',1,1,'2019-05-03 18:47:37'),(145,14,90,'Vitae nemo ipsum quia expedita. Dolores et est enim soluta adipisci sint. Et quia quia qui vero sunt aut debitis.',1,1,'2019-09-11 09:02:32'),(146,114,85,'Quam omnis minima ea quibusdam dicta debitis aperiam. Non libero qui ut commodi est. Dicta rerum ut ratione rerum. Exercitationem porro adipisci et ut. Ut quae repellendus ut nihil.',0,0,'2019-12-22 17:43:45'),(147,77,116,'Velit voluptates nisi praesentium libero non quod. In error soluta ab sit voluptas. Placeat voluptas tempore perferendis consequuntur.',0,0,'2019-09-19 04:08:06'),(148,46,131,'Et ab iure suscipit ullam officia nostrum. Dolores perferendis minima qui sapiente vel molestiae. Reiciendis ut placeat illum.',0,0,'2019-07-12 17:56:22'),(149,145,7,'Sit deserunt soluta asperiores nostrum sit. Vel omnis nisi corrupti aut. Distinctio et voluptates voluptate enim enim.',1,0,'2019-10-22 10:50:08'),(150,142,121,'Deleniti laudantium facilis impedit reprehenderit iusto et enim quis. Aliquid dolorem assumenda animi tempore perferendis a. Delectus reprehenderit voluptates neque voluptatum eligendi quos consequuntur. Quos dolorum suscipit rerum itaque temporibus nihil illo ipsam.',0,0,'2019-06-02 03:30:46'),(151,123,118,'Non quia ut incidunt accusantium. Minima facere qui iusto totam doloribus dolorem. Cum distinctio tempora sed sapiente id nulla laudantium. Magnam possimus accusamus vitae mollitia adipisci hic sunt.',0,0,'2020-02-14 14:39:39'),(152,42,56,'Iure atque quas voluptatem quibusdam quia nemo omnis. Qui officiis ut consequuntur eaque consequatur ut doloremque. Quis et debitis tempore et ea eligendi laudantium. Voluptas illum tenetur nobis.',0,0,'2019-11-02 20:50:22'),(153,138,46,'Cumque est tenetur voluptatem harum inventore et. Voluptas sit et veritatis aut libero pariatur quae amet.',0,0,'2019-05-13 06:19:07'),(154,114,123,'Sed sunt occaecati harum recusandae ut. Ad laboriosam et natus corrupti assumenda explicabo. Est necessitatibus minus velit. Reprehenderit eos est labore nesciunt.',1,1,'2019-05-17 16:53:32'),(155,9,94,'Velit eius rerum tenetur quo officia harum consectetur. Consequatur culpa et dignissimos sunt. Perspiciatis corporis sapiente neque qui officiis sunt et fugit. Ut saepe aut at tenetur aut harum.',1,0,'2019-10-19 06:36:52'),(156,148,100,'Molestiae quibusdam distinctio quidem magni. A amet reiciendis illum molestias aliquam aut dolorem.',1,1,'2019-07-07 09:12:35'),(157,118,111,'Omnis quia aut libero dolores. Quis perspiciatis atque ea voluptates quis non. Recusandae provident impedit et ab est iste.',0,0,'2019-08-02 19:02:19'),(158,147,67,'A corporis et dignissimos. Quo dicta et ex. Dolorem ratione consequatur iusto. Quibusdam illum debitis neque eum.',1,1,'2019-06-15 01:05:47'),(159,80,32,'In molestias cum animi. Ea sit explicabo veniam est beatae nobis. Quas aut in cum totam aut repudiandae. Temporibus saepe nihil aliquid atque qui repudiandae.',0,1,'2020-03-06 08:09:02'),(160,107,108,'Atque praesentium cumque quae impedit et qui et. Tempora quo neque sunt laborum qui similique fugit. Et dolores explicabo reiciendis corporis ipsum adipisci. Quidem omnis totam eos.',1,0,'2019-04-12 17:45:00'),(161,146,60,'Dicta maxime aliquam blanditiis voluptatem. Nemo commodi officiis molestiae dicta molestiae earum pariatur. Eum ut qui aut error aut in magnam. Quidem ut aut tempora eum.',1,1,'2019-05-23 23:58:51'),(162,111,134,'Vel id in dolorem adipisci dolorem earum a. Nemo omnis iste non sunt architecto. Dolorem non ipsum non.',0,0,'2020-01-01 00:00:03'),(163,116,102,'Dicta omnis quia libero laboriosam molestiae. Repudiandae consequatur fugit nesciunt praesentium ab facere. Placeat sunt assumenda ut nisi.',1,0,'2020-03-10 16:23:08'),(164,97,69,'Quam autem esse tempore dolores odio ut. Assumenda quisquam ut sed alias. Nobis recusandae amet ducimus ipsum eos cupiditate.',0,0,'2020-01-09 13:27:21'),(165,139,80,'Quia non recusandae voluptate non ut. Vitae quos eum dolore sint omnis ex. Incidunt non saepe nihil. Vel facilis repellendus quis.',0,0,'2020-01-28 22:28:49'),(166,104,24,'Delectus a in ratione labore. Officiis maiores tempore dicta illum dolore quia molestias. Aut eligendi beatae sequi et saepe facilis ut mollitia.',1,0,'2019-07-09 23:43:48'),(167,102,24,'Illo nulla qui maxime quisquam rerum minus non occaecati. Nostrum temporibus voluptates quia nobis eos. Reprehenderit veniam aut provident. Esse earum omnis in molestias consectetur est saepe.',1,0,'2019-11-29 18:24:22'),(168,51,112,'Non quaerat perspiciatis quo non dolor est eos quia. Dolore soluta omnis sed temporibus consequatur consequatur. Repudiandae totam vel quis et est beatae.',1,1,'2019-08-13 10:42:40'),(169,94,33,'Provident nam eos perspiciatis asperiores. Rerum aut esse dolor aut necessitatibus aut rerum. Eos et veniam et consequatur adipisci.',1,1,'2019-11-18 06:31:52'),(170,19,122,'Qui qui quidem consequatur quo necessitatibus ab. Velit velit consectetur quas voluptatum quia aut et. Aut distinctio repellat et mollitia voluptatem. Atque maiores voluptatem illum cum ipsum.',0,1,'2020-01-22 00:53:32'),(171,113,65,'Corporis pariatur aut voluptatibus molestiae deleniti expedita. Nobis omnis neque sunt iusto. Aut eveniet voluptatem blanditiis dicta dicta aliquam rerum ut.',1,1,'2020-03-19 07:02:05'),(172,60,96,'Necessitatibus laudantium at ut aperiam. Ratione perspiciatis voluptas iste tenetur. Laboriosam dolorum consequatur expedita voluptatem officiis.',0,1,'2019-05-13 09:28:47'),(173,107,32,'Quos iusto veniam tempore ut tempora harum enim. Et illo velit repudiandae molestiae et et est. Esse eveniet perspiciatis distinctio architecto aut.',0,1,'2019-07-01 07:04:19'),(174,59,101,'Sed quo eaque ullam dolore ut qui dolorem voluptatem. Maxime ullam consectetur quasi voluptatem. Voluptas cupiditate modi quam corporis. Aliquam modi sed omnis.',0,0,'2019-11-03 05:08:04'),(175,124,107,'Eos eius deleniti magnam occaecati aliquid nam aut. Sint sunt consequatur asperiores minus id aspernatur. Ex qui saepe accusamus quod laborum sit laborum.',0,0,'2019-09-27 18:30:34'),(176,142,55,'Dolorum maiores inventore itaque rerum quis voluptas. Voluptatem quibusdam ut enim voluptatibus odio nemo non. Harum eligendi sequi et inventore ut. Optio qui similique magni omnis blanditiis molestias facilis deleniti.',0,1,'2020-01-12 00:00:45'),(177,39,101,'Blanditiis quis soluta impedit qui aut sapiente. Ut laborum soluta error unde. Cupiditate suscipit quaerat voluptas ut quo. Nihil in omnis consequatur molestiae.',1,0,'2019-05-23 01:48:12'),(178,67,12,'Aliquam eum et amet. Quia numquam veniam voluptas deserunt. Occaecati error iusto est. Aspernatur eaque quod ut voluptas. Quia recusandae a accusamus sit et.',1,1,'2019-12-20 15:11:02'),(179,67,95,'Voluptatem vel pariatur facere tempora atque rerum aut. Dicta nostrum dicta eos suscipit aut odit nisi voluptas. Distinctio eum iste aut mollitia quaerat.',0,1,'2019-04-02 15:08:19'),(180,134,7,'Magni dolorem soluta quia nemo et. Deserunt libero voluptates earum voluptatem dolores. Voluptates consectetur ex ea et sit sed quam.',1,0,'2019-09-13 22:16:14'),(181,21,32,'Doloremque quidem cumque ea sint similique nemo. Dolore fugit sapiente qui architecto est neque. Voluptate reprehenderit quasi ea sint ullam ex.',1,0,'2019-09-14 08:20:05'),(182,3,72,'Quae laboriosam dolorem ab dicta culpa itaque. Rerum et non impedit est ratione totam. Quasi velit fugiat alias consequatur sapiente ea. Deserunt at delectus officiis aliquam.',1,1,'2019-04-16 05:41:36'),(183,100,119,'Consequuntur ea molestiae iste debitis magni. Reiciendis omnis sit cum omnis quia. Modi vel fuga dolorem in. Expedita nulla in numquam. Qui expedita quibusdam et aliquid numquam commodi ab.',1,1,'2019-08-02 06:14:00'),(184,43,84,'Rerum sint enim et consequatur. Minus eligendi aut fuga libero reprehenderit quae. Qui ipsam optio non omnis officiis aperiam in. Officia blanditiis illum dolor iure fugiat.',0,1,'2019-06-19 00:32:03'),(185,65,104,'Odit voluptatem impedit tempora cum non ipsam consequuntur. Numquam et et autem voluptas ea quibusdam ipsa. Laboriosam occaecati inventore qui natus sequi quis aut.',0,1,'2019-08-10 13:19:15'),(186,46,145,'In eos optio ut vel. Deserunt aliquam libero temporibus sed sint omnis. Fugiat autem sint ut fugit quas. Voluptates excepturi eos corrupti omnis.',0,0,'2019-11-25 03:36:32'),(187,36,29,'Quidem aliquam eos iure voluptatem quod laudantium voluptate. Et sed distinctio natus voluptatem accusantium. Dolores in reprehenderit asperiores quod.',0,0,'2019-12-11 08:05:13'),(188,40,145,'Repellendus asperiores cupiditate aut aut laudantium. Ullam earum voluptatibus doloribus saepe consequuntur ipsum. Dicta nihil magni dolor quisquam iure quis.',1,0,'2020-03-23 06:11:05'),(189,93,30,'Rem a rem expedita. Provident facilis aspernatur corrupti omnis sit est explicabo harum. Corrupti animi amet sit. Ratione dicta similique eum ut repudiandae est ea qui.',0,0,'2019-09-03 14:48:16'),(190,44,110,'Ipsum consequatur sunt aut suscipit mollitia. Temporibus numquam est voluptatem voluptatem. Cupiditate dolorum facilis nulla excepturi odio. Voluptas reprehenderit cum rerum corporis repudiandae voluptates animi.',1,0,'2019-09-02 03:29:02'),(191,90,30,'Et dicta dicta est sunt assumenda dolores saepe. Enim ut aut id minus sunt impedit. Eos aliquid numquam repudiandae perspiciatis. Non exercitationem debitis voluptates distinctio est hic.',1,1,'2020-02-08 20:37:33'),(192,18,144,'Ut consequuntur dolore nihil ullam occaecati autem. Voluptas ea quod velit quisquam perspiciatis. Suscipit doloribus aut ut molestias. Est illum consequatur eaque amet eos sint illo.',1,0,'2019-12-07 23:03:45'),(193,119,121,'Officia eum eos debitis vero. Magni expedita repellendus non ut ipsa. Culpa veniam est quasi aut voluptas et.',0,1,'2019-11-09 04:31:14'),(194,91,46,'Repudiandae veniam quis architecto voluptate dolorum voluptatem dolores. Et amet et ut aut. Ea libero totam sint nihil recusandae error. Aspernatur nostrum reprehenderit tenetur assumenda ratione nihil nostrum qui.',1,1,'2019-11-02 10:59:29'),(195,100,86,'Voluptatem velit quae ut. Natus molestiae magnam quae recusandae. Enim sunt libero dolor voluptatibus quis voluptatem. Reprehenderit quis itaque voluptatem doloremque vitae dolorem.',1,0,'2019-07-03 06:34:12'),(196,78,27,'Vel voluptatem ut ducimus. Nemo laborum commodi debitis modi excepturi.',1,1,'2019-11-12 10:17:48'),(197,87,38,'Molestiae iste nihil sit odit. Inventore itaque voluptatibus natus. Molestiae consequatur velit iste nostrum iusto. Voluptatibus labore quia animi et cupiditate corrupti ducimus. Veniam similique sint veniam sint.',0,1,'2019-09-27 10:17:14'),(198,53,97,'Animi et magnam totam eos est. Maxime unde architecto ducimus laboriosam. Ut recusandae et deleniti iusto libero odit.',1,0,'2019-11-06 23:13:01'),(199,2,66,'Tenetur omnis dolores voluptatem eos voluptatem quam. Non itaque est fugit nemo est recusandae. Consequatur amet magnam corrupti commodi vitae blanditiis molestiae.',0,0,'2019-06-01 02:12:06'),(200,149,73,'Animi dolor exercitationem eos incidunt consequatur. Hic qui inventore laboriosam reiciendis facere a magnam qui. Qui tempora nobis illo non optio quis ut reprehenderit. Iure quo voluptatem cumque est alias nulla.',0,0,'2019-10-09 08:44:49'),(201,142,104,'Provident quia dolorem omnis tempora blanditiis consequatur ut. Perspiciatis molestias consequatur itaque non. Sapiente corrupti aperiam aut aspernatur. Ad non repellendus quia ipsa.',1,1,'2019-03-31 12:48:45'),(202,112,63,'Minus nobis maxime qui nam quisquam. Nisi iste et molestiae nihil labore ipsam et. Ducimus non modi et sint eveniet impedit fuga.',0,0,'2019-05-22 20:42:38'),(203,137,109,'Incidunt cupiditate est error mollitia deleniti. Est numquam quam iusto. Eos qui cumque quisquam molestiae voluptatem distinctio. Ipsum voluptatem autem doloremque tempora occaecati.',1,0,'2019-07-09 05:42:56'),(204,47,32,'Quod qui tenetur culpa labore velit sed occaecati magni. Repellendus non et vel consequatur. Ut sint similique eveniet blanditiis esse consectetur animi quasi. Et suscipit quo nostrum. Tenetur in iusto non.',1,0,'2019-06-09 06:53:42'),(205,123,117,'Ut ipsum voluptatem autem occaecati magni veniam. Nisi omnis occaecati dicta sed quis omnis sunt. Ut voluptatum non aut eius voluptatibus. Perferendis repellat nihil maxime accusantium ut sit.',0,0,'2020-02-28 02:38:34'),(206,27,134,'Nisi fuga eos dolor maiores suscipit voluptatem omnis. Beatae pariatur culpa dignissimos voluptatem facilis autem laborum.',1,1,'2019-12-18 01:28:38'),(207,62,6,'Vel est libero possimus quasi aliquid ex fuga laboriosam. Est adipisci amet et minima nemo alias. Sunt sed numquam qui ut reiciendis blanditiis officia.',1,0,'2019-10-03 13:11:49'),(208,82,131,'Veritatis error numquam id enim. Consequatur ipsam dolore sit error iste dolor quos maxime. Dolorem est id odit minus adipisci nobis.',0,1,'2019-11-11 03:51:08'),(209,72,140,'Nisi atque in amet. Consectetur repellat recusandae aut at minus facilis.',0,0,'2020-01-23 04:00:40'),(210,115,43,'Quasi consequatur inventore praesentium autem velit ut. Et optio quidem est magni ut. Sit veritatis dolor neque hic.',0,1,'2019-07-01 08:25:14'),(211,58,133,'Quos omnis consequatur non aperiam omnis aspernatur. Atque molestias est eos necessitatibus. Voluptates nihil magni in et.',1,0,'2019-12-04 03:51:07'),(212,97,98,'Dolores quis porro repellat et omnis rerum aut. Enim et rem esse minima. Aut autem quis et voluptatem voluptate.',1,0,'2020-03-08 11:51:56'),(213,11,93,'Maxime voluptas necessitatibus ab placeat. Doloremque iusto error voluptatibus eum esse. Autem distinctio atque quia alias placeat corrupti. Et voluptas aut ex est doloribus illum incidunt.',0,1,'2020-02-10 19:33:07'),(214,60,112,'Molestiae officia fuga enim quia. Minima magnam hic esse optio nihil in. Impedit dolores suscipit aliquam quos harum cum delectus est. Illum iusto quaerat eum. Accusantium autem aut doloribus tempore sunt iusto quam praesentium.',1,1,'2019-12-05 21:57:47'),(215,120,60,'Laborum culpa cupiditate quia ullam porro. Explicabo omnis velit vel veniam officia consequatur earum libero. Culpa ut velit non occaecati nostrum.',1,0,'2019-08-09 12:10:31'),(216,122,105,'Non rerum blanditiis ut ducimus. Voluptatibus nulla totam officia optio qui aperiam libero magnam. Autem dignissimos vero aut voluptatem sed perspiciatis ea saepe.',0,1,'2019-09-29 15:10:56'),(217,100,44,'Molestiae necessitatibus amet possimus incidunt molestias. Iste odio provident repudiandae repellat accusantium consequuntur.',1,1,'2019-11-20 18:00:35'),(218,134,51,'Autem ut ut ea modi. Ut non ut illo non est. Voluptatum doloribus nulla aut id et in nulla. Velit placeat a est et. Ad non et laudantium.',0,0,'2020-01-03 17:59:47'),(219,69,134,'Sapiente deserunt nisi veritatis occaecati ut ut dolores. Veniam quisquam ex enim qui ea dolores nostrum velit. Quas facere earum aliquid quo qui.',1,1,'2019-05-26 09:19:58'),(220,93,34,'Inventore autem non odit illum accusamus. Natus ducimus libero ut et laudantium dolorem nulla et. Quasi nam nostrum dolor facere vitae.',1,1,'2019-10-04 13:05:55'),(221,107,15,'Vitae suscipit soluta molestiae quae qui et dolor. Iste sed et vero voluptate enim aliquid veniam rem. Veniam odio facilis architecto fuga. Inventore ut ipsam laboriosam inventore velit velit minus.',1,0,'2019-05-16 22:48:32'),(222,108,68,'Dolores ipsa sed quasi qui. Reiciendis est voluptas optio consequatur quisquam consequatur quia in. Praesentium ratione in quo sint animi ullam. Fugiat placeat possimus consequatur delectus occaecati qui cupiditate nisi.',0,0,'2019-05-28 17:28:48'),(223,70,54,'Magni deserunt totam quod qui quos est. Laudantium blanditiis in cupiditate. Facere vitae rerum voluptatem soluta. Iusto accusantium explicabo omnis ut maxime.',1,0,'2019-10-12 23:36:25'),(224,24,55,'Aliquam debitis dolorum aut eveniet consequatur voluptates iusto. Et ea laudantium veniam sed cumque. Eum blanditiis est illum nisi ea delectus tempore repellendus. Dolor dicta nihil ratione fugit voluptatem.',0,0,'2019-08-15 00:15:20'),(225,61,144,'Fugit consequatur facilis similique. Voluptas tempore voluptas eos nulla. Sint quidem quam nemo a placeat ad iste.',1,1,'2019-06-11 04:06:36'),(226,82,44,'Nobis enim quidem nisi est reprehenderit cum eligendi. Exercitationem dolores sapiente placeat qui sunt aperiam. Quia aut quidem consequatur dolores facilis in.',1,1,'2019-09-11 11:06:09'),(227,77,85,'Sapiente sit eum ratione sint voluptatem. Praesentium ut consequuntur omnis tempora. Temporibus fuga delectus eaque doloremque excepturi. Aut pariatur hic voluptate explicabo sed ad soluta.',1,0,'2019-09-12 22:32:40'),(228,140,39,'Atque explicabo pariatur eum non et eos eius ratione. Ipsam qui modi laborum et maxime consequatur eum in. Expedita cumque itaque aut. Enim ut rerum voluptatem deleniti.',0,1,'2019-06-14 22:53:24'),(229,20,111,'Recusandae consequatur rerum unde distinctio consequuntur veniam. Veniam ab officiis ad et aut eos. Saepe vel facere iure ratione velit optio.',1,1,'2019-05-21 11:55:26'),(230,128,117,'Doloremque omnis iusto ullam aut non aut molestias. Consequatur dolores enim veritatis est necessitatibus tempore.',1,0,'2019-08-27 22:39:25'),(231,132,107,'Ut aut accusamus ut accusamus ducimus minus. Qui est eaque deserunt id pariatur quis laboriosam vitae. Odio eius et voluptate in enim reprehenderit.',0,1,'2020-02-09 11:26:21'),(232,125,9,'Placeat porro facere aliquid animi ut. Quae molestiae sit eos minima ad qui quae. Modi mollitia neque quod nesciunt aut voluptatibus alias voluptatem.',1,1,'2020-01-06 09:12:33'),(233,82,6,'Praesentium tempora itaque quis velit voluptate dicta. Molestiae cumque nemo id et. Magnam molestiae veritatis recusandae voluptatem.',0,0,'2019-06-20 12:54:41'),(234,35,43,'Sed fugiat ea ut eum. Perferendis quia unde sit ducimus exercitationem ea facilis. Ea fugit expedita omnis quam nesciunt quasi et. Voluptatem sed cumque eos aut. Velit officia debitis exercitationem molestias esse natus velit.',1,0,'2019-04-23 19:29:05'),(235,76,105,'Voluptatibus ipsum et rem labore quidem sed. Eos nulla porro iste illo. Voluptatem sunt quaerat dolorum dolores.',0,1,'2019-04-03 07:27:59'),(236,127,49,'Iure ut exercitationem molestiae ducimus et maxime doloremque. Optio et eius et nulla qui facere.',1,1,'2019-11-09 05:46:26'),(237,106,10,'Qui et beatae veritatis nobis explicabo. Nam et nesciunt commodi ducimus asperiores neque omnis. Iusto magni cum perspiciatis aut sequi qui fugit. Et explicabo delectus eveniet autem quaerat esse inventore.',0,0,'2019-06-18 06:01:32'),(238,149,57,'Fugiat beatae cumque dolorem aspernatur quasi. Quaerat quis commodi consequatur dignissimos mollitia. Quo omnis suscipit dolor itaque omnis.',0,0,'2020-03-20 14:32:27'),(239,129,67,'Incidunt atque illo sit veritatis totam. Ut commodi accusamus optio id sunt placeat. Sapiente omnis sit quasi quas placeat eum reiciendis adipisci.',0,1,'2019-04-07 01:49:10'),(240,46,11,'A quisquam et consequuntur quidem et dolorem et. Cumque placeat molestiae velit culpa delectus est quos. Error reprehenderit qui enim quas amet sapiente alias. Quia adipisci architecto sit. Non omnis ea libero.',1,1,'2019-11-10 02:53:02'),(241,144,7,'Expedita quos sed facilis quae tenetur eaque. Et nemo maxime sed voluptatibus. In tenetur dolores nemo quae itaque. Delectus quia ut accusantium id excepturi.',1,1,'2019-12-18 05:31:16'),(242,132,112,'Et tenetur quasi mollitia temporibus inventore vero explicabo dicta. Nihil magnam veritatis et nemo alias similique sint.',0,0,'2020-01-02 21:57:26'),(243,79,139,'Amet voluptas ipsum quas commodi. Delectus et repellendus pariatur quis rem nostrum iusto. Quia voluptatibus amet unde qui. Sed ipsum provident numquam et ipsa accusantium.',0,1,'2020-01-27 18:23:04'),(244,1,67,'Illo officiis explicabo neque recusandae ex. Accusamus repudiandae ullam sint consectetur sequi pariatur. Veritatis illum nulla qui sunt est. Eveniet neque culpa sed ipsa eveniet nihil.',0,0,'2020-01-06 20:49:58'),(245,63,4,'Ut doloribus tempore ut quia occaecati hic ex praesentium. Ea reiciendis dolores aut eos expedita tempore alias.',0,1,'2019-07-07 02:34:29'),(246,14,100,'Quia aut iusto tempore ipsam. Repellat ea et dolorum ab dolorum repellendus.',0,1,'2019-09-20 07:51:33'),(247,29,59,'Fugiat aut blanditiis voluptas qui corporis harum. Minima assumenda et rerum deserunt. Velit perferendis itaque officiis labore. Vero enim et optio quia qui.',1,0,'2019-09-27 20:30:23'),(248,104,95,'Officiis officiis magnam omnis fugiat soluta reiciendis. Magni cumque modi nam aut inventore non est dolorem. Porro nemo dignissimos nulla qui qui quisquam aut.',0,0,'2020-03-10 12:48:51'),(249,133,48,'In soluta ullam illum. Consequuntur illum asperiores debitis et minima et distinctio. Enim sint quidem consequatur iure corporis.',1,0,'2019-06-25 18:35:45'),(250,55,109,'Ut neque sapiente nobis adipisci omnis ratione dolores. Rerum deserunt delectus non saepe quibusdam earum. Quis expedita aperiam dignissimos quasi. Magni eos consequuntur reiciendis.',0,0,'2019-07-04 07:12:57'),(251,25,70,'Quia dolores occaecati aut enim praesentium quaerat. Dolore minus rerum unde deserunt corrupti possimus. Quia consequatur consequatur et aut possimus inventore.',0,1,'2019-04-01 05:18:44'),(252,107,30,'Molestiae excepturi quasi hic deleniti animi cupiditate. Similique est voluptatem eos quis sit nesciunt. Sint adipisci dolore laudantium et enim. Quasi quam eligendi aut.',0,0,'2019-04-01 14:01:51'),(253,12,13,'Similique ut molestiae sit blanditiis nihil consectetur consequatur. Blanditiis voluptates dolor reprehenderit ipsa repellat. Reprehenderit qui asperiores et consequatur dolores et in. Quam in voluptas deserunt distinctio nisi.',1,1,'2019-10-02 03:24:37'),(254,38,114,'Mollitia in non laboriosam dolore. Qui perferendis amet placeat et earum quo. Earum esse nostrum exercitationem sit. Cum earum optio error sit non. Repellendus sit ipsam consequatur voluptatem illo.',1,0,'2019-08-31 11:16:44'),(255,5,125,'Quis hic veritatis nesciunt. A alias quis accusamus quaerat. Alias blanditiis quaerat consequatur tenetur aliquam impedit itaque rem.',1,0,'2019-05-07 23:56:48'),(256,57,82,'Nam nihil et ex aut deserunt. Libero animi et reprehenderit et. Enim consequatur quam incidunt sit fugit non.',1,1,'2019-08-21 18:53:45'),(257,121,25,'Ut iure id sunt nesciunt odio in voluptatem. Perferendis facilis modi molestiae ratione. Numquam in aut nisi est aliquam sapiente.',0,0,'2019-06-06 06:58:35'),(258,138,83,'Explicabo ex ut eius officiis debitis. Dignissimos doloribus voluptatibus laudantium molestiae.',1,1,'2019-06-08 00:47:26'),(259,28,6,'Repellendus mollitia quis ea iusto ea placeat ut. Libero repellat aut commodi dicta commodi ut eum. Minus beatae pariatur aut sint qui. Voluptatum consequatur id amet fugit excepturi architecto voluptas.',0,0,'2020-02-03 16:28:17'),(260,22,7,'Hic inventore veritatis iste quod dicta. Veritatis et numquam sit accusantium facilis dignissimos ex. Sed assumenda provident hic ex inventore et. Voluptas odit facilis dolorem.',0,0,'2019-09-07 16:59:27'),(261,26,117,'Quia libero amet unde deleniti dolores. Dicta ad ut et doloremque tempore dignissimos. Et qui nisi at. Impedit laborum alias sunt reprehenderit ut.',0,0,'2019-12-01 14:23:19'),(262,62,51,'Qui et voluptas perspiciatis provident. Eveniet ea omnis soluta voluptas nisi et incidunt. Cum magnam enim libero ea. Corporis voluptatem aspernatur neque asperiores.',0,1,'2020-01-15 09:58:23'),(263,85,37,'Facere quia delectus in rerum. Natus sint suscipit voluptates dolorum voluptatem. Qui reprehenderit perferendis sit laborum laudantium ullam.',1,1,'2020-02-20 10:33:06'),(264,89,102,'Placeat voluptates dolore voluptatibus magni non voluptatem. Quia totam repellendus sequi asperiores. Rerum sed sit perspiciatis excepturi praesentium mollitia dignissimos.',1,1,'2020-01-19 03:12:46'),(265,38,148,'Qui voluptas nihil provident. Occaecati consequatur sit et perspiciatis. Doloremque non accusantium harum eius sed molestias molestias nesciunt. Necessitatibus neque sint rerum. Quo repellat atque nesciunt ullam qui ipsa voluptas.',1,1,'2019-11-30 20:07:54'),(266,74,19,'Exercitationem sunt harum quibusdam. Cum molestiae aut deserunt quidem quis at sed. Totam rerum cumque dolorum earum.',0,1,'2019-05-09 00:32:25'),(267,106,112,'Maiores recusandae soluta cumque quo autem dicta. Debitis delectus aut qui unde sunt. Quo id aliquid laboriosam neque.',1,0,'2020-03-09 20:46:17'),(268,8,128,'Quis quos optio laboriosam quia omnis sapiente temporibus. Veniam consectetur iusto aut nisi accusamus ut facere eaque. Illum explicabo quam consequatur delectus et. Dolorem in distinctio vitae animi molestiae ad.',1,1,'2019-05-15 07:34:44'),(269,19,76,'Est iure nesciunt earum aliquid illum harum fugit. Velit qui quod cumque voluptatibus. Illo mollitia omnis quis explicabo totam sed est eum.',1,1,'2019-04-07 02:26:23'),(270,73,106,'Omnis officia soluta excepturi omnis. Enim repellat sint vel. Ad odio dolor fuga facere tenetur.',0,1,'2019-04-07 09:44:00'),(271,10,101,'Esse perferendis eaque voluptatem repellendus. Ipsa voluptatem laudantium eveniet est deserunt sint. Fuga doloremque esse et nihil aut ea. Debitis eius voluptatibus praesentium et facilis veritatis.',0,1,'2019-09-08 15:04:13'),(272,125,121,'Eos doloribus distinctio id rerum et inventore. Dolore et aut libero non aut ullam quia consectetur. Dolores quasi nihil ad quisquam non libero consequuntur. Asperiores error consequatur aut molestias et deserunt.',0,0,'2019-05-12 16:17:25'),(273,2,23,'Velit asperiores molestias dicta. Saepe officiis unde in pariatur. Qui et perferendis ipsam illum itaque neque fugiat.',1,1,'2020-01-06 12:18:11'),(274,80,4,'Quo ut consequuntur ex recusandae. Et ipsum quia autem perspiciatis voluptatem. Mollitia est vel sunt aut illum quos. Voluptatibus voluptatem corporis rerum id est delectus ut.',0,0,'2019-10-18 14:54:13'),(275,96,63,'Voluptates commodi quos veniam. Non aut quasi quis nobis iure laboriosam modi saepe. Blanditiis corporis sit fuga officia velit accusantium explicabo. Quisquam molestiae odit excepturi quaerat.',1,1,'2019-09-12 18:58:40'),(276,91,47,'Perferendis dolore eveniet adipisci. Et maxime nulla aut ab aut quod. Aliquam eos nisi ipsam tempora consectetur. Ex praesentium veritatis aut.',1,0,'2020-02-20 16:25:38'),(277,18,91,'Sit illo voluptas facere mollitia est. Aut deserunt nisi perspiciatis officia voluptatum vel.',0,1,'2020-02-08 07:56:52'),(278,116,18,'Corporis quas consequatur soluta. Debitis eos reiciendis nihil dignissimos rerum aliquam aut.',0,1,'2019-09-17 23:33:44'),(279,76,102,'Architecto enim sequi omnis est voluptas nemo sed magni. Ut itaque esse sint sunt laudantium. Laboriosam sed delectus illum eum est soluta sed.',1,0,'2019-04-17 05:26:09'),(280,31,26,'Nisi officiis corrupti a voluptas. Voluptatem eos omnis in expedita quis unde.',1,1,'2019-11-10 06:36:20'),(281,76,74,'Blanditiis neque voluptatem fugiat et sit tenetur. Qui dicta quam id tenetur. Ut et voluptatem consequatur.',1,1,'2020-01-06 03:49:57'),(282,139,133,'Voluptatibus quaerat dolor voluptatum vel. A omnis labore reprehenderit harum. Nostrum tempore est ipsam a aliquid non voluptatum aut.',0,0,'2019-06-22 23:36:22'),(283,18,121,'At aut eveniet illo aut. Consequuntur dolorem fuga nostrum labore cupiditate nihil. Fuga ea et enim dolore repudiandae. Amet iste sit ratione consequatur.',1,1,'2019-04-11 16:07:15'),(284,120,51,'Voluptas ut soluta dolor consequatur sint eos minima. Eum sed incidunt labore saepe. Et hic id odio voluptatem quod rerum. Quo ab repellendus inventore non similique.',1,1,'2019-11-05 22:25:13'),(285,100,89,'Est laudantium suscipit aut labore. Recusandae accusantium autem temporibus cum. Eius recusandae optio soluta ipsam.',1,1,'2019-09-03 01:37:57'),(286,137,28,'Nobis ea et quam quos quibusdam. Asperiores cumque minima nulla autem reiciendis. Consequatur perspiciatis dignissimos sit fuga nostrum qui. Aut omnis maiores soluta.',1,1,'2019-05-26 00:10:43'),(287,89,135,'Reprehenderit nesciunt et cupiditate est sed quidem. Molestias totam dolor nobis hic voluptas. Aut dolor assumenda sint iusto dolorem. Possimus recusandae est iure numquam.',0,1,'2019-04-28 12:19:47'),(288,33,58,'Quaerat earum eveniet animi necessitatibus nihil reiciendis. Quibusdam voluptatem qui culpa sapiente. Maxime dolor sequi distinctio ut eos enim quidem.',0,0,'2019-06-06 08:13:51'),(289,44,1,'Voluptatem omnis voluptate ea qui. Natus quod vero molestiae deleniti mollitia et accusantium. Sunt fuga dolorem assumenda porro sunt et nihil. Est quo enim aut ducimus. Amet dolorem animi eveniet.',1,1,'2020-03-03 23:35:06'),(290,123,11,'Nisi consequuntur iusto consequuntur vel corporis. Sit dolorem sit cumque soluta et. Qui voluptatum dolores quos repudiandae veritatis.',1,1,'2019-07-01 07:46:29'),(291,37,10,'Qui sequi dolores autem harum qui est nostrum. Ipsum voluptatum consequatur doloribus eum blanditiis qui dolor facere. Modi molestias in magnam aut. Officiis quaerat quis quod eius dolor autem maiores.',1,0,'2020-02-08 16:00:40'),(292,112,60,'Consequatur in corporis culpa est quidem. Aut aut qui voluptatem voluptates ut. At aut molestiae et porro possimus. A qui quia dicta corporis reiciendis voluptas dolorem occaecati.',1,0,'2020-01-27 14:34:03'),(293,149,108,'Libero rerum eum neque quam. Asperiores reprehenderit porro impedit voluptas cum. Repellat rerum et labore. Accusamus vitae aut officia quos a molestias odit. Commodi consequatur amet odit libero veniam id.',0,1,'2020-03-03 23:16:02'),(294,112,39,'Rerum optio magni in assumenda deleniti doloribus. Blanditiis et fugiat est veritatis est.',1,1,'2020-03-19 02:24:26'),(295,111,10,'Tempora id voluptate voluptas adipisci tenetur aut impedit recusandae. Quasi sapiente et voluptatem ab. Quia sed porro non sapiente impedit et. Maxime dolores sunt minima eligendi omnis impedit. At ea sunt voluptate quia ut non modi quibusdam.',1,1,'2020-01-13 05:53:41'),(296,72,94,'Pariatur voluptatem eum qui repudiandae. Est officiis ad consectetur sit inventore non. Et sit molestias et error explicabo accusantium iusto esse. Excepturi aut fugit cum magnam neque sed.',1,1,'2019-12-11 15:26:33'),(297,24,11,'Aperiam voluptatem nostrum qui veritatis. Distinctio omnis aut amet eligendi et veritatis et. Aut occaecati ab et est eius nesciunt. Ut et error quisquam omnis nostrum et.',1,0,'2019-08-10 20:47:05'),(298,54,12,'A repellat qui est labore. Qui rerum consequatur pariatur quaerat. Neque eius illo beatae temporibus itaque magnam consequuntur.',1,1,'2019-06-15 11:46:26'),(299,47,126,'Aut et similique praesentium impedit recusandae. Sed eligendi rerum placeat voluptatibus iste a minima ut. Laudantium eaque ex ea quis voluptate aut. Ratione eum quia hic totam quidem officiis. Ipsa molestiae eaque quibusdam est et est ut aliquid.',0,1,'2019-04-28 03:20:34'),(300,74,24,'Aut et maiores harum tempora deleniti laborum. Animi fugiat assumenda minus adipisci autem eligendi voluptatem. Nam omnis sed neque labore. Earum necessitatibus dignissimos tempora enim voluptas dolores velit.',1,0,'2020-02-12 19:10:31');
/*!40000 ALTER TABLE `messages` ENABLE KEYS */;
UNLOCK TABLES;

--
-- Table structure for table `posts`
--

DROP TABLE IF EXISTS `posts`;
/*!40101 SET @saved_cs_client     = @@character_set_client */;
/*!50503 SET character_set_client = utf8mb4 */;
CREATE TABLE `posts` (
  `id` int NOT NULL AUTO_INCREMENT,
  `author_id` int NOT NULL,
  `title` varchar(255) CHARACTER SET utf8 COLLATE utf8_unicode_ci NOT NULL,
  `description` varchar(500) CHARACTER SET utf8 COLLATE utf8_unicode_ci NOT NULL,
  `content` text CHARACTER SET utf8 COLLATE utf8_unicode_ci NOT NULL,
  `date` date NOT NULL,
  PRIMARY KEY (`id`)
) ENGINE=InnoDB AUTO_INCREMENT=201 DEFAULT CHARSET=utf8 COLLATE=utf8_unicode_ci;
/*!40101 SET character_set_client = @saved_cs_client */;

--
-- Dumping data for table `posts`
--

LOCK TABLES `posts` WRITE;
/*!40000 ALTER TABLE `posts` DISABLE KEYS */;
INSERT INTO `posts` VALUES (1,135,'Reiciendis dolorum corporis fugiat illum voluptas nam.','Aut voluptates consequuntur libero. Sequi ut quaerat nihil omnis quibusdam qui quisquam. Enim nemo amet voluptatum accusamus ipsam quaerat.','Accusamus molestiae aut asperiores rerum nisi aut. Asperiores est id tenetur ut velit rerum porro ut. Ex sed quis eum distinctio qui. Possimus molestias natus hic inventore nam voluptates provident.','2018-10-31'),(2,49,'Qui rem a aperiam consectetur a asperiores.','Alias et aperiam fugiat omnis libero quasi non ut. Ut veritatis et accusantium ut dolores consectetur facilis. Voluptatem consequatur dolor qui ut fuga iste optio. Ratione sunt dolores suscipit minus sed.','Illo omnis et quia dolores. In consequatur commodi optio laborum natus maxime eligendi. Ad veritatis doloribus fugit sapiente.','2019-09-24'),(3,123,'Quia sit consequuntur omnis vel natus delectus.','Iure beatae ad excepturi fuga velit unde. Sit molestiae soluta ratione unde dolorum exercitationem est est. Qui natus dolores aperiam consectetur dicta eum sed.','Sunt sed laudantium blanditiis ex distinctio corrupti tenetur. Recusandae dolorum iste velit harum consequatur tempora ea. Recusandae aperiam et dicta voluptates.','2010-12-13'),(4,142,'Facilis quis aspernatur cumque libero dolorum.','Et est autem autem eius placeat velit non qui. Repellendus qui explicabo dolor consequatur maiores et ab. Nostrum quasi qui ex et accusamus expedita hic.','Doloremque qui veritatis qui. Eaque et odit sint quod. Dolore est reprehenderit et atque aliquam id sed repellendus. Laudantium quam et ut quidem accusantium accusantium sunt molestiae.','2012-08-20'),(5,146,'Et et voluptatum odit eius at nihil.','Quas quo provident reprehenderit culpa nihil. Sapiente beatae ut nesciunt debitis molestiae blanditiis suscipit repellendus. Consequatur tempora ex omnis rerum commodi excepturi autem tempore. Blanditiis excepturi pariatur voluptas qui.','Molestiae quo sit ea quo sunt quas. Est et quos et quia veritatis quo. Quam sit occaecati vel velit esse aut vitae.','2015-11-15'),(6,141,'Sint est quibusdam sint aliquid perspiciatis.','Placeat in accusantium quas ut. Consectetur dolor et fuga delectus error commodi. Voluptas voluptas harum dolores.','Vel dolorem in exercitationem architecto amet placeat. Fugiat a omnis in. Deserunt eum voluptatem ut quidem.\nDolor vel sed dolore. Et et est vel velit omnis.','2019-02-26'),(7,112,'Aut et praesentium autem eos ad iste similique.','Enim qui dolorem dolorem. Et tenetur ullam minus quibusdam tenetur qui. Natus doloremque repellendus minus accusamus placeat inventore voluptate. Aut ab mollitia eos eaque maxime accusantium.','Autem qui quasi vero occaecati dicta ipsam quia. Nisi blanditiis animi in et eum. Qui iusto quod voluptatum quos magnam.','2010-07-04'),(8,132,'Velit ut et sequi voluptatem vel.','Nobis enim nihil perferendis veritatis quasi assumenda. Odit optio nisi ea minima vero non magni. Quos dolorem quasi dolore qui non et sed praesentium.','Atque quia dignissimos repudiandae temporibus magni. Et enim perferendis vel animi inventore totam reprehenderit repellat. Iusto natus perferendis nesciunt dolor.','2013-10-08'),(9,47,'Vitae temporibus dolores voluptatem est voluptate quibusdam et.','Voluptatem molestiae iste magni est velit non. Animi et molestias quia debitis ab doloremque. Vel fugit labore dolorem dolores et occaecati rerum. Distinctio consequuntur accusantium ipsum qui ea aliquid.','Adipisci quia sed sed voluptatibus molestias nulla omnis. Nesciunt aut et dolorum repellat a. Cumque consequatur est sit eligendi.','2016-12-31'),(10,103,'Ut eum dolorem ex delectus quasi temporibus nesciunt.','Ipsam magni corporis quae magnam rerum iusto. Id dolor quia qui. Repellat quidem voluptatem aut. Molestiae repellendus saepe dolorem.','Est unde ab et. Voluptas ut accusamus voluptatem et corrupti. Qui velit quis dolor nulla. Velit et qui beatae incidunt et.','2016-02-22'),(11,66,'Qui amet ipsum rerum aut iste ut.','Et earum sunt eos itaque rerum reiciendis quia. Odit et tenetur consequatur. Dolor aut sunt eum vel.','Perferendis et aut ex a voluptate esse cumque. Laudantium in sed placeat aspernatur sit cumque rem et. Quia nam sint eius eius in nostrum aut. Quia iusto maxime in officiis.','2016-03-15'),(12,25,'Beatae dicta quo delectus vitae commodi nesciunt.','Occaecati tempora tenetur non sunt. Qui dolorum soluta ut officiis ullam.','Fuga dolorem eius eos. Occaecati sed praesentium in. Maxime et quia ut impedit aut quia minus. Tempora laboriosam cum minus quia sit.','2018-12-31'),(13,146,'Assumenda et hic laboriosam voluptatem voluptas cumque est est.','Occaecati at et doloremque iusto qui. Repellat est aut voluptatem. Est rem placeat vero sit non rem. Ipsum neque cum et ullam eveniet dicta expedita.','Earum quo maxime ut et. Et corrupti reprehenderit sint. Asperiores aut et maiores fugit et mollitia vitae.','2011-11-17'),(14,14,'Laudantium sunt et dignissimos voluptates culpa doloribus maxime.','Praesentium non voluptatem et non nobis quae. Iusto iusto est voluptatum eius quod quia. Voluptatem dolor dolor perferendis neque sint impedit.','Sequi vitae illo a et consectetur nihil. Officia excepturi dolore distinctio id aut. A soluta eum vel perspiciatis. Ab reiciendis omnis a ipsum fugit.','2020-03-28'),(15,82,'Minima consectetur nisi rerum reprehenderit fuga est quia.','Minus consequatur non suscipit sapiente adipisci sapiente. Rerum error ut iste quia autem cum laboriosam qui. Aspernatur sed nulla et ipsa occaecati. Dolor quis reprehenderit voluptas consectetur molestiae quas.','Error velit hic nulla. Sit quia quia neque. Ut dolor dolor tempora beatae commodi omnis possimus. Autem et aliquid inventore et totam.','2014-03-10'),(16,68,'Nostrum nemo iusto minus ut in minus.','Ea maxime dolorem exercitationem reprehenderit. Vel ea blanditiis molestias nulla. Et qui neque illum quae non.','Dolorem repellat et soluta laborum. Omnis eos nulla dolore sunt veniam. Autem necessitatibus cumque doloribus expedita voluptas.','2010-06-30'),(17,40,'Quasi saepe quia omnis.','Harum aspernatur labore consequatur qui non. Ea rerum voluptatem sed inventore id maxime numquam. Eius excepturi pariatur vitae excepturi deserunt.','Aut quaerat quidem quaerat numquam quam quia. Iste voluptas et quia. Aut occaecati non rerum qui harum omnis quibusdam in. Quis eum sunt similique nisi.','2011-04-03'),(18,71,'Ullam ut est dolorum aliquam perferendis mollitia.','Inventore quis alias praesentium repudiandae. Et totam ab enim est. Repudiandae cum aut fugiat. Itaque consequatur quam facere magnam quis enim.','Nemo reiciendis cum at. Molestias ut magni quisquam quidem sequi impedit. In quia minus eos nostrum et quae.','2015-07-29'),(19,70,'Hic animi optio nobis nam maxime quasi quia ut.','Ut voluptas autem in quia enim est et aut. Ab earum sed et est qui. Esse velit commodi quod dicta quo neque. Animi omnis cupiditate et laborum suscipit.','Quisquam nostrum natus dignissimos soluta saepe nihil. Et modi qui aperiam dolorum. Est illum doloremque aut non voluptas. Aut enim rerum animi repudiandae quam voluptatem iure excepturi.','2015-04-21'),(20,28,'Et et rerum nostrum repellat tempora eaque eveniet.','Omnis qui perferendis maiores assumenda neque iusto libero. Et dolor blanditiis est voluptatem. Animi dolores quo quia et qui porro.','Explicabo omnis in laudantium quae. Quidem saepe quod magnam aperiam ut. Maiores soluta maxime facilis facere nam.','2012-08-16'),(21,134,'Omnis porro nihil sint animi qui.','Sunt consequatur qui quaerat atque qui. Error fugiat error hic. Eos illum reiciendis dolor.','Placeat officiis commodi qui totam nisi molestias. Quam autem earum aperiam non. Dolorum dolores tenetur pariatur suscipit qui aut reprehenderit.','2014-08-23'),(22,51,'Nihil deleniti occaecati similique ad maxime natus.','Molestias et deserunt harum. Non expedita veritatis nihil animi minima. Totam perferendis hic vel sunt. Deleniti vero velit perspiciatis eius.','Officiis ipsam sapiente eos neque autem aliquam. Quasi a a vero in accusamus tempore eos. Dolores maiores optio quos aut temporibus excepturi. Et molestias accusantium quaerat est.','2011-02-14'),(23,106,'Laboriosam molestiae velit odio.','Saepe recusandae praesentium voluptas sunt officia. Repellat natus a est voluptatem veritatis et minima. Repellendus ut tempore quae voluptas vitae. Consequatur perspiciatis quae dolor voluptatem.','Et consequatur et amet recusandae. Ab sed eos rem assumenda iste commodi. Natus suscipit non quia voluptatem voluptatem quidem et. Modi ut iusto molestias consequatur dicta saepe ut ea.','2013-04-25'),(24,81,'Quos impedit voluptatem assumenda consequuntur ratione.','Tenetur dolores hic consectetur laudantium dignissimos et. Quae suscipit eum magnam odit. Saepe perspiciatis necessitatibus sunt accusantium quia odio molestias. Aut natus quis aut nostrum cupiditate repellat voluptatem.','Facilis voluptates dolor delectus officiis amet blanditiis. Reiciendis minus ad dolores non minus accusamus est. Quod consectetur dolores suscipit nisi. Natus mollitia earum reiciendis sapiente.','2010-11-01'),(25,40,'Qui esse alias et aut porro sequi dolores.','Aspernatur at suscipit delectus et iste et facere. Aspernatur eum eos vitae maxime officiis qui voluptatem nihil. Voluptatem adipisci beatae qui rerum assumenda voluptas. Voluptatem velit dolor neque sequi non consequatur asperiores ut.','Et quaerat recusandae quo soluta odio. Qui consequatur omnis in deserunt ut quasi. Eos qui error non.','2019-04-20'),(26,150,'Nam eligendi ad occaecati non alias reprehenderit consequatur quis.','Ut vel fugit ut quo dolores et voluptatum. Ullam vitae expedita autem dignissimos repudiandae quae. Vel dignissimos qui perferendis et temporibus qui.','Autem itaque laborum necessitatibus maiores. Nesciunt ut voluptatibus in voluptate. Ut commodi labore ab dolores molestiae.','2011-02-21'),(27,42,'Praesentium fuga sunt maiores blanditiis fugit voluptate laboriosam.','Hic architecto quis nesciunt consequatur consequuntur sunt. Cum unde saepe optio iusto voluptatem. Animi tenetur maxime eaque.','Aut vel voluptatem sed beatae et ut. Explicabo harum quia ipsa modi quo libero. Aut perspiciatis architecto aut fugit sit consequuntur tenetur.','2011-10-10'),(28,49,'Neque ut laboriosam blanditiis.','Alias maxime et enim. A cum ex cum numquam. Omnis placeat reprehenderit animi labore doloremque aut.','Et qui quia illum voluptas quas aspernatur. Voluptatem soluta possimus voluptatem debitis sit. Quia ad culpa quis quisquam consequatur. Amet nisi aspernatur voluptatem ut voluptatem nam quisquam.','2014-10-31'),(29,17,'In tempore optio assumenda quibusdam vero.','Repellat explicabo recusandae aut. Ut ea et illo ea ex adipisci. Dolorem eveniet et laborum libero sunt dolores mollitia.','Enim in voluptatem eum dolor impedit est repudiandae. Non explicabo ducimus qui nesciunt.','2016-03-26'),(30,48,'Nisi est blanditiis maiores adipisci ipsum et.','Quisquam ut debitis autem ut. Mollitia velit optio quo voluptatibus dolorem officia sunt. Animi vitae rerum quia consequatur alias sit qui.','Non nostrum reiciendis incidunt et ipsam labore. Vel at qui libero veritatis nam harum est. Sed quasi optio laudantium culpa.','2011-05-08'),(31,60,'Veritatis enim officiis sed sint.','Enim nostrum sit rerum vel. Fugiat consequatur nisi rerum ipsa numquam et aspernatur. Tempora tempora repellat aliquid repellendus laudantium et.','Magni a nihil quas ut velit ullam quae. Sint et libero commodi error voluptatum minima fugit. Officia quia odit eum minima libero voluptas. Dolore quaerat quo est nihil. Et praesentium est atque.','2019-09-11'),(32,106,'Temporibus vel soluta et eos rem.','Repellat magnam est quia enim dignissimos. Dolore similique numquam sint qui eos. Expedita velit eos excepturi eaque asperiores odio enim. Aliquid veniam nisi consequatur.','Esse voluptate inventore atque pariatur sed voluptatem dolorem. Cum ex deserunt repellat aperiam voluptas. Cum ut repellat error eum.','2020-03-09'),(33,101,'Sit non ipsum sit reiciendis odio aut voluptatem autem.','Dolorem aut in et dolorem vitae. Aut consequatur assumenda dignissimos aspernatur itaque. Et nobis eius et. Provident quos ipsa repellat.','Temporibus omnis necessitatibus officiis distinctio. Perferendis cum commodi est consequatur. Itaque et sunt ut beatae eaque.','2019-11-15'),(34,127,'Nemo et ea et in tempora atque.','Velit omnis fugit nobis blanditiis quia. Harum rerum explicabo dicta nemo. Aliquid aut ducimus facilis provident.','Quia sit incidunt animi quo consectetur cum aut. Possimus eaque corrupti saepe. Provident quasi et ullam possimus fuga. Nihil quo recusandae aut dolores ipsum.','2011-12-05'),(35,56,'Sed possimus saepe aut voluptas voluptas architecto deserunt.','Ullam unde sed fuga neque iure tenetur laborum dolores. Voluptas dolor quasi natus iusto consequatur recusandae sed. Magni molestiae molestiae sit in molestiae voluptatem. Eveniet laboriosam aut magnam quia sint magni cumque.','Assumenda ut et in ipsam reprehenderit est voluptas. Exercitationem assumenda ea assumenda earum. Doloremque qui et nisi ratione.','2013-04-10'),(36,69,'Officia qui possimus et et.','Aperiam reprehenderit et omnis quam quos similique. Consequuntur est quia non laudantium quam. Aut eos ut omnis veniam nam doloribus veniam fugit.','Repellendus tempore deleniti ipsum veniam dolor quis omnis. Ad et ut odio et architecto. Exercitationem alias consequatur quod praesentium cumque minima.','2013-07-25'),(37,56,'Ut numquam necessitatibus saepe harum.','Deserunt laboriosam laboriosam repellendus sed tempora aspernatur inventore inventore. Sequi repudiandae enim nobis eos. Cum eaque nobis totam ipsum expedita eum illo. Qui aut quas eum deserunt ab error.','Pariatur aut voluptatibus dolores. Blanditiis tenetur earum ex ipsam doloribus in. Voluptatem vel vel id excepturi molestiae expedita ea.','2017-09-17'),(38,47,'Sint et consectetur fuga dolorem libero.','Similique est et laboriosam voluptatum et dolor neque asperiores. Aut sit laboriosam aut vel illo facere. Culpa nam fugit hic. Culpa ea aut quasi velit. Aut sunt non est alias veniam excepturi.','Id dolores facere aspernatur dicta. Voluptatem provident voluptates totam nesciunt. Suscipit laboriosam voluptas sapiente ut aspernatur.','2017-07-28'),(39,16,'Id et nulla dolorem.','Aut qui dicta nihil. Officia dolorem incidunt quis quas id ut.','Neque fugit delectus quo voluptatem. Animi fugiat aperiam impedit vitae atque laborum. Voluptas ullam perferendis porro facere voluptatum.','2017-07-17'),(40,150,'Distinctio impedit placeat assumenda itaque aut.','Velit voluptas totam sit numquam. Officia non eligendi error. Repellat doloribus praesentium est eveniet.','Deserunt facere et deleniti aut perferendis. Delectus repudiandae vel aut ut repellat minima.','2010-10-26'),(41,33,'Quae optio aut doloremque animi saepe ratione et.','Odio nulla aut rerum nam repellendus. Dolore amet accusantium odit minima. Et voluptas cum dolorem quam et aut tempore.','Doloribus id est animi optio qui explicabo ex. Ullam velit maxime quia soluta corrupti.\nEt est odit accusamus dolor. Enim sit sit et veniam et. Modi quasi aut eius sit quia qui molestias.','2020-03-20'),(42,72,'Est autem dolor corporis.','Cumque inventore incidunt et est excepturi expedita. Ut aut odit suscipit itaque iusto perferendis vero.','Veritatis qui enim quas. Dolorem minus dignissimos sit iure. Voluptatem consectetur ut error saepe.','2019-09-01'),(43,52,'Labore quaerat aspernatur omnis ut earum totam nihil vel.','Autem eaque nihil atque ut. Est voluptate eligendi quis provident id. Libero harum aut facilis amet repudiandae dignissimos.','Molestiae assumenda sed eos odio est autem. Eum enim laborum qui. Nemo rem iure et minima delectus et non.','2015-09-04'),(44,11,'Modi laudantium quibusdam dolorem a voluptate possimus.','Consequatur voluptatem officia quas. Dolorem quia iste accusamus laudantium rerum deleniti ut. Itaque consequuntur nihil facere repellat aut sequi animi molestias. Commodi culpa omnis labore velit cum. Ducimus dolorum unde ratione dolores.','Voluptatem voluptas aliquam officiis iusto rerum odio placeat. Totam cum fugiat exercitationem sapiente quia voluptatum voluptatibus. Quasi blanditiis id aut dolor voluptas.','2013-06-18'),(45,106,'Omnis et numquam necessitatibus officia quasi neque.','Sapiente optio aut distinctio voluptatibus distinctio atque repudiandae et. Et tempore deserunt qui exercitationem unde. Quaerat non vitae eos facere.','Sed ea neque nesciunt sed sed. Quae exercitationem neque sit provident. In id distinctio in iste recusandae aut aut voluptate.','2017-06-03'),(46,150,'Laudantium ipsa esse voluptatum minus a fugiat.','Rem sit beatae asperiores. Et quisquam et rerum molestiae cum. Occaecati sequi reprehenderit et corporis dolor provident. Nostrum eum et eaque.','Aut commodi unde rerum qui velit. Tempore aspernatur ut ipsa labore harum. Modi sequi qui ipsum recusandae. Autem nihil vitae laborum corrupti.','2013-03-19'),(47,98,'Est asperiores ullam omnis dolorem.','Voluptas deleniti suscipit fuga sunt repellat. Quibusdam cum velit voluptas eaque.','Laborum doloribus saepe assumenda quae. Quas laudantium voluptatem rerum omnis sint rem omnis.\nPariatur sed quam sunt similique. Neque nihil asperiores quia quia maxime nemo.','2016-08-05'),(48,114,'Nesciunt esse minima rerum eaque magnam sint.','Est corporis voluptates laborum perferendis. Voluptas eveniet veniam a quia. Vel animi qui voluptas minima animi. Ducimus aut illum quo odit rerum in quod.','Sint ipsa voluptas at sint temporibus velit repellendus. Ut voluptas veritatis maiores quo. Inventore non et ea atque consectetur debitis aut.','2012-10-24'),(49,88,'Rerum autem quis deserunt veniam tenetur.','Doloremque ad aut est cupiditate nemo sit eos. Iusto ut delectus cum. Aut a dolor sapiente voluptate. In omnis quaerat nesciunt magni hic rerum labore quis.','Quia aut nemo qui et facilis nisi. Rerum expedita quia nulla ex. Corporis repudiandae eligendi odit corrupti.','2010-04-20'),(50,122,'Est ut veritatis ut quisquam.','Quo nesciunt vero illo dolorem asperiores. Distinctio doloremque qui recusandae optio atque. Repudiandae ex quam voluptate laudantium.','Eveniet non et asperiores. Repellendus rerum ab officia aut pariatur. Sit incidunt eum eos sunt expedita. Quia ad unde doloremque rerum minus eius repellat vel.','2013-10-03'),(51,33,'Ut et et voluptatum corporis et nisi similique.','Et quisquam assumenda nihil tempore ab omnis provident. Et qui fugit aut reprehenderit.','Eum possimus et maiores dolor ut. Cupiditate porro quis ratione ut assumenda voluptatibus minima. Fugit nisi occaecati ad ut.','2015-06-18'),(52,72,'Corrupti et qui sit dolore suscipit et distinctio voluptatibus.','Voluptatem magnam velit autem ut consequatur. Possimus quis vitae quae id perspiciatis repellendus. Tenetur sapiente fugiat corrupti. Nihil deleniti maiores ab iusto. Voluptas totam ipsum pariatur cupiditate omnis sed delectus.','Omnis repellendus voluptas reprehenderit repudiandae voluptatem fugiat. Quia numquam amet enim dolore rem quis. Sit laudantium nulla sed fugit molestias ullam nemo. Et dolor laborum et minus.','2016-06-26'),(53,92,'Ut accusantium saepe vero optio rerum voluptatem voluptas.','Ullam explicabo culpa ea. Deleniti eum voluptate non sint cumque. Voluptas veniam tempora fugiat.','Explicabo molestias ut distinctio temporibus. Incidunt quod expedita ut vel aliquid distinctio quis dolorem. Tenetur sed incidunt rerum optio possimus qui.','2014-12-04'),(54,11,'Ducimus perferendis id tempore quisquam quia est qui minus.','Est sit ad nulla unde debitis quia harum. Rerum alias vel ut explicabo placeat laborum.','Doloribus officiis at rem. Quod est est quos incidunt distinctio et. Blanditiis ex quas consequuntur aliquam corrupti. Sint impedit dolores eum quasi nostrum amet. Aperiam sunt ullam mollitia.','2016-01-10'),(55,94,'Rerum voluptatem eaque laudantium iure dolorem.','Suscipit quidem esse maiores qui officia minima labore. Eum ipsum rerum assumenda quod eum ea doloremque. Molestiae deserunt quia dolor sunt ullam nihil explicabo. Quidem quis sed quos mollitia aut.','Animi dolores voluptas nihil quo quam inventore vel eum. Autem inventore dicta nam ab. Sed non quod hic alias accusantium. Et quisquam a quia sunt.','2012-02-23'),(56,122,'Eius quidem libero voluptas illum veniam voluptatem non.','Ea sed cumque unde quaerat voluptate quia. Occaecati eveniet autem expedita vitae voluptatem est aut quisquam. Asperiores accusamus ut doloribus vitae dignissimos assumenda. Nesciunt placeat et et facere voluptas.','Quia sit sunt rem harum. Sed et doloribus autem inventore ipsa inventore. Praesentium autem officiis voluptas pariatur iste nostrum enim.','2011-03-11'),(57,66,'Natus animi molestiae tempore illum libero in.','Mollitia voluptas ut qui sed. In natus voluptate ipsum aut vel consectetur. Et maxime necessitatibus atque dolores nemo.','Maxime iure quas voluptas maiores nesciunt. Ullam molestiae velit deserunt excepturi exercitationem quia quia. Omnis nihil unde quia sit.','2015-04-18'),(58,26,'Aspernatur perferendis ut itaque sit qui et accusamus et.','Velit asperiores ea beatae sit dolor. Vel qui repellat et cupiditate. Id rem in repellendus. Rerum dolorem nam quia iure nobis modi dolore.','Quis maxime aut tempore. Officiis dicta accusantium non cupiditate. Est vel amet laudantium. Omnis minus suscipit accusamus corrupti amet minima. Dolor et libero voluptates accusantium.','2010-07-17'),(59,20,'Qui et quos doloribus ut facilis ipsa nesciunt.','Numquam magni excepturi quas enim voluptatem eum aut. Qui molestiae ut aspernatur eligendi qui omnis veniam. Ducimus excepturi vitae rerum.','Omnis asperiores qui aut et voluptate. Ut aut rerum velit vitae rerum ea esse.','2014-09-23'),(60,78,'Rerum vel veritatis temporibus debitis illum.','Aperiam harum aut provident nostrum amet voluptate unde. Cumque et necessitatibus natus ea asperiores consequatur.','Expedita est inventore debitis sint id eaque. Maiores ea fugit beatae incidunt quis sed. Sit quae incidunt nobis repellendus omnis rerum unde.','2018-01-18'),(61,123,'Rerum doloribus et neque dolor omnis alias quibusdam et.','Est quis eveniet delectus unde voluptatem laudantium. Est incidunt vel quia et placeat. Et dolorem aut officia ex occaecati temporibus.','Quisquam tempore qui et delectus et non. Quis a velit quia. Qui ipsam consectetur esse eveniet. Aut suscipit animi omnis.','2015-12-14'),(62,99,'Autem omnis optio eligendi ab ipsa quo.','Minima et eum sit iure dolore aliquid. Dolorum earum sint libero dolores. Fuga repellendus occaecati voluptas voluptatem natus.','Aliquam et incidunt consequatur a dignissimos. Voluptatum quos ad eaque explicabo consequatur.','2015-01-15'),(63,130,'Qui est harum velit ut quasi perspiciatis rem.','Ut error consequatur sapiente a. Omnis voluptatem aperiam nihil dolores qui. Neque quos aperiam harum. Ut quia in voluptate.','Quis id in nihil. Dicta et nihil aliquam quos. Modi laborum molestiae consequatur voluptate. Doloribus iure ut dolor nulla nulla.','2012-05-06'),(64,120,'Est aliquid facilis qui distinctio sunt veniam.','Vel asperiores ut qui delectus cum ipsam. Id consequatur est aut. Tempora delectus eius optio dolor dolor quibusdam. Aperiam optio sit quod delectus aperiam.','Veniam aut excepturi aperiam vitae. Ratione magnam aut labore corrupti voluptates sapiente maiores. Assumenda consectetur itaque necessitatibus ab autem eveniet non.','2015-11-19'),(65,125,'Dolorem et voluptatum voluptatem soluta ab cum cupiditate.','Error et dolores praesentium est et. Necessitatibus et eum pariatur expedita labore. Ut delectus cumque omnis eos doloribus in voluptatem. Error perferendis voluptas consequuntur consequatur aut.','Dignissimos aut expedita porro laboriosam et ut deleniti. Nihil nihil doloribus totam nemo labore consectetur. Ipsam dignissimos voluptas sint quo.','2017-01-18'),(66,97,'Sed esse repellendus beatae aut omnis.','Ratione officia ut incidunt aliquid autem sint laudantium aut. Sint enim dolor et ad atque non. Recusandae velit architecto sapiente eaque error animi quisquam est.','Eaque soluta facilis qui et minima aut expedita. Corrupti ipsum et voluptatem ut itaque autem sint. Fugiat aut aut autem soluta.','2010-04-18'),(67,149,'Aliquam iste numquam mollitia exercitationem commodi maiores.','Laboriosam ex voluptas quis sit quia tempora. Repellendus saepe accusantium exercitationem quae consectetur. Sed officia eveniet ut dolorem distinctio veniam.','Odio doloremque ipsa perspiciatis earum aspernatur et sit. Praesentium non et eveniet ipsum eos expedita.','2011-12-02'),(68,27,'Quod expedita aut quia iste sunt quo iste.','Et iste cupiditate vero aut. Neque maxime exercitationem impedit accusamus. Qui ullam eum nisi. Explicabo rerum rerum maiores et alias dolor. Dicta vel dolor expedita sit hic sint harum.','In doloremque architecto consequatur voluptas vel pariatur eum. Quam dolorum qui nihil est sint ut laudantium asperiores.','2012-03-07'),(69,117,'Consequuntur eveniet reiciendis et impedit.','Deleniti quia in quo qui explicabo animi. Dolorum quia architecto quidem.','Possimus enim reprehenderit sit nostrum provident ratione voluptas. Optio nemo voluptatem commodi iusto sapiente perspiciatis qui placeat.','2010-11-28'),(70,32,'Eius quas ut consequatur autem.','Dolor praesentium deleniti harum consequatur aut consequatur quae. In modi odit et. Quia dolorem rem accusantium doloremque consequuntur ut.','Quo id nulla in consequatur et soluta cum. Sequi voluptas atque blanditiis vel nihil. Unde vel eos sunt ut et facere. Consequatur consequuntur veritatis dolor libero suscipit odio molestiae earum.','2018-02-03'),(71,58,'Dignissimos suscipit temporibus sed veniam.','Sed suscipit illum magnam ut nostrum voluptatibus. Dolor minus voluptates vel eos facilis dicta. Natus exercitationem nisi ut corporis doloribus quia. Dolor delectus vel maiores eveniet inventore laborum quaerat.','Blanditiis expedita cupiditate corrupti laudantium laboriosam. Autem exercitationem nihil nesciunt libero omnis. Consequatur dolorem neque quia quo vel numquam.','2018-04-09'),(72,7,'Totam repudiandae est ab maiores ea et ducimus similique.','Molestiae aut numquam sed repudiandae quisquam. Dolore illum nemo voluptas doloremque ipsam et sapiente. Quibusdam ut commodi at recusandae. Rerum a possimus tenetur voluptatem dolore temporibus.','Ut nobis iste minima ex. Officiis ratione similique expedita velit occaecati doloremque ut. Quia totam fugiat dignissimos et ea aut. Quaerat voluptas ducimus perferendis.','2016-06-08'),(73,83,'Esse cumque voluptas rem cum dolorum.','Corrupti sit possimus fuga consequatur eaque est consequatur. Nihil incidunt quia id ut illum autem ipsam repellat. Saepe dolorem est eos magni molestiae veritatis est. Amet animi velit eaque natus voluptatem.','Laboriosam modi molestias voluptatem fugit quis cupiditate qui. Et temporibus provident facilis perspiciatis. Aliquid aut sunt consequuntur. Aut nisi officia odit et aut maiores rerum.','2019-09-29'),(74,132,'Unde fugiat consectetur nulla corporis quia similique nobis.','Est repellat reiciendis accusantium consequatur. Tempora est maiores atque et. Animi ullam voluptatem ex itaque eum architecto eius.','Voluptatem eum et voluptas qui quod est. Excepturi quo rerum ipsa laboriosam sit cumque aut. Sunt soluta sed distinctio quia. Officia eos porro dolores nihil quo aut quaerat.','2012-09-27'),(75,147,'Rerum libero dolores consequatur rerum harum.','Sint officia dolores eos sint omnis commodi. Enim aut quia consequatur quaerat est. Maiores consequuntur ducimus quidem in porro doloremque occaecati. Optio corporis eius aut expedita dolorum.','Ut ratione explicabo placeat quam. Natus natus quae omnis maxime est ex distinctio. Harum aliquam occaecati praesentium optio et.','2011-01-31'),(76,133,'Quam a veniam voluptatem distinctio sit qui.','Sed atque quia molestias cumque. Distinctio asperiores est sint soluta dolor cum. Veritatis ut velit aut neque enim voluptatem hic.','Laboriosam nihil at eligendi modi provident voluptatem dicta. Maiores porro in qui mollitia sequi.','2017-11-05'),(77,63,'Inventore et sit quaerat et.','Maiores non temporibus sit ea commodi non praesentium. Rem quia explicabo occaecati amet. Quidem asperiores aperiam qui quos magni. Hic reprehenderit sequi nihil.','Dignissimos vitae autem blanditiis mollitia et et quod. Nostrum id tenetur excepturi non deserunt ut quis. Dolorem consequatur dicta eum aspernatur quos. Aspernatur aspernatur quisquam ab qui.','2013-08-14'),(78,4,'Dicta corporis ullam nihil recusandae.','Praesentium sunt vero nihil esse iste dolorem. Voluptatem blanditiis commodi officiis. Quas doloremque et dolor quas ipsum est est.','Deleniti aperiam vel eum. Eos corporis natus deleniti illo maiores sint.','2013-04-21'),(79,149,'Provident consequatur qui vero repudiandae laborum.','Sed magni quis provident cupiditate quaerat. Et ut nemo amet rerum dicta asperiores unde. Natus id fuga maxime consequuntur vero.','Consectetur eum neque ducimus corporis corporis atque itaque. Non explicabo et quia cum nostrum commodi eaque qui.','2014-12-23'),(80,93,'Dolores omnis ut quaerat ipsam.','Quis cumque minus sunt aut iste illo ut. Veniam voluptas voluptas fuga provident. Eligendi et vel sit atque mollitia ut.','At non provident aliquid odio. Et eveniet minus doloribus. Dicta sit fuga totam sint alias. Vero eum minus rerum velit maiores ipsum.','2011-06-26'),(81,1,'Dolor dolor perferendis repellendus odio earum sapiente.','Aut similique ullam fugit praesentium aut enim explicabo. Eum eos aut molestiae enim quis asperiores quas. Officiis veritatis accusantium debitis possimus incidunt at reiciendis.','Animi occaecati beatae culpa quis labore rem veniam. Accusantium iste omnis tenetur qui pariatur quia. Accusantium explicabo consequatur labore voluptas voluptatem natus.','2015-04-03'),(82,80,'Voluptatem quas culpa cumque qui non eaque.','Magnam ex quos amet aliquid quasi. Et suscipit fugiat aut nisi ut rerum. Tempora quas blanditiis expedita sed eveniet non nobis.','Ipsam est officiis quibusdam ut voluptatem nesciunt. Voluptatem accusamus blanditiis dolore iure. Sint harum pariatur praesentium sunt tempora debitis.','2019-09-28'),(83,123,'Nulla illum rem deserunt ipsum neque.','Voluptas iusto voluptas expedita soluta impedit blanditiis fuga. Vel voluptas id quod necessitatibus. Harum et voluptatem facere quia aliquam suscipit earum. Quia nobis nulla debitis quo dolor et.','Esse suscipit culpa qui doloremque provident. Aut ut in aliquid harum et vero magnam. Sit rem quae inventore et. Accusamus quaerat non ullam aspernatur omnis.','2015-02-10'),(84,136,'Cum consequatur perferendis sit non.','Sit voluptates veritatis voluptatem qui necessitatibus dolorem quod itaque. Maxime adipisci corrupti consequuntur voluptas eos tempora minus. Eos dolorum eligendi cumque quo natus dolores ipsa. Et eius ut dolorem soluta.','Voluptatibus nihil voluptas repudiandae quasi consequuntur. Dolorem blanditiis error eos vel iure odit. Necessitatibus provident dolores quasi ut et nihil voluptatem.','2013-05-20'),(85,51,'Exercitationem aut rem et.','Ut officia consequatur itaque voluptate porro aut rerum. Repellat dolor blanditiis vero voluptatum et. Voluptas voluptas sit labore tenetur tenetur. Nulla reiciendis iusto dolor quibusdam impedit distinctio velit quas.','Enim dolores veniam doloremque veniam aliquam et. Tempora molestias animi doloremque ut qui eligendi sequi. Maiores maiores sed atque placeat quas aut. Iste iusto iure impedit iste aut culpa.','2011-02-08'),(86,81,'Provident laborum non et voluptatem dicta impedit in.','Quo quia autem aliquid consequuntur libero voluptatum. Explicabo sed voluptates consequatur eius laboriosam et velit. Ut porro praesentium dolorem distinctio. Consequatur alias at reprehenderit atque nemo enim odio quo.','Expedita magnam placeat odio. Nihil nemo architecto ut occaecati necessitatibus unde est et. Aut voluptatem quas dolorem voluptatum a. Consequatur ipsam iste vitae.','2017-10-14'),(87,84,'Omnis laboriosam non tenetur sed error.','Sit qui sit saepe. Quaerat omnis eaque quos ut atque animi molestiae. Quidem pariatur culpa doloremque omnis.','Quod debitis repellendus non voluptatem iusto error. Omnis fugit mollitia ea doloribus. Sapiente sint est voluptas est facilis. Atque sequi accusamus rerum rerum dolorem.','2014-06-29'),(88,127,'Repellat aut facere voluptas sunt eum autem fuga.','Assumenda voluptatibus quia a molestiae. Et sint expedita ut id eligendi. Quibusdam explicabo ratione quis ad. Magnam quam eum reprehenderit sit aut.','Eius maxime ea soluta nobis. Repellendus voluptatem voluptatem facere ea molestiae ducimus sed. Quia beatae quia reprehenderit quos. Cumque sequi at molestias consectetur error eos debitis.','2015-12-08'),(89,55,'Voluptatem eum voluptatum totam ipsam.','Asperiores suscipit totam omnis impedit. Eius modi blanditiis autem quis quo. Temporibus ea laboriosam ut ut repellat quod officiis aut.','Aut ut asperiores reprehenderit iusto iure. Mollitia omnis repellendus occaecati non. Explicabo voluptatem sunt blanditiis qui deserunt et. Illo et fugit consequatur qui sequi est.','2015-08-06'),(90,25,'Eos sint ea odit quo tenetur unde et.','Qui provident non dolorum. Quis accusantium rerum recusandae magni ut voluptatem consequatur cum. Iusto minus velit eaque illo voluptate. Libero facere porro ut molestiae consequatur.','Sequi aliquam quos repudiandae quasi dicta reprehenderit. Sed cupiditate nam nostrum omnis quo minus. Dignissimos distinctio et delectus officiis rerum quis autem aperiam. Itaque enim rem ullam aut.','2015-06-28'),(91,145,'Alias eos dolorum sit voluptatem.','Qui qui debitis inventore excepturi voluptatem a. Corrupti ipsam odit distinctio aliquid. Ipsam a eaque harum itaque eum. Aut numquam accusamus eos consectetur eaque ab.','Expedita quia nemo facilis repudiandae. Enim expedita iure quam voluptas odio non voluptatum. Facilis et deleniti excepturi quia perspiciatis rem. Voluptatem incidunt optio et.','2014-02-10'),(92,96,'Dolor sed enim eveniet ab ut minus.','Minima et necessitatibus qui unde laudantium. Impedit voluptatibus animi mollitia sunt voluptatibus dolores sapiente.','Sed deleniti aliquid ducimus sit porro. Reprehenderit voluptatem voluptatum fugiat accusantium. Alias doloribus tempore et velit beatae.','2018-11-30'),(93,69,'Quis ducimus occaecati in et modi aut consequatur.','Voluptatem aliquid qui quo est sit minima quia. Rerum odio quis qui recusandae ipsum. Nam repellendus voluptatum rem assumenda sunt consectetur. Molestias consequatur veritatis accusamus quidem sint.','Quia consequatur esse aspernatur ea nulla illum. Eligendi libero corrupti rem. Et vel qui a occaecati. Sit temporibus et explicabo esse optio.','2011-02-14'),(94,91,'Modi ut nobis aut sit iste et.','Vero voluptatum eum odio officia error dolor consequatur neque. Non voluptatem voluptas molestiae. Dolore rerum labore sed doloribus est.','Magni quis temporibus qui. Enim expedita labore placeat quia. Voluptates mollitia tempora quidem eum rerum. Cum sunt quia sed sint ut.','2012-10-04'),(95,5,'Enim mollitia soluta eveniet quia.','Molestiae doloremque sint rerum adipisci quos doloribus. Dolores eos quaerat repudiandae perferendis earum nesciunt. Ea dignissimos ea vel dolor quos officiis et explicabo.','Omnis quisquam repudiandae minima maxime voluptates. Quia in facere illum aperiam. Temporibus perferendis quo qui non. Accusamus exercitationem ut enim architecto fugit harum nihil ipsa.','2020-02-22'),(96,17,'Pariatur hic id sed praesentium voluptates.','Non quasi aut soluta. Praesentium et hic hic modi ipsam mollitia voluptatibus. Officia magnam in minima. Et odit accusamus distinctio explicabo exercitationem.','Quis culpa exercitationem aut. Laborum perferendis totam ab quibusdam sed tenetur rerum. Tempore vel voluptate qui.','2011-03-04'),(97,32,'Aut laudantium non doloribus placeat eligendi mollitia eum.','Et dolor quaerat autem fugiat. Ratione officia deleniti repudiandae est sit dolores. Dolorem perspiciatis laborum vero ut dolores. Tenetur et explicabo odio repudiandae est.','Provident quasi dignissimos voluptatem qui aut. Facilis quis quasi sint facilis tempore temporibus laudantium. Voluptatem soluta minima quam qui iste.','2011-01-02'),(98,138,'Voluptatem et nam necessitatibus.','Rerum fuga vero ut explicabo in sit ea. Voluptas fugiat aut consectetur autem et dolorem iste. Consequatur modi qui et laboriosam earum dolorem consectetur. Repellat labore tempora nobis nihil culpa. Quia est consequuntur officiis sed.','Omnis est eum consequatur. Distinctio fuga dolores et et debitis. Est placeat non id omnis distinctio. Eius praesentium et dolorum unde accusantium voluptas.','2016-01-08'),(99,36,'Unde rem quis laboriosam error consequatur animi.','Est quos qui adipisci et. Reprehenderit quia omnis nihil quia qui repudiandae laboriosam minima. Aut velit nostrum neque ut enim.','Voluptas et et fuga consequatur vitae maiores. Aut dolore ut quis laborum vero. Neque quo molestiae ullam voluptas voluptas similique nemo debitis. Repudiandae sunt nihil et omnis est fuga.','2017-04-06'),(100,57,'Ipsa ea rerum ut cum deleniti ut.','Reiciendis ipsum nisi beatae sint neque debitis. Ut eveniet eum numquam ex. Beatae accusantium nostrum minima veniam.','Veritatis ut quo ut minima earum. Nesciunt quos sunt vero explicabo accusamus culpa. Dolores quisquam natus autem dicta odio velit.','2015-07-23'),(101,50,'Sit amet aut ut est architecto hic sunt quo.','Quo et dolores atque nemo. Repellendus doloribus veritatis sed eligendi libero. Illo commodi quia placeat expedita.','In cumque fugit laborum aliquid fuga quo. Cupiditate nam quis architecto dolores sed. Optio fugiat consequatur vero facere.','2012-02-27'),(102,143,'Esse iusto est ut doloremque hic.','Rerum saepe inventore sit consequatur qui optio et quae. Sit ullam illum dolorum. Neque enim cupiditate tempore aut cumque. Et earum suscipit modi.','Qui saepe odio nihil omnis quo id. Aliquid temporibus dolorem magni dignissimos dicta porro architecto. Ipsam rerum asperiores rerum minus.','2017-06-10'),(103,149,'Quis enim laborum ipsa iusto.','Voluptas delectus est commodi eum distinctio. Doloremque qui laudantium fugiat ullam error sint sed. Dolor distinctio ipsum sed qui. Qui doloremque dolore enim quisquam.','Amet ut ullam ex repellat sed. Cum voluptate quis et laudantium magni ut. Exercitationem ipsa eos praesentium qui. Iusto et quo sit impedit placeat explicabo.','2016-03-12'),(104,78,'Temporibus at quia a enim.','Adipisci porro earum magni necessitatibus deleniti ut ut. Minima voluptatum ut nostrum voluptas quo. Voluptas occaecati non laudantium consequuntur et harum suscipit. Ratione ut labore sunt quibusdam cumque quibusdam.','Eos illum suscipit ea officiis ut. Sequi fugit ut modi est rerum. Ab suscipit architecto et repudiandae cupiditate rerum. Eligendi recusandae doloribus quaerat nisi.','2012-10-26'),(105,46,'Fugiat quasi itaque non voluptatibus aut ut rem et.','Ut beatae mollitia nisi repellendus. At natus est non. Corrupti et dolor ut odio qui illum. Sed reiciendis voluptatum assumenda repudiandae cum aliquam.','Autem praesentium maxime ut quibusdam et laborum. Fuga ut consequuntur sed cupiditate. Suscipit ea quo vel ipsam repudiandae sunt aut. Soluta at officiis doloribus ipsa.','2011-03-04'),(106,42,'Optio incidunt officiis ut et aperiam.','Voluptas dolor dolorem incidunt nisi dignissimos saepe. Sunt aliquid et suscipit iusto qui commodi veritatis. Sint impedit repellat adipisci debitis debitis dolorem commodi. Amet quidem nemo nostrum.','Illum est nihil id ut maxime velit inventore quo. Iste repellendus consequatur esse incidunt et debitis. Alias accusantium itaque nobis dolorem sit aperiam perspiciatis aut.','2017-12-11'),(107,71,'Corporis doloribus sint cupiditate commodi magni magni.','Incidunt doloribus accusantium eos. Cumque quas recusandae est quibusdam veniam autem qui. Totam maxime harum voluptatem exercitationem ducimus non expedita. Odio neque voluptatibus sequi voluptas consequuntur ut sed. Reprehenderit qui vitae necessitatibus mollitia laboriosam.','Laudantium voluptas eum est id sed eveniet eius. Quaerat laboriosam repellendus perspiciatis et quia assumenda iste. Autem quaerat voluptatem officiis beatae suscipit consequuntur modi.','2013-07-18'),(108,25,'Neque sed sed expedita est voluptatibus alias laudantium ratione.','Sapiente quibusdam id iure nemo aspernatur voluptatem incidunt. In sit vero et harum et. Aspernatur nemo cum fugit et id.','Laboriosam consectetur tenetur impedit quos quos doloremque. Nam est eos corrupti provident magni et. Totam beatae id inventore cumque voluptatum.','2018-11-03'),(109,20,'Quia quasi molestiae accusamus accusamus aut fugit consectetur.','Sed atque occaecati qui suscipit. Corporis fugiat nobis magni. Excepturi fugiat similique et molestiae iure non qui. Quis quae eum aut ipsum possimus.','Sequi quas velit omnis maxime ipsum. Rerum sint saepe ratione perspiciatis deleniti. Cumque sed minima architecto deleniti vitae culpa dolor. Ex totam quos asperiores similique odio.','2016-03-17'),(110,108,'Quo aperiam aut dignissimos culpa qui deserunt reiciendis.','Laboriosam necessitatibus aut voluptas consequatur maiores. Consequuntur perferendis ad quos quia. Porro nostrum molestiae assumenda est quisquam.','Voluptatem aut vel dignissimos aut consequatur ut. Quam sequi sed rerum nobis magnam minima nisi. Suscipit nesciunt repellat ratione aspernatur qui quia dolor. Non labore quibusdam quae.','2019-09-10'),(111,92,'Qui rerum natus qui dolore sed aut pariatur.','Numquam est at consequatur rerum voluptatem perferendis. Qui odio delectus assumenda perferendis vero odit. Fugit non ut alias quo culpa voluptatem. Quasi placeat eum rerum corrupti.','Explicabo ut dolorum sapiente corporis quis. Cupiditate sint sit voluptate molestias. Error est adipisci eius accusamus iusto et. Molestiae ut harum ipsa nemo velit laudantium earum.','2016-09-09'),(112,15,'Voluptatem qui explicabo molestiae in aspernatur eveniet totam.','Minima sit est dolores assumenda consequatur quo voluptatibus. Cupiditate incidunt doloribus eum esse pariatur facere. Sequi nisi est explicabo vel. Dolor nihil voluptatem vel sed qui itaque. Officia ut quaerat nisi aut.','Et aut blanditiis aut dolor. Ex provident enim magnam qui enim omnis. Ut aut iusto qui sapiente. Dolorem delectus at sed autem magni optio animi.','2016-05-29'),(113,47,'Animi repellat molestiae deleniti sapiente vero non voluptatibus.','Doloribus sit aut beatae. Odio inventore ut dolorum nihil qui. Voluptas qui corporis sapiente.','Soluta et blanditiis harum qui eveniet facere. Magnam est odit quasi. Asperiores autem in reprehenderit. Numquam eligendi laudantium reprehenderit animi culpa totam impedit.','2018-08-17'),(114,94,'Velit voluptas dignissimos recusandae facere sit quia quidem id.','Et autem vero sit voluptas. Optio et illo ut ad. Numquam laudantium aut et et ea ad. Voluptas perspiciatis adipisci magnam consequuntur et.','Ducimus voluptas sed fuga autem quae porro repudiandae. Et dolorum sit eos nihil qui voluptatem. Molestias aspernatur qui maxime nihil sed consequuntur. Voluptas autem qui aut non.','2017-04-04'),(115,37,'Est velit enim optio quas voluptas perspiciatis blanditiis.','Reprehenderit hic illum dicta repudiandae. Libero molestias placeat aperiam cupiditate. Repudiandae quos mollitia similique. Autem numquam et autem voluptatum.','Nesciunt officia a eaque asperiores explicabo. Ipsum qui quaerat atque sint. Cupiditate atque provident rerum reiciendis nulla.','2013-11-05'),(116,100,'Perspiciatis reprehenderit aut qui dicta et omnis.','Quisquam quis in aliquam tempore ipsam. Sapiente ex quibusdam porro excepturi. Explicabo porro dolor et qui quis pariatur esse. Ullam praesentium dolorum ex aliquam suscipit autem est.','Saepe sequi consequuntur saepe modi rerum. Ut odio et nisi. Rerum in laborum voluptates necessitatibus ut modi.','2018-05-07'),(117,83,'Nesciunt enim eum aliquid sed molestiae dolores est.','Debitis enim dolor et voluptatibus quo voluptatem. Amet id enim voluptatem consequatur veritatis non excepturi quidem. Aspernatur ipsum dolor modi sequi quia optio consequatur. Libero ipsa ducimus beatae iste.','Magnam facilis nam quia ut qui quo commodi dolor. Omnis voluptas eveniet culpa id incidunt. Temporibus sint ea ut tenetur expedita est. Cupiditate maiores cum temporibus ut quaerat non.','2018-03-27'),(118,49,'Ut ad pariatur impedit quae dolores debitis et.','Tenetur voluptas aut quasi maxime aut laboriosam assumenda. Quod totam soluta ipsam. Temporibus quaerat earum quae exercitationem est.','Nostrum molestiae hic et ut. Minima maiores recusandae in est occaecati. Excepturi ipsum dolorem exercitationem aspernatur nulla.','2013-09-11'),(119,50,'Esse ut modi deserunt dolorem.','Quis sit eligendi aut vel laudantium. Voluptatibus tempore aut aliquam corrupti sequi. Consequatur aut odit autem ratione aut.','Aut reprehenderit vel animi ut fugiat qui harum corporis. Necessitatibus reprehenderit et repellendus consequatur sint optio ducimus ducimus. Rerum nam sed fuga quia.','2018-02-17'),(120,6,'Nemo ut consequatur et suscipit perspiciatis ut ut est.','Voluptas sit qui adipisci quas quisquam libero tenetur consequatur. Quo modi qui illum dolor facere. Suscipit veniam perferendis voluptatem consequatur consequatur eligendi. Deserunt vitae molestias sunt itaque.','Porro voluptas cupiditate expedita ab dicta. Iste ipsum itaque veritatis qui eum.','2010-12-05'),(121,57,'Eius non laboriosam vero officia.','Laboriosam aliquid natus cum vero facere nobis doloremque consequatur. Quam eius corrupti officiis explicabo laboriosam.','Aperiam molestias error non consequatur. Labore ratione aut saepe. Ab modi quis vel voluptates illo fugit.','2017-07-06'),(122,145,'Saepe voluptatibus dolorem ratione est ut et consectetur.','Reprehenderit non explicabo hic ab ea. Corrupti fugit cumque est est. Aut et et facere quis inventore. Dignissimos deserunt porro neque cumque.','Aut exercitationem facilis aliquid et. Et magnam deleniti quod sapiente ut. Id quas quis vel repellat. Est eum ut vel itaque aut perferendis. Amet ea et consequuntur magni nemo minima quibusdam.','2013-09-11'),(123,87,'Assumenda molestias nulla voluptas unde.','Laboriosam nihil asperiores consequuntur illum officiis molestiae saepe eligendi. Aliquid iure consectetur corporis eaque voluptas hic. Culpa facere et qui officiis delectus et.','Eos deserunt commodi officiis incidunt animi. Occaecati sint officiis ullam sit doloremque. Animi ut sed dolorem dolor ut nihil. Aliquam sapiente dignissimos repellat ipsa.','2017-04-04'),(124,129,'Quidem mollitia cupiditate quis facere et.','Sit autem tempore qui inventore est. Et rerum enim ut. Doloremque dolorem et sed quo nulla praesentium. Et doloremque eligendi rerum dicta laborum.','Voluptatem perspiciatis voluptas deserunt unde qui illo. Veniam reprehenderit excepturi aspernatur.','2013-01-06'),(125,29,'Quo asperiores dolores earum.','Nobis enim aut enim consequatur omnis doloribus sed. Optio ad autem maiores tempore sed. Nemo enim in doloremque quisquam. Quis et dolores mollitia ipsam laudantium architecto voluptatem.','Commodi ut placeat ea. Fugiat eaque et rerum in reiciendis. Nam debitis voluptatem reiciendis earum quas sint.','2011-02-05'),(126,134,'Officia incidunt repudiandae sed provident amet voluptatem.','Corrupti beatae aliquid aut dolorem omnis nam provident at. Tenetur soluta necessitatibus officia qui. Vel non soluta deleniti odit.','Et eligendi officia inventore incidunt commodi praesentium. Fugiat consequatur repellat quae accusantium occaecati ea. Sint dolores ad sed beatae. Modi iste distinctio id.','2010-09-17'),(127,10,'Rem ut tenetur aut commodi molestiae.','Molestiae eaque et consequuntur eius voluptatem. Ea fugit harum repudiandae minima dolor consequatur. Perspiciatis explicabo ullam sint nisi. Facere assumenda tempora incidunt eum ratione voluptatem quae. Similique mollitia porro laboriosam qui est est.','Deleniti quis odit suscipit dolorem neque deleniti vel. Aut iste et a sint. Veritatis odio sed sed quia dolorum qui cupiditate. Tempora qui alias quam qui odit cum ipsa.','2016-02-09'),(128,56,'Exercitationem ut perspiciatis libero soluta omnis qui.','Doloremque voluptas molestias sit quidem. Tempora beatae totam dolor debitis laudantium dolores doloremque. Dignissimos provident ullam qui et officia magni. Doloremque eligendi odit exercitationem aspernatur earum at ullam.','Asperiores facere ut ut necessitatibus veritatis in. Quidem ut saepe possimus temporibus sit exercitationem. Praesentium modi perferendis dolor velit non. Unde aut est voluptatum quos inventore.','2019-09-16'),(129,2,'Ducimus rem esse nihil voluptatum quia enim.','Dignissimos quia consectetur vero voluptas soluta temporibus. Nisi rerum dolores doloremque laudantium necessitatibus. Deserunt quam quia modi quam.','Quis maiores maiores sit recusandae rerum. Dolorum non et accusamus eveniet consequatur amet. Et molestias architecto eum libero molestiae. Iusto voluptatibus vel laborum repellendus eaque quo.','2019-08-13'),(130,68,'Omnis qui est odio est suscipit suscipit.','Iure odit id ut deserunt earum eius. Sed neque accusamus voluptates sint vel. At pariatur repellat quia.','Sit velit maxime nisi aut expedita. Voluptatem quis quis qui alias ut ratione quis. Consequatur velit voluptas molestias totam doloribus corporis sapiente voluptate.','2020-01-04'),(131,28,'Nam optio quam voluptatibus distinctio doloribus vitae aut.','Quia atque doloremque dolore eligendi atque necessitatibus. Aspernatur et consequatur dolorem. Et ut vel accusantium voluptate eos dolores cupiditate. Eos quia eligendi temporibus repellat quod dolorum.','Nulla maxime ut facilis. Veniam cupiditate quasi est corporis voluptatum quos quos. Adipisci ipsa ullam magni facilis veritatis deserunt nobis.','2015-09-12'),(132,55,'Et dolorum omnis cupiditate atque.','In doloremque et dolores iste et quia nesciunt. Corrupti quas enim vel et aut nam voluptas incidunt. Aut voluptas commodi delectus et voluptates voluptatem aperiam adipisci. Hic mollitia voluptate ducimus necessitatibus est aliquid qui. Voluptates nemo repellendus mollitia voluptate.','Quos ipsam non ut et corporis temporibus et. A ut adipisci id atque sunt necessitatibus. Impedit veniam ab sed esse fugiat. Facilis repellendus quidem ipsum autem.','2011-05-04'),(133,18,'Corrupti dolor qui sequi nesciunt laboriosam.','Perspiciatis dignissimos impedit molestias voluptate rerum. Porro omnis magnam et repudiandae mollitia deserunt. Dolor dolores ad nam ipsam dolores ut ducimus. Ut cum qui officia iure est necessitatibus optio.','Ipsum neque est eum ex sapiente expedita. Officiis nihil laudantium debitis quidem. Nulla dolor non blanditiis aliquid aut. Repudiandae quia minus enim est illo officia unde nihil.','2016-10-31'),(134,56,'Consectetur eos harum a.','Qui natus natus illum accusantium assumenda et. Tempore id dolor repudiandae sequi soluta ut. Consequatur sed ullam quibusdam quisquam voluptas alias velit. Amet reiciendis consequuntur ullam rerum laborum. Quidem aut assumenda nihil dicta.','Dicta sequi dolorem molestias velit. Fugit iste sunt quidem iure. Qui dignissimos excepturi laboriosam non minima. Optio incidunt voluptatem itaque ipsam fugit.','2017-11-01'),(135,90,'Harum nam delectus rerum nam pariatur nihil.','Ducimus quia eos distinctio voluptatem. Optio reiciendis unde maiores fuga sapiente. Temporibus quo nemo sequi commodi.','Molestias facilis ut consequatur dolorem. Libero incidunt explicabo vel iusto eaque maiores. Ullam ut praesentium enim. Cumque dicta aperiam quas.','2016-11-16'),(136,37,'Rerum accusamus et officia distinctio velit velit quo.','Ut quasi eos in voluptatibus hic voluptas excepturi. Tenetur voluptates eos quia quibusdam.','Enim id est alias delectus ut. Est quia doloremque natus est. Soluta repellendus aut vel harum. Cumque consequatur qui minus voluptas dolor.','2017-10-19'),(137,116,'Architecto at doloremque neque in explicabo.','Veritatis ut nesciunt blanditiis repellendus quod quod. Distinctio ipsa ullam hic voluptatum voluptates tenetur. Accusamus maxime sed alias dolor.','Et corporis quis accusamus quam. Placeat recusandae deserunt repellendus. Et repudiandae eos vel minima fugit excepturi in. Alias nostrum quaerat enim voluptates quia.','2017-09-05'),(138,1,'Architecto maiores distinctio excepturi eos quasi rerum.','Perspiciatis corporis ullam explicabo enim illum odio. Impedit vel nisi veritatis consequuntur non. Facere et culpa ipsum perferendis beatae error et.','Tempora aliquam voluptatem tempora ut esse id. Dolorem aut dolorem molestiae dolor eos ut et. Quo molestiae accusantium dolores consequatur ratione. Eos error impedit ad qui quibusdam totam impedit.','2010-05-09'),(139,119,'Occaecati laboriosam tempore cumque voluptates unde enim earum.','Blanditiis consequatur sed incidunt ut. Ipsa ipsum alias soluta. Aut harum dolor ut. A et voluptatem omnis sapiente et magnam.','Dolore soluta voluptas ducimus debitis rerum quod. Sit omnis illo velit aliquid occaecati mollitia vel. Ex dignissimos ex eum ut nihil illum voluptatem.','2019-11-02'),(140,28,'Earum et dolor quis et.','Esse sed quae quia. Odit architecto ut voluptatem ut sequi. Aut vitae quidem aut beatae consequatur explicabo voluptas. Sed eum excepturi et sed. Tempore iure a cum ex ad quo unde.','Est dolorum nihil expedita quos illum consequatur. Aut voluptas voluptas rerum est. Facere quo sit aut.','2017-04-19'),(141,26,'Repudiandae laborum et recusandae placeat aut.','Harum quis ex ducimus quia. Aut voluptatem in ad nobis aspernatur. Soluta magnam vero repudiandae ut quos. Qui neque debitis esse.','Porro mollitia in ut. Sint repellendus quos est. Quia magni et aut ipsa iure illo est.','2012-11-20'),(142,69,'Eum qui ipsam quos quo.','Tempore hic est ipsa eligendi iusto eligendi ut. Minima quia fuga natus ipsam qui. Atque et dignissimos amet. Quibusdam sit vitae dolore sequi minus ipsam odit. Velit nesciunt minus facilis doloribus.','Hic sit accusantium velit porro optio dolor ad. Voluptatem voluptas et placeat. Id voluptates quaerat enim illo voluptas culpa.','2016-04-14'),(143,100,'Ut nihil corporis voluptas debitis.','Nam non quia quae in in. Eum architecto omnis et dolores. Neque dolores deserunt nobis. Sed facere fuga odio laboriosam perspiciatis at at. Recusandae quidem voluptatem laborum explicabo.','Excepturi natus ullam rerum aut eius cumque adipisci qui. Omnis quis eligendi ab id ex iure veritatis. Nobis sequi cupiditate vero est blanditiis vel cupiditate.','2011-07-17'),(144,61,'Suscipit id omnis recusandae facilis.','Ipsam error est aliquid aperiam corporis corrupti non enim. Quod sed occaecati quo tempora ex provident omnis. Consectetur consequatur illo ut dolorem minus cumque laudantium. Voluptates quo ut eligendi ipsam qui est.','Voluptas repellat aliquid iusto nostrum. Aut itaque numquam labore quidem. Inventore optio eius sapiente et dolor voluptatem sunt. Deserunt corporis ea et distinctio architecto.','2017-11-02'),(145,55,'Velit est aut eos ipsam veniam asperiores rem modi.','Esse minus atque unde natus. Sit laboriosam magni eum tempore commodi. Adipisci et autem ut. Natus quos dolore vel natus fugiat.','Corrupti magni rerum cupiditate eum quia. Est atque in aut ipsum aut voluptatem adipisci recusandae. Et sed et aut at quis.','2015-09-01'),(146,138,'Cupiditate non autem veritatis.','Qui assumenda consequatur dolorum rerum quia. Iure repellendus sint quidem ea autem.','Consequatur facere sapiente nisi repellat. Laborum cum quod autem inventore at. Explicabo voluptatem cum non est in odit. Alias velit aut aut.','2016-03-27'),(147,26,'Cupiditate odit libero explicabo.','Dolor omnis est iusto et et ex. Harum qui pariatur error natus aut ullam culpa. Qui velit porro numquam non. Vel commodi eum sequi quisquam.','Unde voluptate beatae tempore et sunt. Et ipsam commodi consequatur recusandae illum voluptatum. Voluptate ut at sint maxime vel. Dolores sit similique facilis cumque quidem et.','2015-07-10'),(148,87,'Qui sed similique ea labore.','Libero aliquam deserunt unde nihil illo ipsam vero. Quis dignissimos rerum assumenda aut. Tempore officiis facilis reprehenderit aperiam eum molestiae. Aliquid quo at id unde.','Quo modi nemo molestiae similique. Non corporis libero sit laborum cumque sint aut doloribus. Ut numquam omnis porro omnis fugiat qui fugit. Est et qui perferendis et sit.','2014-12-11'),(149,41,'Ut ipsum exercitationem voluptas libero est sed.','Quis esse doloribus a autem aspernatur nihil asperiores. Voluptatem et vitae quia et repellat harum dolorem ipsum. Atque fugit aspernatur a quos officiis. Voluptas quae voluptate quo numquam vel ut.','Adipisci quo saepe velit esse aspernatur. Nobis architecto eligendi aut incidunt odit. Pariatur et odit odit laboriosam qui sed ratione. Quia ut vel enim laborum exercitationem.','2018-10-23'),(150,72,'Sit inventore nam delectus dicta.','Autem sed ut omnis dicta. Aut quibusdam doloremque natus. Non rerum voluptatem alias itaque culpa. Tempore ut et explicabo et et tempora eos.','Accusamus ipsa et tempora facere reprehenderit esse nam. Esse aut minima deserunt accusamus qui. Exercitationem libero sapiente enim fugit reprehenderit consequatur.','2012-11-25'),(151,53,'Delectus nisi omnis neque est facere sunt.','Voluptatem assumenda fuga aut ullam tempora dolor earum. Voluptate alias modi recusandae voluptas. Voluptatem asperiores eos molestiae tenetur.','Sequi id quod quidem est hic necessitatibus. Quas consectetur saepe aut possimus aut ex rerum.','2017-03-16'),(152,102,'Libero esse eum voluptatem.','Eveniet deserunt non sed non dolores velit consectetur. Minus ab in mollitia libero quia non expedita. Minus incidunt itaque impedit recusandae explicabo magnam repudiandae. Eveniet iure et enim cupiditate perspiciatis et. Minus eligendi aspernatur ducimus quia.','Est voluptatem corporis et consequatur. Eum consequuntur possimus ex illum eligendi fugit nobis. Saepe ut quia corporis. Nihil minus tempora beatae nihil sed aliquam.','2012-08-02'),(153,46,'Soluta quae vero nemo quod amet placeat quaerat optio.','Qui voluptatibus officiis magnam. Nostrum magnam autem sed. Velit et amet non laborum adipisci reprehenderit nesciunt dolor. Deserunt voluptates quas facilis laborum ut.','Sint voluptas dolorem culpa officia sit. Alias accusantium a quas non voluptatem eum. Nam voluptatem ea sunt debitis est dicta.','2018-03-20'),(154,53,'Ut qui a molestiae et.','Voluptas corrupti quo voluptatem expedita distinctio. Praesentium odio dolor harum quibusdam voluptate tenetur aspernatur officia. Possimus nihil qui exercitationem deleniti enim repellat. Aut laudantium non perferendis assumenda sit.','Laboriosam beatae unde dolor ducimus nostrum culpa. Est nihil rerum corporis ab suscipit aut eos incidunt. Et qui exercitationem accusantium quibusdam. Delectus alias tenetur dolor ipsum deserunt.','2010-09-10'),(155,69,'Et cum sequi nulla totam.','Ullam quae porro sed quis est enim. Perferendis occaecati architecto et et nulla. Quos earum sed est. Alias neque sint amet eum fugiat.','Blanditiis voluptate dolor delectus est corporis. Dolor aut vitae consectetur inventore sed ipsa.','2013-11-06'),(156,48,'Quos inventore culpa voluptatem totam voluptas.','Minus excepturi consequatur amet doloribus nihil consectetur eos. Ad labore reprehenderit et quas sit repellat dolorem veritatis. Perspiciatis ut voluptas iure in inventore eveniet quis. Numquam sequi nostrum quasi.','Nobis architecto qui mollitia placeat. Quia quisquam tenetur quo tenetur. Error porro qui quo quo et.','2010-04-10'),(157,86,'Accusantium laboriosam nihil quis.','Unde et accusantium corporis sed aut sequi quod. Earum nam corporis optio accusantium repellendus et. Voluptatem neque quos sed qui quos. Totam quis quo molestias optio deserunt est.','Vel ratione aut perferendis sed. Autem velit nisi soluta quo fugiat. Quidem est qui corporis dolor.','2011-10-01'),(158,145,'Hic ut inventore labore excepturi voluptatibus possimus sit.','Consequatur reiciendis deserunt ut eligendi voluptatem rerum nulla. Quod qui et ducimus. Et dolorum ducimus molestias illum. Eligendi explicabo quidem modi et voluptatem. Quis aut illum vel et ea.','Officiis dolores molestiae illum soluta. Quis praesentium quod quia quasi id exercitationem id.','2020-02-20'),(159,55,'Vel autem dolor non laudantium sed odio.','Molestias quasi fugiat et maxime velit molestiae quod. Quidem eos nihil et error odio inventore officia molestiae. Aut quas culpa repudiandae quasi. Dolore consequatur eaque consequatur rerum necessitatibus harum vero.','Sunt ducimus et voluptatem quo. Qui quasi magnam rerum quia autem. Est culpa necessitatibus autem praesentium enim. Eum accusamus voluptatem placeat.','2014-07-07'),(160,115,'Dolor distinctio dicta velit sit.','Ipsa rerum rerum accusamus vero id rerum. Ut eligendi error ut ducimus. Culpa perspiciatis mollitia dolorem suscipit dolore earum. Temporibus porro alias quo voluptas modi voluptate.','Ab delectus libero nihil quia provident qui non. Ea molestias tempore unde optio vel eos. Autem sunt rerum quia nam reiciendis. Ducimus similique ab ipsa laborum.','2019-01-02'),(161,12,'Modi veritatis sunt amet quisquam laboriosam vitae quia.','Est ut aspernatur occaecati perspiciatis. Et non illum sit aut iste totam. Neque natus iusto veritatis sed mollitia sunt.','Nemo eaque sint quibusdam inventore eveniet. Excepturi sunt tempore ex nihil et vitae libero.','2019-07-25'),(162,148,'Quam tempore officiis repellendus mollitia laudantium commodi.','Sed animi voluptatem aperiam error sunt. Sit est culpa excepturi temporibus. Et sed ut sapiente sit. Ut repudiandae corporis aut quia.','Aut molestias ullam eum deserunt necessitatibus non qui. Corrupti ducimus excepturi inventore in quia officiis. Ut provident recusandae ad et.','2010-12-21'),(163,33,'Necessitatibus perferendis quos accusantium vel officiis ut.','Architecto non aut eveniet nemo rem sit. Error itaque nobis aut illum et. Et blanditiis recusandae nobis omnis.','Asperiores quod et ipsum perferendis fugiat harum. Qui ut sed sequi ipsam. Velit magni quaerat sint in aut. Saepe optio placeat beatae labore.','2014-11-16'),(164,10,'Expedita quia est quas numquam alias enim.','Dolores exercitationem ipsa quidem iste quia. Omnis adipisci harum voluptatem aspernatur. Delectus praesentium vel dicta recusandae aliquid dolorum aperiam. Iure iste eum voluptatem aperiam saepe possimus.','Omnis in nostrum quia sint commodi. Laudantium aspernatur et deserunt dolor quas quia ducimus.','2011-02-15'),(165,117,'Blanditiis corrupti quia aspernatur debitis consequuntur illum tempora.','Dolorum rem quos nulla accusamus iure officiis tenetur. Fugit qui necessitatibus autem earum. Assumenda architecto et recusandae hic repellat.','Velit nesciunt alias et aut quam illum. Hic dolores provident sint velit quasi ut dicta. Alias odit impedit impedit delectus eius est. Dolorum quia in quas corporis ea quam ea.','2014-07-14'),(166,9,'Voluptatem facilis sit rerum magnam ea beatae sequi.','Delectus ut distinctio hic et itaque ea tenetur. Tempora quia et placeat eligendi dolor officia ut. Accusamus facere odio illum debitis dignissimos unde suscipit.','Commodi soluta qui libero dolores. Sit repellendus perspiciatis eius nobis. Non porro voluptatem atque dolorem repellat maiores. Dolorem explicabo molestias aut quos et aut quis blanditiis.','2016-12-29'),(167,127,'Velit maiores laudantium omnis cum quia quis voluptatibus.','Dolorem qui asperiores velit quisquam saepe accusamus. Pariatur consequuntur eaque error. Harum itaque aut recusandae nemo in officiis.','Soluta nemo omnis aspernatur autem voluptatem molestiae qui. Recusandae itaque sit dolores ipsam voluptatem vel qui. Dolores velit incidunt et et. Magnam non consequatur ipsa modi.','2012-04-26'),(168,25,'Quia sit eius voluptatem.','Et deserunt voluptate pariatur. Libero minus beatae animi soluta qui similique. Quod perspiciatis modi magni aperiam quas autem nihil.','Voluptas repudiandae dignissimos rem assumenda vitae. Est delectus quidem et totam eum et sed. Est molestiae dolores voluptate quibusdam facilis.','2020-02-17'),(169,37,'Excepturi enim eius quia mollitia repellendus officia.','Asperiores ipsum qui est et sed amet fugit. Asperiores nostrum similique quo amet. Fuga porro aliquam ea.','Iusto omnis sint ipsam ea. Ducimus incidunt aut sapiente illum nihil quas rerum eos.','2018-09-03'),(170,59,'Libero quia consequatur non nulla.','Et modi neque sed commodi. Vel vel quae nostrum. Magnam dolores cumque nihil est et dolore qui. Et qui enim alias voluptatum adipisci minus.','Commodi aliquid nemo incidunt distinctio. Minima reprehenderit natus dolor voluptatem incidunt sit. Aut in mollitia nam fuga corporis accusamus recusandae.','2016-05-07'),(171,128,'Assumenda ea et aliquid adipisci.','Officia porro accusamus architecto omnis voluptates minima est reprehenderit. Quas molestias sint nesciunt. Nobis eius voluptate dolorem dicta velit. Dolore blanditiis autem dolores quidem eius distinctio.','Qui nisi autem ullam modi voluptas non excepturi autem. Fugiat dicta consequuntur et ut est est. Ut recusandae beatae aperiam ullam sit unde. Eos ea et numquam voluptas sit quia.','2018-06-27'),(172,67,'Recusandae minus rerum ducimus commodi illo repellat.','Eius iusto nemo voluptate iure error. Quas magnam laboriosam quia eos quod. Voluptatum exercitationem aperiam voluptatem aliquam sint qui. Id minima cum commodi suscipit dicta impedit.','Quos nulla voluptatem quis et facere molestias qui. Et aspernatur aut non accusantium. Nihil iste in animi quaerat sunt beatae voluptas. Dolor rerum aspernatur quas nihil.','2012-10-18'),(173,127,'Et dolores qui et numquam totam consectetur dignissimos repellat.','Quo quas voluptatem dolores et quia. Dolores aut adipisci sunt. Quaerat qui pariatur maxime autem. Aspernatur rem quaerat dolorum vitae.','Perspiciatis sequi earum asperiores ut libero. Cum iure placeat quisquam.','2018-08-21'),(174,91,'Culpa repellendus sapiente unde rerum.','Quia sed odio et officiis. Dolorum facilis itaque voluptas id. Et deserunt dolores aut dolor nesciunt. Voluptatem vel sed optio aut. Libero vitae quidem maiores quas enim ut ut aut.','Dolorem id maiores eveniet omnis perferendis qui itaque. Consequuntur ratione aspernatur itaque.','2018-02-28'),(175,56,'Ullam voluptatem aut consequatur dolor.','Facere excepturi autem quasi saepe at asperiores. Et nostrum voluptatem assumenda nobis. Dicta blanditiis est alias nam. Quidem et quaerat quod nam sed corporis qui.','Non et facere voluptatem maiores quae eius placeat. Totam laudantium quibusdam placeat. Dolores recusandae autem illum.','2018-07-27'),(176,105,'Harum inventore nihil omnis assumenda vel animi.','Itaque possimus perferendis ea et. Doloribus animi animi eum eos vitae. Nostrum dolores ipsum cupiditate voluptatem. Quia rerum voluptatem qui unde.','Asperiores beatae nihil esse reiciendis aperiam. Enim illum dolorem hic et minus quidem eos. Nobis voluptas incidunt aut repudiandae perspiciatis.','2010-08-13'),(177,52,'Voluptatum repudiandae architecto quas enim.','Rerum rerum aut nulla qui sed dolores. Et quibusdam illo sed dolorum reprehenderit quia laboriosam.','Voluptatem perferendis sed omnis sunt id iste eligendi quis. Ut cum corrupti deleniti omnis. Ratione assumenda temporibus aut ut quae sed et.','2015-11-06'),(178,82,'Quibusdam esse eligendi nisi itaque qui.','Exercitationem at et ipsa similique omnis animi consequatur. Corrupti tempore voluptate voluptatibus et voluptas. Dolorum et maxime omnis consequuntur nihil et nemo. Tenetur iste qui quam labore.','Deleniti velit odit nemo hic sed. Id ducimus ab dolorem velit maiores iure. Iure nobis doloremque et soluta in nihil voluptas. Cupiditate et commodi numquam dolorem voluptas asperiores.','2020-03-13'),(179,38,'Cupiditate aut beatae animi id distinctio vero.','Fugit adipisci cumque culpa impedit quia ut laborum. Qui omnis aut soluta accusantium laborum velit et. Et non eligendi laborum eligendi commodi. Doloribus expedita sunt neque id. Iusto accusamus sed ut rerum.','Atque in est ut et. Velit et at qui veritatis sit. Eaque et consequatur officiis et dolore. Consequatur ut asperiores exercitationem sint.','2018-11-13'),(180,52,'Voluptatem unde ex nihil assumenda quisquam qui et.','Officia suscipit similique consequatur repellat aperiam perferendis corrupti. Nihil doloribus et quo similique. Officiis voluptatum non deleniti provident ut amet et. Ut sed laboriosam aut et.','Alias ipsam doloremque incidunt accusamus veniam ut. Accusantium est atque id nobis non cumque delectus numquam.','2012-08-23'),(181,35,'Repellendus temporibus et veniam adipisci officiis provident corrupti.','Alias sequi qui est enim. Nesciunt consequatur voluptatibus voluptatum sint. Ea perferendis voluptatem ipsa sunt autem officiis. Dolores repellat tempora reiciendis autem earum.','Saepe alias debitis aut pariatur laboriosam. Magni qui aliquid facere cupiditate maxime rerum laborum. Ipsam labore quaerat deleniti aut porro. Sed eligendi exercitationem voluptate quo ad labore.','2019-07-06'),(182,138,'Ut perferendis voluptatibus laudantium ut vero illum mollitia.','Aspernatur atque voluptatem illo enim et libero error. Porro est provident sapiente voluptas est. Voluptatem deleniti voluptate et atque voluptatibus.','Accusantium laudantium officia vel beatae. Et nihil beatae fuga est. Placeat debitis et maxime qui laudantium. Quibusdam tenetur consequuntur qui sint.','2018-11-22'),(183,75,'Nihil sed doloremque nostrum qui sint.','Aliquam ipsum unde praesentium iste. Non quia id voluptas eos nihil deleniti voluptatem. Quod sit ut ad expedita nesciunt et. Necessitatibus qui quos iste ea voluptas quia placeat.','Repellat minima at harum a. Harum minima sunt nobis voluptas ratione eveniet deleniti. Voluptas aut dolor ea eos modi. Assumenda vitae blanditiis mollitia qui enim.','2013-04-06'),(184,19,'Laudantium magnam pariatur aut ut rerum enim officiis est.','Temporibus facere vero ad et voluptatem suscipit. Ea dolorum cumque libero. Delectus corrupti voluptas et deserunt accusamus cumque dicta adipisci. Quod aut totam dolorem et at voluptates quos.','Earum nisi enim nesciunt accusamus perferendis ad. Vel ullam corrupti veniam. Cumque quae ea repudiandae aut ullam corporis eveniet nisi. In maiores quae tempora voluptates praesentium quae.','2018-11-19'),(185,52,'Expedita hic aut quas animi ex.','Aut laborum sunt est illo. In aspernatur qui sed omnis nihil quo. Dolor deserunt aut ut eos natus iure ut. Delectus deserunt quia sapiente id aliquam rerum doloribus nobis.','Nobis autem unde ipsum suscipit. Accusantium dolore voluptates modi nisi sit assumenda dignissimos.','2012-04-30'),(186,121,'Totam nemo modi nobis consectetur magnam.','Aut consectetur beatae soluta harum est. Nihil non libero nulla ut et. Modi et aliquid soluta in. Quod dolores dolorem eligendi nisi voluptates sed corporis.','Vel facere labore praesentium ut quia aut labore. Reiciendis magni nam fugiat commodi voluptas fugit. Incidunt minus consequatur distinctio voluptas dolor eos.','2012-08-07'),(187,73,'Quis illo in omnis ullam quae.','Ut dolorem assumenda rerum ad. Id enim quidem quia magnam quia et. Architecto ab error accusamus veniam perferendis in.','Vel cupiditate asperiores autem. Qui eum amet odio cupiditate. Minus repudiandae cumque eum eaque excepturi et maxime sit.','2017-11-29'),(188,94,'Minima voluptas eos ipsum voluptatem.','Molestiae maiores hic quo minima minus sunt ex. Sequi voluptates molestiae quia provident quisquam aliquid veniam. Laborum totam iusto ab quae sit harum illum. Fugiat libero rem distinctio repellat quas qui.','Est quo non quas nobis numquam et. Consequatur in earum soluta ut. Consequuntur dolores sequi blanditiis ex quia natus.','2013-12-25'),(189,70,'Corrupti iure dolor explicabo enim cupiditate maxime et.','Assumenda perspiciatis esse praesentium odit dolore. Omnis quaerat deserunt soluta quas id modi reiciendis. Exercitationem voluptas soluta cum dignissimos repellendus.','Est aperiam corporis eos in excepturi. Facilis voluptas laudantium ut iure aut. Ea corporis facilis aliquid qui quisquam. Iusto maxime voluptas eius ratione qui qui omnis.','2011-08-13'),(190,143,'Praesentium aut molestiae et sunt aut modi.','Et possimus atque nulla. Sed exercitationem qui a in. Beatae est rerum sed in sit. Esse architecto exercitationem qui excepturi ipsa.','Cum omnis sapiente porro vel. Culpa nemo quidem quisquam suscipit illo rerum modi. Et reiciendis eligendi modi voluptatibus numquam ut.\nUt esse earum qui soluta. In ut debitis in ex eaque.','2016-10-19'),(191,109,'Repellat enim quasi sed.','Aut omnis est sapiente consequatur aut enim animi. Qui quae excepturi totam animi ipsa voluptatem aspernatur. Omnis similique delectus alias. Quis consequuntur consequuntur vel voluptatum non ex atque maiores.','Vero officia et occaecati nisi. Aliquam autem eum a qui.','2013-03-24'),(192,18,'Repellendus officiis laborum amet et.','Amet similique esse voluptatibus fuga. Eaque sunt rerum asperiores magnam quia temporibus. Voluptas expedita nihil voluptatum ducimus.','Voluptas veritatis commodi odit aliquid laudantium. Libero ut velit repellendus. Vitae voluptas architecto laborum quae maxime et delectus. Non consequatur cum quidem voluptas nam quis.','2014-03-28'),(193,135,'Impedit provident tempore voluptatem nihil earum qui.','Quae qui perspiciatis et sint et. Ipsam sed exercitationem cum modi itaque. Tempore omnis soluta ipsum laudantium facere minus voluptatum. Neque impedit qui nisi iusto ea. Sint ut dolores non voluptas enim quod a.','Omnis omnis minus temporibus id molestiae vel necessitatibus. Aliquam libero occaecati qui vitae sit. Hic ipsam eos vel eos laudantium corrupti.','2019-06-15'),(194,3,'Repellendus nam aut ab amet.','At molestias aliquam doloremque occaecati repudiandae fugit quisquam. Tempora laudantium consequatur quis vero. Iste rerum temporibus minima dolorem.','Maxime et similique rerum cum perferendis ut magnam. Fugit voluptas aut deserunt omnis aut cupiditate. Cumque explicabo excepturi dolorum harum perspiciatis accusamus quas voluptas.','2014-06-28'),(195,117,'Id dolores ad voluptatem officia.','Beatae enim vel laborum quam dolorem nemo omnis. Id aliquid alias molestias qui deleniti vero dolores officiis. Suscipit suscipit cupiditate eius amet aperiam ut ut.','Voluptate eum omnis eos aut ducimus. Qui sapiente illum nemo qui eligendi in dolores. Quis esse harum reiciendis nesciunt aut sit nihil omnis.','2013-04-05'),(196,74,'Ea amet nulla provident quia.','Et accusantium quisquam mollitia nisi blanditiis ad dolor. Quia alias accusantium nihil et labore eligendi quia. Similique omnis necessitatibus eos facere.','Quidem dolores corporis inventore officiis esse cupiditate et. Minus sed recusandae ratione nulla debitis magnam minus. Ut voluptatem atque qui pariatur quo nemo.','2012-09-28'),(197,75,'Veniam eum aperiam cum veritatis sunt a a.','Dolor consequuntur quos eveniet. Quasi sunt aliquam quia ipsam. Consequatur corporis laudantium aut ut.','Consequuntur harum aperiam rerum accusamus nemo. Et eius temporibus tempore et. Quis mollitia accusantium ullam qui repellendus. Quia eos eveniet illum suscipit ipsam in non saepe.','2011-07-17'),(198,79,'Dicta est quia quas rerum quaerat iste temporibus.','Dolorem deleniti dolorum velit laudantium occaecati corporis repellat veniam. Illum quo earum pariatur magni et iste. Et aut dolores maiores sapiente. Et qui temporibus rerum numquam voluptas excepturi provident.','Molestias expedita quis quia dolore nobis numquam ea. Voluptatum id explicabo nesciunt ipsum debitis. Fuga dignissimos veniam quasi vero blanditiis at ipsum. Quas et aperiam nisi.','2014-06-21'),(199,48,'Ex optio quidem incidunt sequi est ut.','Similique perspiciatis soluta omnis sed iusto. Quo molestiae odio consequatur sint et qui. Est quis laudantium laboriosam et.','Non hic reiciendis ad. Rerum quia aut id quis deleniti voluptate qui.','2014-02-04'),(200,145,'Est deleniti esse ipsa autem.','At ea molestiae cum tenetur. Ipsam velit ut reiciendis. Quos quo enim sunt numquam minus.','Asperiores minima dolor eius minima. Eligendi quisquam rem exercitationem eos debitis iste.','2020-03-14');
/*!40000 ALTER TABLE `posts` ENABLE KEYS */;
UNLOCK TABLES;

--
-- Table structure for table `profiles`
--

DROP TABLE IF EXISTS `profiles`;
/*!40101 SET @saved_cs_client     = @@character_set_client */;
/*!50503 SET character_set_client = utf8mb4 */;
CREATE TABLE `profiles` (
  `user_id` int unsigned NOT NULL,
  `gender` char(1) CHARACTER SET utf8 COLLATE utf8_unicode_ci NOT NULL,
  `birthday` date DEFAULT NULL,
  `city` varchar(100) CHARACTER SET utf8 COLLATE utf8_unicode_ci DEFAULT NULL,
  `country` varchar(100) CHARACTER SET utf8 COLLATE utf8_unicode_ci DEFAULT NULL,
  `photo_id` int unsigned DEFAULT NULL,
  `created_at` datetime DEFAULT CURRENT_TIMESTAMP,
  `updated_at` datetime DEFAULT CURRENT_TIMESTAMP ON UPDATE CURRENT_TIMESTAMP,
  PRIMARY KEY (`user_id`),
  KEY `profiles_photo_id_fk` (`photo_id`),
  CONSTRAINT `profiles_photo_id_fk` FOREIGN KEY (`photo_id`) REFERENCES `media` (`id`) ON DELETE SET NULL,
  CONSTRAINT `profiles_user_id_fk` FOREIGN KEY (`user_id`) REFERENCES `users` (`id`) ON DELETE CASCADE
) ENGINE=InnoDB DEFAULT CHARSET=utf8 COLLATE=utf8_unicode_ci;
/*!40101 SET character_set_client = @saved_cs_client */;

--
-- Dumping data for table `profiles`
--

LOCK TABLES `profiles` WRITE;
/*!40000 ALTER TABLE `profiles` DISABLE KEYS */;
INSERT INTO `profiles` VALUES (1,'f','2013-02-15','Skilesborough','Western Sahara',107,'2019-10-08 16:28:54','2020-04-09 13:08:26'),(2,'f','1989-12-31','Port Earnestine','Somalia',73,'2019-10-07 13:03:03','2020-04-09 13:08:26'),(3,'f','2008-02-15','Runtemouth','Japan',43,'2019-08-16 12:38:01','2020-04-09 13:08:26'),(4,'f','2001-11-29','Yostshire','Faroe Islands',146,'2020-03-07 23:19:00','2020-04-09 13:08:26'),(5,'f','2013-10-28','Hayestown','Macedonia',150,'2019-10-03 02:35:10','2020-04-09 13:08:26'),(6,'f','1994-01-06','North Syblemouth','United Arab Emirates',12,'2019-08-06 16:20:37','2020-04-09 13:08:26'),(7,'m','1996-11-16','New Everardo','Zambia',60,'2019-06-27 11:23:14','2020-04-09 13:08:26'),(8,'m','1994-11-09','Port Lesly','Egypt',111,'2019-12-25 18:07:20','2020-04-09 13:08:26'),(9,'m','1976-03-26','Dickensshire','Hungary',78,'2019-11-30 23:04:01','2020-04-09 13:08:26'),(10,'m','2003-01-07','Port Santino','Denmark',55,'2020-01-05 21:59:08','2020-04-09 13:08:26'),(11,'m','1986-12-10','Bogisichton','Bhutan',39,'2019-07-26 15:35:52','2020-04-09 13:08:26'),(12,'f','1976-08-19','Jaskolskichester','Cayman Islands',29,'2020-01-08 10:04:13','2020-04-09 13:08:26'),(13,'f','2008-04-16','New Leonard','United States Minor Outlying Islands',28,'2019-12-18 09:08:21','2020-04-09 13:08:26'),(14,'f','2011-06-08','Nelshaven','Haiti',54,'2019-05-30 20:34:24','2020-04-09 13:08:26'),(15,'m','1997-12-24','Velvaville','Samoa',34,'2019-09-12 13:30:18','2020-04-09 13:08:26'),(16,'f','1971-08-04','Port Adelaborough','Ethiopia',6,'2019-04-09 07:20:53','2020-04-09 13:08:26'),(17,'m','2008-10-13','New Eulahaven','United States Minor Outlying Islands',80,'2019-12-30 01:47:14','2020-04-09 13:08:26'),(18,'m','1997-12-06','West Caesarborough','Libyan Arab Jamahiriya',79,'2019-07-06 16:18:23','2020-04-09 13:08:26'),(19,'m','1988-05-11','Blancaberg','Guadeloupe',4,'2019-11-30 05:06:15','2020-04-09 13:08:26'),(20,'m','1986-01-08','Veummouth','Guinea-Bissau',86,'2020-01-26 14:19:21','2020-04-09 13:08:26'),(21,'m','1982-03-24','South Fernfort','Korea',114,'2019-12-11 12:26:51','2020-04-09 13:08:26'),(22,'f','2015-06-08','East Millie','Spain',13,'2019-12-01 05:33:46','2020-04-09 13:08:26'),(23,'m','2003-05-21','Emmerichview','Bolivia',24,'2020-01-21 22:57:06','2020-04-09 13:08:26'),(24,'m','1970-12-06','South Russ','Bhutan',79,'2019-07-31 09:12:10','2020-04-09 13:08:26'),(25,'f','1990-03-10','South Dellburgh','Serbia',21,'2020-01-01 15:56:19','2020-04-09 13:08:26'),(26,'m','1995-05-14','Hirtheborough','Bouvet Island (Bouvetoya)',17,'2019-12-12 10:27:34','2020-04-09 13:08:26'),(27,'m','2017-10-19','Gustaveview','Macedonia',25,'2019-07-08 18:30:00','2020-04-09 13:08:26'),(28,'f','1989-10-08','South Alexaberg','Israel',71,'2019-09-01 03:34:08','2020-04-09 13:08:26'),(29,'m','1977-08-08','Walterchester','Saint Barthelemy',129,'2019-08-18 17:13:14','2020-04-09 13:08:26'),(30,'m','1984-11-02','Ramonafort','Barbados',134,'2019-08-10 22:29:57','2020-04-09 13:08:26'),(31,'m','1972-05-31','New Bellaborough','Angola',130,'2019-10-22 10:35:19','2020-04-09 13:08:26'),(32,'f','2008-04-22','New Lauraberg','Cambodia',97,'2019-12-08 22:24:23','2020-04-09 13:08:26'),(33,'f','2013-05-17','Danykafurt','Lesotho',97,'2019-05-18 07:23:49','2020-04-09 13:08:26'),(34,'f','2013-11-29','Elsieborough','Myanmar',42,'2019-05-16 22:35:57','2020-04-09 13:08:26'),(35,'m','1984-12-15','Osinskiberg','Swaziland',67,'2019-04-26 19:57:49','2020-04-09 13:08:26'),(36,'m','1996-04-22','West Philip','Aruba',61,'2019-05-20 03:21:52','2020-04-09 13:08:26'),(37,'f','2018-04-07','Haleighfort','Martinique',105,'2019-12-14 11:30:31','2020-04-09 13:08:26'),(38,'f','1980-09-22','Mitchellmouth','Denmark',39,'2020-03-16 04:37:52','2020-04-09 13:08:26'),(39,'f','1971-12-15','Steubertown','Saint Kitts and Nevis',28,'2019-08-14 15:49:24','2020-04-09 13:08:26'),(40,'f','1972-03-28','Chesleychester','Italy',24,'2020-01-12 16:02:27','2020-04-09 13:08:26'),(41,'f','1984-12-01','New Judahfort','Micronesia',37,'2019-11-02 03:34:54','2020-04-09 13:08:26'),(42,'f','2013-04-02','Colliertown','Kyrgyz Republic',110,'2019-07-17 13:53:53','2020-04-09 13:08:26'),(43,'m','2004-04-14','Port German','Kyrgyz Republic',140,'2020-02-29 08:11:38','2020-04-09 13:08:26'),(44,'m','1971-08-23','East Jewelside','Eritrea',71,'2019-05-23 11:38:57','2020-04-09 13:08:26'),(45,'m','2012-11-19','Lake Lois','Ukraine',83,'2020-03-14 01:46:20','2020-04-09 13:08:26'),(46,'m','1980-08-09','Raynorton','Azerbaijan',52,'2019-05-03 15:39:49','2020-04-09 13:08:26'),(47,'f','1989-08-23','West Devin','Philippines',12,'2020-02-04 06:22:52','2020-04-09 13:08:26'),(48,'f','2004-09-04','Wisozkfurt','Hong Kong',52,'2019-08-22 08:02:04','2020-04-09 13:08:26'),(49,'m','1990-09-09','Lake Arely','Belgium',74,'2019-12-07 09:57:28','2020-04-09 13:08:26'),(50,'f','2011-10-10','South Abbie','Tajikistan',62,'2019-05-29 10:46:55','2020-04-09 13:08:26'),(51,'f','1984-02-02','North Ardella','Guatemala',87,'2020-02-28 13:25:41','2020-04-09 13:08:26'),(52,'m','2016-10-03','Alanfort','French Southern Territories',101,'2019-10-11 22:48:35','2020-04-09 13:08:26'),(53,'m','1991-11-24','Lake Glennie','Saint Martin',91,'2019-10-26 05:59:23','2020-04-09 13:08:26'),(54,'m','1997-06-10','East Floy','Burkina Faso',2,'2019-11-12 09:44:44','2020-04-09 13:08:26'),(55,'f','1995-12-11','Rogahntown','South Georgia and the South Sandwich Islands',37,'2019-04-01 20:26:01','2020-04-09 13:08:26'),(56,'m','2011-07-27','New Carmelmouth','Oman',29,'2019-11-25 00:46:24','2020-04-09 13:08:26'),(57,'m','1977-06-27','Lake Elliot','Holy See (Vatican City State)',35,'2019-10-12 01:01:17','2020-04-09 13:08:26'),(58,'m','1979-04-09','Braunmouth','Greece',85,'2019-08-06 06:00:04','2020-04-09 13:08:26'),(59,'f','2017-08-05','East Misaelberg','Ethiopia',20,'2020-03-19 00:47:47','2020-04-09 13:08:26'),(60,'f','2004-03-28','Loisbury','Mauritius',144,'2019-10-19 03:53:57','2020-04-09 13:08:26'),(61,'f','1976-02-26','South Arielleview','Thailand',61,'2019-10-20 07:15:27','2020-04-02 21:24:33'),(62,'f','1996-04-16','Tremblaymouth','Antarctica (the territory South of 60 deg S)',20,'2020-01-10 11:55:32','2020-04-09 13:08:26'),(63,'m','1970-05-28','Port Krystinaland','Lesotho',69,'2019-08-20 07:04:08','2020-04-09 13:08:26'),(64,'m','1987-12-10','Port Edmund','Vanuatu',131,'2020-02-22 17:24:53','2020-04-09 13:08:26'),(65,'f','1973-12-01','Davionland','Belarus',1,'2019-04-29 03:41:33','2020-04-09 13:08:26'),(66,'m','2019-09-12','Stammborough','Falkland Islands (Malvinas)',62,'2019-07-30 00:39:23','2020-04-09 13:08:26'),(67,'f','1973-09-13','Verntown','Bahrain',6,'2019-11-13 18:25:31','2020-04-09 13:08:26'),(68,'m','2016-11-25','Lake Caterina','Swaziland',142,'2019-11-17 00:53:39','2020-04-09 13:08:26'),(69,'m','2012-01-05','Alizefurt','Lao People\'s Democratic Republic',92,'2019-04-19 13:34:59','2020-04-09 13:08:26'),(70,'f','1988-02-02','Hettingerview','Gabon',36,'2019-04-30 04:46:06','2020-04-09 13:08:26'),(71,'m','2017-07-28','North Blanchehaven','Slovenia',50,'2020-03-14 07:53:13','2020-04-09 13:08:26'),(72,'f','1988-03-04','New Sherman','Myanmar',144,'2019-12-14 16:23:15','2020-04-09 13:08:26'),(73,'f','1993-03-08','North Edgar','Sudan',119,'2019-05-27 05:18:04','2020-04-09 13:08:26'),(74,'f','2002-09-05','South Oliverborough','Solomon Islands',13,'2019-07-10 06:11:29','2020-04-09 13:08:26'),(75,'m','1983-10-31','Port Cale','Afghanistan',6,'2019-09-26 01:20:05','2020-04-09 13:08:26'),(76,'m','1978-12-04','North Kasey','Algeria',139,'2019-08-15 04:16:37','2020-04-09 13:08:26'),(77,'m','1975-02-21','Selenabury','Serbia',79,'2020-01-08 14:11:50','2020-04-09 13:08:26'),(78,'f','2000-11-10','Stoltenbergbury','Gambia',129,'2019-04-22 08:41:49','2020-04-09 13:08:26'),(79,'m','1975-12-07','Otismouth','Brazil',104,'2020-03-28 00:44:57','2020-04-09 13:08:26'),(80,'m','2004-08-03','Kesslerfurt','Heard Island and McDonald Islands',134,'2019-09-03 01:01:33','2020-04-09 13:08:26'),(81,'f','1978-06-25','New Ilene','American Samoa',58,'2020-02-17 05:58:35','2020-04-09 13:08:26'),(82,'f','1983-05-29','Leannonchester','Uzbekistan',38,'2019-07-19 16:52:57','2020-04-09 13:08:26'),(83,'m','1994-04-24','Michelleview','Singapore',16,'2019-10-07 06:22:25','2020-04-09 13:08:26'),(84,'f','2008-02-12','Hettingerland','Gambia',114,'2019-06-23 14:25:15','2020-04-09 13:08:26'),(85,'m','1985-11-25','North Traceberg','Lao People\'s Democratic Republic',71,'2019-10-28 03:46:05','2020-04-09 13:08:26'),(86,'m','2017-06-21','Lake Cliftonville','Indonesia',12,'2019-04-23 07:55:27','2020-04-09 13:08:26'),(87,'f','2011-01-20','East Erika','Martinique',147,'2019-07-22 00:06:52','2020-04-09 13:08:26'),(88,'f','1971-06-11','Marquardtland','Mauritius',99,'2019-12-13 15:39:54','2020-04-09 13:08:26'),(89,'m','1983-06-03','Adrainside','Anguilla',55,'2020-01-11 21:00:36','2020-04-09 13:08:26'),(90,'f','2018-12-26','Moorefurt','Barbados',125,'2019-08-16 13:59:54','2020-04-09 13:08:26'),(91,'f','2014-10-16','Lockmanborough','Turks and Caicos Islands',9,'2019-12-31 02:41:57','2020-04-09 13:08:26'),(92,'f','1982-03-14','Aliviaborough','Montserrat',120,'2019-07-31 05:08:53','2020-04-09 13:08:26'),(93,'m','2000-02-01','Weimannbury','Cook Islands',121,'2019-11-02 01:37:29','2020-04-09 13:08:26'),(94,'m','1985-02-17','New Gerardburgh','Kazakhstan',95,'2019-04-22 12:05:45','2020-04-09 13:08:26'),(95,'f','1978-08-31','Jaskolskiport','Monaco',113,'2020-03-03 09:17:14','2020-04-09 13:08:26'),(96,'m','1999-03-02','Cristopherfurt','Ukraine',131,'2020-01-28 18:05:31','2020-04-09 13:08:26'),(97,'m','2015-11-28','Jorgeport','Bouvet Island (Bouvetoya)',13,'2020-02-13 07:31:06','2020-04-09 13:08:26'),(98,'m','2016-01-02','North Gunnar','Jordan',121,'2019-04-16 08:57:33','2020-04-09 13:08:26'),(99,'m','2010-11-19','South Arnulfo','Saint Pierre and Miquelon',116,'2020-03-17 12:09:17','2020-04-09 13:08:26'),(100,'f','1997-09-24','West Oranborough','Qatar',67,'2019-11-28 04:00:07','2020-04-09 13:08:26'),(101,'m','2013-07-13','Hoppeton','Greenland',137,'2019-08-09 12:02:26','2020-04-09 13:08:26'),(102,'f','2012-01-28','Edythville','Bangladesh',32,'2019-08-23 23:46:41','2020-04-09 13:08:26'),(103,'m','1987-11-29','Kileyfurt','Tokelau',51,'2019-06-05 16:13:55','2020-04-09 13:08:26'),(104,'m','1998-09-20','New Arianebury','Tunisia',9,'2020-01-07 16:28:51','2020-04-09 13:08:26'),(105,'f','2009-05-06','Kerlukeside','Lao People\'s Democratic Republic',39,'2019-07-23 12:02:10','2020-04-09 13:08:26'),(106,'m','1979-04-25','West Trevionberg','Lithuania',18,'2019-09-14 12:05:46','2020-04-09 13:08:26'),(107,'m','2000-02-07','West Estrella','Chad',121,'2019-12-21 20:27:22','2020-04-09 13:08:26'),(108,'m','2004-04-19','Reillyview','Guinea',104,'2019-12-03 06:42:00','2020-04-09 13:08:26'),(109,'m','1996-07-17','West Lailastad','Wallis and Futuna',4,'2019-08-12 05:30:43','2020-04-09 13:08:26'),(110,'f','1981-12-28','Kiannachester','Denmark',8,'2019-10-08 13:58:09','2020-04-09 13:08:26'),(111,'f','1995-09-01','Gleichnershire','Azerbaijan',27,'2019-05-10 02:05:57','2020-04-09 13:08:26'),(112,'m','1988-08-06','Goldnerfurt','Tanzania',111,'2019-09-01 03:10:32','2020-04-09 13:08:26'),(113,'f','1982-11-23','Corkeryville','United States Virgin Islands',23,'2019-06-18 03:12:14','2020-04-09 13:08:26'),(114,'f','2016-04-12','South Maurine','Rwanda',80,'2019-10-13 01:49:54','2020-04-09 13:08:26'),(115,'f','2011-07-31','Lake Harvey','Nigeria',33,'2019-10-20 10:34:56','2020-04-09 13:08:26'),(116,'f','2020-03-19','Labadietown','Togo',74,'2019-12-31 01:36:29','2020-04-09 13:08:26'),(117,'m','1987-04-06','Lake Berryborough','Benin',121,'2020-02-23 06:36:52','2020-04-09 13:08:26'),(118,'m','1974-12-31','Devinside','Saint Kitts and Nevis',84,'2019-04-11 23:52:22','2020-04-09 13:08:26'),(119,'f','1986-06-20','East Everardoton','Wallis and Futuna',53,'2019-12-18 09:14:06','2020-04-09 13:08:26'),(120,'f','1981-04-27','Lake Jeremie','Palestinian Territory',15,'2020-01-06 09:25:16','2020-04-09 13:08:26'),(121,'m','1995-01-02','Hahnfurt','Bahamas',64,'2020-03-11 18:50:21','2020-04-09 13:08:26'),(122,'m','1993-04-13','Skyeshire','Luxembourg',127,'2020-01-15 02:24:33','2020-04-09 13:08:26'),(123,'f','1997-01-11','Stoneborough','Nauru',139,'2019-04-07 10:19:12','2020-04-09 13:08:26'),(124,'f','1986-07-05','Lake Salmaland','Yemen',16,'2019-06-03 08:29:56','2020-04-09 13:08:26'),(125,'m','2005-08-25','Robelburgh','Seychelles',113,'2019-12-29 08:10:45','2020-04-09 13:08:26'),(126,'f','2005-02-21','Rogahnberg','Falkland Islands (Malvinas)',66,'2020-02-07 15:04:27','2020-04-09 13:08:26'),(127,'f','2016-09-27','Wendellport','Libyan Arab Jamahiriya',140,'2019-06-10 00:32:38','2020-04-09 13:08:26'),(128,'f','1995-05-16','Hiltonland','Guyana',51,'2019-06-29 06:14:24','2020-04-09 13:08:26'),(129,'f','1983-04-05','McDermottstad','Bhutan',136,'2019-11-07 14:23:56','2020-04-09 13:08:26'),(130,'m','1980-07-03','West Candace','Mauritius',78,'2019-08-02 09:07:58','2020-04-09 13:08:26'),(131,'f','2016-03-15','Danielside','Palau',128,'2019-10-06 03:51:39','2020-04-09 13:08:26'),(132,'m','2000-11-30','New Piper','Eritrea',109,'2019-05-21 03:18:26','2020-04-09 13:08:26'),(133,'m','1999-02-02','East Robert','South Africa',8,'2019-06-20 16:32:01','2020-04-09 13:08:26'),(134,'m','2006-08-26','Danikaview','Cayman Islands',12,'2019-07-01 00:57:57','2020-04-09 13:08:26'),(135,'m','1993-11-10','New Graciela','Czech Republic',34,'2019-04-28 03:18:38','2020-04-09 13:08:26'),(136,'m','2012-07-16','West Jessicaland','Italy',136,'2019-09-09 15:06:46','2020-04-02 21:24:33'),(137,'f','1972-07-20','Jasonmouth','Iraq',128,'2019-05-30 05:45:01','2020-04-09 13:08:26'),(138,'f','1988-11-09','Port Callie','Israel',82,'2019-09-13 05:16:12','2020-04-09 13:08:26'),(139,'m','2013-04-02','West Albertmouth','Nigeria',26,'2019-12-06 06:53:10','2020-04-09 13:08:26'),(140,'m','1997-03-12','Lake Maiya','Panama',32,'2019-09-27 16:39:38','2020-04-09 13:08:26'),(141,'f','1972-02-01','South Antwanhaven','Honduras',83,'2020-02-20 07:25:35','2020-04-09 13:08:26'),(142,'f','1994-08-09','Daniellebury','Singapore',17,'2020-01-11 13:13:14','2020-04-09 13:08:26'),(143,'f','2003-12-28','North Imani','Tokelau',135,'2019-06-13 20:12:28','2020-04-09 13:08:26'),(144,'f','2013-07-08','West Piperhaven','Hungary',23,'2019-04-07 06:43:25','2020-04-09 13:08:26'),(145,'m','2013-05-15','Christinastad','Greece',12,'2019-11-24 09:30:16','2020-04-09 13:08:26'),(146,'m','1981-06-06','North Dextertown','Kiribati',138,'2019-11-30 12:03:51','2020-04-09 13:08:26'),(147,'f','1989-06-24','Lolitafurt','Qatar',55,'2019-07-30 23:52:41','2020-04-09 13:08:26'),(148,'m','2005-11-05','West Reuben','Croatia',11,'2020-03-23 09:22:08','2020-04-09 13:08:26'),(149,'f','1982-09-17','North Letitia','Tonga',39,'2019-06-24 00:27:05','2020-04-09 13:08:26'),(150,'f','1991-10-30','New Hesterhaven','Angola',11,'2019-06-25 23:30:01','2020-04-09 13:08:26');
/*!40000 ALTER TABLE `profiles` ENABLE KEYS */;
UNLOCK TABLES;

--
-- Table structure for table `target_types`
--

DROP TABLE IF EXISTS `target_types`;
/*!40101 SET @saved_cs_client     = @@character_set_client */;
/*!50503 SET character_set_client = utf8mb4 */;
CREATE TABLE `target_types` (
  `id` int unsigned NOT NULL AUTO_INCREMENT,
  `name` varchar(255) NOT NULL,
  `created_at` datetime DEFAULT CURRENT_TIMESTAMP,
  PRIMARY KEY (`id`),
  UNIQUE KEY `name` (`name`)
) ENGINE=InnoDB AUTO_INCREMENT=5 DEFAULT CHARSET=utf8mb4 COLLATE=utf8mb4_0900_ai_ci;
/*!40101 SET character_set_client = @saved_cs_client */;

--
-- Dumping data for table `target_types`
--

LOCK TABLES `target_types` WRITE;
/*!40000 ALTER TABLE `target_types` DISABLE KEYS */;
INSERT INTO `target_types` VALUES (1,'messages','2020-04-08 15:49:56'),(2,'users','2020-04-08 15:49:56'),(3,'media','2020-04-08 15:49:56'),(4,'posts','2020-04-08 15:49:56');
/*!40000 ALTER TABLE `target_types` ENABLE KEYS */;
UNLOCK TABLES;

--
-- Table structure for table `users`
--

DROP TABLE IF EXISTS `users`;
/*!40101 SET @saved_cs_client     = @@character_set_client */;
/*!50503 SET character_set_client = utf8mb4 */;
CREATE TABLE `users` (
  `id` int unsigned NOT NULL AUTO_INCREMENT,
  `first_name` varchar(100) CHARACTER SET utf8 COLLATE utf8_unicode_ci NOT NULL,
  `last_name` varchar(100) CHARACTER SET utf8 COLLATE utf8_unicode_ci NOT NULL,
  `email` varchar(120) CHARACTER SET utf8 COLLATE utf8_unicode_ci NOT NULL,
  `phone` varchar(14) COLLATE utf8_unicode_ci NOT NULL,
  `created_at` datetime DEFAULT CURRENT_TIMESTAMP,
  `updated_at` datetime DEFAULT CURRENT_TIMESTAMP ON UPDATE CURRENT_TIMESTAMP,
  PRIMARY KEY (`id`),
  UNIQUE KEY `email` (`email`),
  UNIQUE KEY `phone` (`phone`),
  UNIQUE KEY `phone_2` (`phone`),
  UNIQUE KEY `phone_3` (`phone`),
  UNIQUE KEY `phone_4` (`phone`),
  UNIQUE KEY `phone_5` (`phone`),
  UNIQUE KEY `phone_6` (`phone`),
  UNIQUE KEY `phone_7` (`phone`),
  UNIQUE KEY `phone_8` (`phone`),
  UNIQUE KEY `phone_9` (`phone`),
  UNIQUE KEY `phone_10` (`phone`),
  UNIQUE KEY `phone_11` (`phone`),
  UNIQUE KEY `phone_12` (`phone`),
  UNIQUE KEY `phone_13` (`phone`),
  UNIQUE KEY `phone_14` (`phone`),
  UNIQUE KEY `phone_15` (`phone`),
  UNIQUE KEY `phone_16` (`phone`)
) ENGINE=InnoDB AUTO_INCREMENT=151 DEFAULT CHARSET=utf8 COLLATE=utf8_unicode_ci;
/*!40101 SET character_set_client = @saved_cs_client */;

--
-- Dumping data for table `users`
--

LOCK TABLES `users` WRITE;
/*!40000 ALTER TABLE `users` DISABLE KEYS */;
INSERT INTO `users` VALUES (1,'Rachel','Hagenes','dcassin@example.net','06452629786519','2019-11-25 22:52:51','2020-04-03 14:02:20'),(2,'Kaya','Lubowitz','yo\'reilly@example.org','986-807-291820','2019-09-08 10:39:50','2020-04-03 14:02:20'),(3,'Herbert','Schultz','mya57@example.com','(715)037-76542','2019-05-10 06:32:23','2020-04-03 14:02:20'),(4,'Jessie','Maggio','mclaughlin.owen@example.org','123-762-828250','2019-04-22 10:19:09','2020-04-03 14:02:20'),(5,'David','McClure','pkoss@example.net','922-882-632625','2019-07-18 09:03:59','2020-04-03 14:02:20'),(6,'Bette','Daugherty','hlakin@example.net','612.659.985377','2019-05-31 08:41:51','2020-04-03 14:02:20'),(7,'Ashly','Franecki','liliana61@example.net','446-404-989010','2019-07-04 09:42:20','2020-04-03 14:02:20'),(8,'Fabian','Quitzon','ltorp@example.org','298.999.009922','2019-10-18 05:59:44','2020-04-03 14:02:20'),(9,'Alexander','Crooks','jerde.kasandra@example.com','(878)244-23580','2020-01-08 23:37:49','2020-04-03 14:02:20'),(10,'Audie','Huel','duncan.zieme@example.org','1-457-484-5136','2020-01-02 06:07:46','2020-04-03 14:02:20'),(11,'Coy','Harber','nova.morissette@example.net','719.760.894939','2019-09-20 14:43:44','2020-04-03 14:02:20'),(12,'Aliza','Fahey','rutherford.reinhold@example.net','(751)854-08287','2019-04-25 00:28:08','2020-04-03 14:02:20'),(13,'Barney','Prosacco','nschoen@example.net','1-573-115-7622','2019-08-08 05:01:19','2020-04-03 14:02:20'),(14,'Stan','Padberg','skiles.elvie@example.net','745-742-153251','2019-05-09 15:33:58','2020-04-03 14:02:20'),(15,'Marshall','Wilderman','mackenzie.sauer@example.net','(274)893-61389','2019-10-27 11:26:27','2020-04-03 14:02:20'),(16,'Moriah','Deckow','hodkiewicz.carrie@example.com','+60(2)25775192','2019-05-07 21:12:08','2020-04-03 14:02:20'),(17,'Kole','Satterfield','kschinner@example.net','+40(5)73442795','2019-10-13 20:20:30','2020-04-03 14:02:20'),(18,'Mitchell','Considine','gaetano58@example.org','725-142-916400','2019-06-13 12:47:58','2020-04-03 14:02:20'),(19,'Shanna','Wiegand','tad.morissette@example.com','05797194304617','2019-04-08 23:34:27','2020-04-03 14:02:20'),(20,'Issac','Kreiger','reinger.sven@example.com','06018015722885','2019-04-20 10:02:30','2020-04-03 14:02:20'),(21,'Demarco','Gutmann','howell.dino@example.net','+89(1)17338574','2019-08-06 07:51:00','2020-04-03 14:02:20'),(22,'Lori','Purdy','boyer.zola@example.com','01868121636218','2019-06-28 20:22:34','2020-04-03 14:02:20'),(23,'Diana','Predovic','brandt04@example.org','(858)674-04369','2019-04-19 11:56:43','2020-04-03 14:02:20'),(24,'Giles','Cruickshank','layne48@example.com','+89(0)21262192','2019-06-01 23:30:25','2020-04-03 14:02:20'),(25,'Laurine','Tillman','qromaguera@example.org','391.652.035850','2019-06-15 01:20:10','2020-04-03 14:02:20'),(26,'Ilene','Tromp','mireille.glover@example.com','753.915.393678','2020-01-23 09:32:43','2020-04-03 14:02:20'),(27,'Carolyne','Marvin','lilly.kuhic@example.net','(809)273-88839','2019-09-29 04:33:27','2020-04-03 14:02:20'),(28,'Fleta','Kunde','lwehner@example.org','017.109.685166','2019-08-06 16:31:01','2020-04-03 14:02:20'),(29,'Lelah','Sipes','botsford.katelynn@example.net','1-742-068-7312','2020-03-13 18:13:32','2020-04-03 14:02:20'),(30,'Wilburn','Abbott','medhurst.danika@example.net','(408)287-62063','2019-06-24 15:13:07','2020-04-03 14:02:20'),(31,'Antonia','Bechtelar','bframi@example.com','739-842-785380','2019-10-15 07:24:26','2020-04-03 14:02:20'),(32,'Casimir','Rodriguez','bogisich.dawson@example.org','833-545-771714','2019-04-26 11:32:13','2020-04-03 14:02:20'),(33,'Keira','Robel','joan00@example.net','425-394-519429','2019-11-19 23:43:59','2020-04-03 14:02:20'),(34,'Mallie','Turcotte','torey.will@example.net','926.003.105007','2019-12-10 12:41:08','2020-04-03 14:02:20'),(35,'Kaleb','Sanford','jasmin.hyatt@example.net','(146)762-04749','2019-12-30 12:57:58','2020-04-03 14:02:20'),(36,'Marcelina','Graham','johnston.don@example.org','182-262-047723','2019-06-27 11:23:35','2020-04-03 14:02:20'),(37,'Velma','Hessel','gdibbert@example.com','00317306625370','2019-10-14 08:20:25','2020-04-03 14:02:20'),(38,'Jaden','McKenzie','erik24@example.org','029.186.832681','2019-12-27 05:23:52','2020-04-03 14:02:20'),(39,'Stanton','Fay','madeline59@example.net','1-418-189-5293','2019-05-17 01:14:32','2020-04-03 14:02:20'),(40,'Roslyn','Jast','stroman.meredith@example.com','+58(5)36418427','2020-01-12 05:56:35','2020-04-03 14:02:20'),(41,'Dayton','Schamberger','orn.lucinda@example.org','+13(6)19177256','2019-10-24 09:37:01','2020-04-03 14:02:20'),(42,'Mariam','Herzog','mcrona@example.com','541-265-471001','2019-05-24 13:53:01','2020-04-03 14:02:20'),(43,'Bernadette','Spinka','fanny.macejkovic@example.org','+41(8)33749235','2019-06-20 19:57:24','2020-04-03 14:02:20'),(44,'Lula','Thompson','cdare@example.org','1-433-740-6176','2019-08-18 14:36:42','2020-04-03 14:02:20'),(45,'Ellis','Konopelski','hilpert.virginie@example.com','881-952-222176','2020-03-05 04:13:43','2020-04-03 14:02:20'),(46,'Thelma','Rogahn','theron84@example.net','1-613-868-9352','2019-07-30 18:45:16','2020-04-03 14:02:20'),(47,'Alvina','Windler','samson92@example.net','+93(5)42613234','2020-02-14 19:01:23','2020-04-03 14:02:20'),(48,'Holly','Bergstrom','oferry@example.org','+32(7)85825112','2019-11-26 23:08:39','2020-04-03 14:02:20'),(49,'Wendell','Keebler','whand@example.org','(086)645-15859','2019-08-06 22:24:00','2020-04-03 14:02:20'),(50,'Holden','Deckow','genoveva.russel@example.org','1-447-844-3963','2019-10-13 13:28:24','2020-04-03 14:02:20'),(51,'Beaulah','McDermott','dallin46@example.org','(250)758-11238','2020-03-05 20:37:49','2020-04-03 14:02:20'),(52,'Alessandra','Runolfsdottir','senger.madyson@example.com','466-554-532299','2019-09-13 10:44:20','2020-04-03 14:02:20'),(53,'Mae','Sawayn','aniyah.thiel@example.net','956-239-716780','2019-09-10 06:22:06','2020-04-03 14:02:20'),(54,'Kristopher','Mills','dedric90@example.org','412.958.468008','2020-03-28 11:42:08','2020-04-03 14:02:20'),(55,'Declan','Gerhold','eleanora.bartell@example.com','1-916-376-9701','2020-01-18 15:04:34','2020-04-03 14:02:20'),(56,'Karson','Heathcote','harris.william@example.net','607.388.755483','2019-07-29 20:56:02','2020-04-03 14:02:20'),(57,'Gilbert','Braun','wehner.shannon@example.com','832.067.656311','2019-11-17 02:46:31','2020-04-03 14:02:20'),(58,'Zoey','Lubowitz','alexandria.denesik@example.net','(292)419-55106','2019-11-21 12:50:14','2020-04-03 14:02:20'),(59,'Missouri','King','wunsch.zora@example.org','810-956-465600','2019-05-12 18:40:34','2020-04-03 14:02:20'),(60,'Carolanne','Treutel','leslie05@example.com','468-659-752684','2019-09-07 18:29:26','2020-04-03 14:02:20'),(61,'Jakayla','Gerlach','leuschke.naomi@example.org','(969)709-94618','2019-12-19 15:10:58','2020-04-03 14:02:20'),(62,'Nedra','Kutch','worn@example.org','(739)058-75040','2020-03-06 05:47:50','2020-04-03 14:02:20'),(63,'Louie','Feest','monserrate.yost@example.net','00776050811348','2019-08-31 00:58:18','2020-04-03 14:02:20'),(64,'Kiera','Gorczany','clyde45@example.org','1-697-215-8618','2019-10-23 15:21:03','2020-04-03 14:02:20'),(65,'Braulio','Barton','gernser@example.net','1-393-623-2050','2019-08-01 04:49:09','2020-04-03 14:02:20'),(66,'Ruthie','Lynch','erik41@example.org','+09(0)79581396','2019-09-03 13:48:27','2020-04-03 14:02:20'),(67,'Edna','Kirlin','adan09@example.org','532.030.898829','2019-09-08 20:07:58','2020-04-03 14:02:20'),(68,'Jan','Ritchie','michelle.nicolas@example.net','944-766-252962','2019-04-16 18:05:09','2020-04-03 14:02:20'),(69,'Samantha','Cummerata','hugh54@example.net','01269718695322','2019-12-18 20:17:31','2020-04-03 14:02:20'),(70,'Princess','Welch','denesik.isaac@example.com','(473)321-87724','2019-08-07 00:31:19','2020-04-03 14:02:20'),(71,'Danielle','Hansen','isai.gleason@example.com','1-135-900-3655','2020-02-19 00:56:58','2020-04-03 14:02:20'),(72,'Hettie','Stanton','rita68@example.net','495-896-233105','2019-09-21 19:37:46','2020-04-03 14:02:20'),(73,'Mitchel','Pfannerstill','zita.koss@example.com','1-197-904-3559','2019-08-30 03:35:12','2020-04-03 14:02:20'),(74,'Ocie','Smitham','mona58@example.com','1-012-345-7483','2019-09-09 16:11:59','2020-04-03 14:02:20'),(75,'Sonya','Fritsch','maria.collins@example.com','(558)444-17737','2019-08-06 21:05:15','2020-04-03 14:02:20'),(76,'Holly','Zboncak','aufderhar.hudson@example.net','635.126.576241','2019-04-28 17:52:07','2020-04-03 14:02:20'),(77,'Cecelia','Nolan','nfriesen@example.org','820.972.496992','2019-10-04 05:59:15','2020-04-03 14:02:20'),(78,'Alda','Stamm','taya28@example.org','459-520-986239','2020-02-09 05:10:34','2020-04-03 14:02:20'),(79,'Vanessa','Bruen','rcrist@example.com','013.417.059221','2019-06-09 07:52:20','2020-04-03 14:02:20'),(80,'Monserrate','Cruickshank','stephany.hansen@example.org','208-905-498389','2020-02-15 02:20:19','2020-04-03 14:02:20'),(81,'Bettie','Cremin','rhermiston@example.net','(667)356-64283','2020-01-20 13:03:50','2020-04-03 14:02:20'),(82,'Gerardo','Flatley','rhea.zulauf@example.com','(608)159-94250','2020-01-10 00:14:56','2020-04-03 14:02:20'),(83,'Damion','Barrows','mwiegand@example.net','693.021.797400','2020-01-25 03:59:07','2020-04-03 14:02:20'),(84,'Milan','Casper','wnicolas@example.com','087.630.405251','2020-01-11 00:29:09','2020-04-03 14:02:20'),(85,'Jacklyn','Kuhlman','grimes.jimmie@example.com','577-416-973056','2019-08-29 07:26:23','2020-04-03 14:02:20'),(86,'Sierra','Bergnaum','lonny.bashirian@example.net','(056)096-17527','2019-10-04 06:53:52','2020-04-03 14:02:20'),(87,'Angeline','Toy','kristofer71@example.net','922-798-689470','2019-09-22 06:42:18','2020-04-03 14:02:20'),(88,'Larue','Bergstrom','bernhard.stanley@example.net','210.936.155770','2019-08-12 09:38:06','2020-04-03 14:02:20'),(89,'Leonor','Hills','caleb.weber@example.net','990-846-998440','2019-06-24 01:27:08','2020-04-03 14:02:20'),(90,'Eusebio','Walter','bogan.queenie@example.net','1-093-268-5891','2019-08-13 08:00:38','2020-04-03 14:02:20'),(91,'Cierra','Koss','rice.maryjane@example.com','447.264.573135','2020-03-02 08:47:11','2020-04-03 14:02:20'),(92,'Dudley','Bergnaum','blick.dahlia@example.com','(083)015-06005','2019-08-10 23:38:44','2020-04-03 14:02:20'),(93,'Toney','Moore','johnston.kaylin@example.com','317-767-871619','2020-02-13 10:52:11','2020-04-03 14:02:20'),(94,'Noah','Greenholt','hilma.batz@example.net','993-247-767081','2019-06-09 21:37:04','2020-04-03 14:02:20'),(95,'Raoul','Johnson','roberts.madge@example.net','(390)394-32550','2019-04-26 19:29:44','2020-04-03 14:02:20'),(96,'Kim','Raynor','justus.schumm@example.net','542-100-758507','2019-09-25 03:21:20','2020-04-03 14:02:20'),(97,'Cheyanne','Leuschke','simonis.ashly@example.org','688-480-216887','2019-08-05 21:53:28','2020-04-03 14:02:20'),(98,'Jayce','Wolf','holly83@example.org','(328)485-57914','2019-08-06 09:34:03','2020-04-03 14:02:20'),(99,'Meggie','Lindgren','csmith@example.org','552-002-048913','2019-12-16 02:03:06','2020-04-03 14:02:20'),(100,'Evert','Grimes','hd\'amore@example.com','06889961811826','2019-09-25 22:03:09','2020-04-03 14:02:20'),(101,'Rosina','Gorczany','loren.breitenberg@example.org','(469)615-78385','2019-08-15 13:16:23','2020-04-03 14:02:20'),(102,'Mina','Wolf','thora27@example.org','323-474-248453','2019-07-23 13:33:18','2020-04-03 14:02:20'),(103,'Morris','Swift','ledner.verdie@example.org','778.683.087111','2019-04-15 14:45:41','2020-04-03 14:02:20'),(104,'Garry','Maggio','davis.aron@example.org','696-431-039198','2019-07-03 04:31:17','2020-04-03 14:02:20'),(105,'Aileen','Lebsack','guillermo.hilll@example.org','644.002.085657','2019-04-21 12:25:09','2020-04-03 14:02:20'),(106,'Krista','Harber','casimer.schamberger@example.com','06880218718692','2019-05-05 11:46:57','2020-04-03 14:02:20'),(107,'Justus','Luettgen','marianna.treutel@example.com','03303349297492','2019-07-24 12:43:18','2020-04-03 14:02:20'),(108,'Tad','Langosh','kara.kertzmann@example.net','1-902-282-1387','2019-08-18 04:47:47','2020-04-03 14:02:20'),(109,'Ahmad','Hettinger','kprosacco@example.net','1-872-190-1454','2019-12-23 16:08:31','2020-04-03 14:02:20'),(110,'Mercedes','Purdy','danny.strosin@example.net','425.835.702111','2019-06-25 20:24:58','2020-04-03 14:02:20'),(111,'Hallie','Flatley','newell23@example.org','475.162.175193','2019-09-12 13:06:55','2020-04-03 14:02:20'),(112,'Maud','Boyle','erling.reilly@example.com','763.101.529633','2019-08-28 08:50:18','2020-04-03 14:02:20'),(113,'Janiya','Yundt','darrion.gutmann@example.net','247-525-504590','2019-09-02 07:29:39','2020-04-03 14:02:20'),(114,'John','Mitchell','miller.alford@example.net','+91(5)64532050','2019-04-26 01:24:41','2020-04-03 14:02:20'),(115,'Leo','Prosacco','jamel.osinski@example.com','1-155-011-4482','2019-11-10 06:31:08','2020-04-03 14:02:20'),(116,'Hailee','Ullrich','vherman@example.org','(145)834-96258','2019-08-29 17:45:56','2020-04-03 14:02:20'),(117,'Lesley','Barton','cremin.henderson@example.org','09687865437846','2019-08-30 17:45:04','2020-04-03 14:02:20'),(118,'Zola','Moen','stanton.marcelino@example.net','(669)679-91461','2020-02-19 03:17:13','2020-04-03 14:02:20'),(119,'Era','Mertz','block.germaine@example.org','+69(7)91799763','2020-03-20 20:54:57','2020-04-03 14:02:20'),(120,'Reuben','Swift','batz.margaret@example.org','+02(3)81837435','2019-12-05 05:58:12','2020-04-03 14:02:20'),(121,'Mario','Koss','kbogan@example.com','587.028.036889','2019-06-08 00:15:03','2020-04-03 14:02:20'),(122,'Vergie','Doyle','maci.dickens@example.org','+36(4)74232142','2019-05-08 10:55:36','2020-04-03 14:02:20'),(123,'Ericka','Flatley','theo85@example.com','(027)149-27040','2020-02-18 04:42:21','2020-04-03 14:02:20'),(124,'Nyah','Lynch','fay.percy@example.net','1-835-411-9777','2019-06-25 14:24:24','2020-04-03 14:02:20'),(125,'Myrtice','Jaskolski','casandra.fahey@example.com','440.533.298769','2019-08-04 07:49:15','2020-04-03 14:02:20'),(126,'Clementina','Bailey','schuster.alphonso@example.com','+60(4)45844514','2020-02-25 06:36:48','2020-04-03 14:02:20'),(127,'Zena','Runte','donna49@example.com','+50(1)63854263','2019-10-26 21:34:55','2020-04-03 14:02:20'),(128,'Garret','Rohan','ariel.lynch@example.com','814.929.016773','2019-12-15 08:48:54','2020-04-03 14:02:20'),(129,'Ivah','Beatty','oflatley@example.net','566-149-592080','2019-11-05 17:19:58','2020-04-03 14:02:20'),(130,'Laurianne','Fahey','vincent.franecki@example.org','1-458-998-7080','2019-08-21 22:08:20','2020-04-03 14:02:20'),(131,'Clement','Kutch','zula30@example.com','00162842551163','2019-10-23 13:53:24','2020-04-03 14:02:20'),(132,'Lonnie','Botsford','pebert@example.net','009.764.941572','2019-09-15 04:39:47','2020-04-03 14:02:20'),(133,'Celine','Cummerata','george.cremin@example.org','527.856.363372','2019-04-04 15:45:57','2020-04-03 14:02:20'),(134,'Elva','Bednar','dgibson@example.org','08804432812145','2019-11-16 16:47:57','2020-04-03 14:02:20'),(135,'Athena','Terry','gilberto.christiansen@example.com','(620)974-28609','2019-07-13 14:56:12','2020-04-03 14:02:20'),(136,'Tess','Rowe','skuvalis@example.com','1-361-714-8615','2020-02-09 19:27:08','2020-04-03 14:02:20'),(137,'Berneice','Hoppe','imani51@example.org','07513834317250','2019-06-07 22:18:46','2020-04-03 14:02:20'),(138,'Cynthia','Mohr','hane.elisha@example.org','(913)801-19405','2019-07-17 06:33:48','2020-04-03 14:02:20'),(139,'Kenneth','Gusikowski','valentin13@example.com','378.663.616276','2019-11-18 02:56:53','2020-04-03 14:02:20'),(140,'Hector','Feil','maybell10@example.net','711.323.812165','2020-01-15 17:18:06','2020-04-03 14:02:20'),(141,'Martine','Klein','thora81@example.com','538-759-988997','2019-07-01 09:33:41','2020-04-03 14:02:20'),(142,'Golden','Howe','greenholt.kenny@example.org','+68(4)99251495','2020-02-17 08:40:11','2020-04-03 14:02:20'),(143,'Moriah','Schuppe','yfadel@example.org','1-900-027-6481','2019-07-03 17:09:26','2020-04-03 14:02:20'),(144,'Avery','Crooks','frances19@example.com','1-315-973-8923','2019-06-07 20:39:43','2020-04-03 14:02:20'),(145,'Roslyn','Bahringer','raegan47@example.com','896.235.856173','2019-10-25 22:43:30','2020-04-03 14:02:20'),(146,'Maybelle','Keebler','joseph70@example.org','380-457-773095','2019-09-29 23:16:22','2020-04-03 14:02:20'),(147,'Ramona','Bartell','reinger.elmer@example.net','259-946-324958','2019-11-15 02:17:50','2020-04-03 14:02:20'),(148,'Evelyn','Heaney','guillermo48@example.com','1-737-938-5504','2019-07-07 13:24:55','2020-04-03 14:02:20'),(149,'Webster','Hansen','leonie.harvey@example.com','(788)829-52650','2020-01-19 01:33:45','2020-04-03 14:02:20'),(150,'Meghan','Cole','delilah80@example.com','(921)519-84737','2019-06-01 23:00:18','2020-04-03 14:02:20');
/*!40000 ALTER TABLE `users` ENABLE KEYS */;
UNLOCK TABLES;
/*!40103 SET TIME_ZONE=@OLD_TIME_ZONE */;

/*!40101 SET SQL_MODE=@OLD_SQL_MODE */;
/*!40014 SET FOREIGN_KEY_CHECKS=@OLD_FOREIGN_KEY_CHECKS */;
/*!40014 SET UNIQUE_CHECKS=@OLD_UNIQUE_CHECKS */;
/*!40101 SET CHARACTER_SET_CLIENT=@OLD_CHARACTER_SET_CLIENT */;
/*!40101 SET CHARACTER_SET_RESULTS=@OLD_CHARACTER_SET_RESULTS */;
/*!40101 SET COLLATION_CONNECTION=@OLD_COLLATION_CONNECTION */;
/*!40111 SET SQL_NOTES=@OLD_SQL_NOTES */;

-- Dump completed on 2020-04-10 12:54:04
